date,series_code,value,source,source_url,collected_as_of
1995-01-31,IUMBV34,8.13,bank_of_england_iadb,"https://www.bankofengland.co.uk/boeapps/database/_iadb-fromshowcolumns.asp?csv.x=yes&Datefrom=01/Jan/1975&Dateto=now&SeriesCodes=IUDBEDR,IUMBV34,IUMBV37,IUMBV42,IUMBV45,IUM2WTL,IUM5WTL,IUMTLMV&UsingCodes=Y&VPD=Y&VFD=N",2026-08-10
1995-01-31,IUMBV37,8.84,bank_of_england_iadb,"https://www.bankofengland.co.uk/boeapps/database/_iadb-fromshowcolumns.asp?csv.x=yes&Datefrom=01/Jan/1975&Dateto=now&SeriesCodes=IUDBEDR,IUMBV34,IUMBV37,IUMBV42,IUMBV45,IUM2WTL,IUM5WTL,IUMTLMV&UsingCodes=Y&VPD=Y&VFD=N",2026-08-10
1995-01-31,IUMBV42,9.44,bank_of_england_iadb,"https://www.bankofengland.co.uk/boeapps/database/_iadb-fromshowcolumns.asp?csv.x=yes&Datefrom=01/Jan/1975&Dateto=now&SeriesCodes=IUDBEDR,IUMBV34,IUMBV37,IUMBV42,IUMBV45,IUM2WTL,IUM5WTL,IUMTLMV&UsingCodes=Y&VPD=Y&VFD=N",2026-08-10
1995-01-31,IUMBV45,9.93,bank_of_england_iadb,"https://www.bankofengland.co.uk/boeapps/database/_iadb-fromshowcolumns.asp?csv.x=yes&Datefrom=01/Jan/1975&Dateto=now&SeriesCodes=IUDBEDR,IUMBV34,IUMBV37,IUMBV42,IUMBV45,IUM2WTL,IUM5WTL,IUMTLMV&UsingCodes=Y&VPD=Y&VFD=N",2026-08-10
1995-01-31,IUM5WTL,9.48,bank_of_england_iadb,"https://www.bankofengland.co.uk/boeapps/database/_iadb-fromshowcolumns.asp?csv.x=yes&Datefrom=01/Jan/1975&Dateto=now&SeriesCodes=IUDBEDR,IUMBV34,IUMBV37,IUMBV42,IUMBV45,IUM2WTL,IUM5WTL,IUMTLMV&UsingCodes=Y&VPD=Y&VFD=N",2026-08-10
1995-01-31,IUMTLMV,8.21,bank_of_england_iadb,"https://www.bankofengland.co.uk/boeapps/database/_iadb-fromshowcolumns.asp?csv.x=yes&Datefrom=01/Jan/1975&Dateto=now&SeriesCodes=IUDBEDR,IUMBV34,IUMBV37,IUMBV42,IUMBV45,IUM2WTL,IUM5WTL,IUMTLMV&UsingCodes=Y&VPD=Y&VFD=N",2026-08-10
1995-02-28,IUMBV34,8.38,bank_of_england_iadb,"https://www.bankofengland.co.uk/boeapps/database/_iadb-fromshowcolumns.asp?csv.x=yes&Datefrom=01/Jan/1975&Dateto=now&SeriesCodes=IUDBEDR,IUMBV34,IUMBV37,IUMBV42,IUMBV45,IUM2WTL,IUM5WTL,IUMTLMV&UsingCodes=Y&VPD=Y&VFD=N",2026-08-10
1995-02-28,IUMBV37,8.96,bank_of_england_iadb,"https://www.bankofengland.co.uk/boeapps/database/_iadb-fromshowcolumns.asp?csv.x=yes&Datefrom=01/Jan/1975&Dateto=now&SeriesCodes=IUDBEDR,IUMBV34,IUMBV37,IUMBV42,IUMBV45,IUM2WTL,IUM5WTL,IUMTLMV&UsingCodes=Y&VPD=Y&VFD=N",2026-08-10
1995-02-28,IUMBV42,9.38,bank_of_england_iadb,"https://www.bankofengland.co.uk/boeapps/database/_iadb-fromshowcolumns.asp?csv.x=yes&Datefrom=01/Jan/1975&Dateto=now&SeriesCodes=IUDBEDR,IUMBV34,IUMBV37,IUMBV42,IUMBV45,IUM2WTL,IUM5WTL,IUMTLMV&UsingCodes=Y&VPD=Y&VFD=N",2026-08-10
1995-02-28,IUMBV45,9.96,bank_of_england_iadb,"https://www.bankofengland.co.uk/boeapps/database/_iadb-fromshowcolumns.asp?csv.x=yes&Datefrom=01/Jan/1975&Dateto=now&SeriesCodes=IUDBEDR,IUMBV34,IUMBV37,IUMBV42,IUMBV45,IUM2WTL,IUM5WTL,IUMTLMV&UsingCodes=Y&VPD=Y&VFD=N",2026-08-10
1995-02-28,IUM5WTL,9.41,bank_of_england_iadb,"https://www.bankofengland.co.uk/boeapps/database/_iadb-fromshowcolumns.asp?csv.x=yes&Datefrom=01/Jan/1975&Dateto=now&SeriesCodes=IUDBEDR,IUMBV34,IUMBV37,IUMBV42,IUMBV45,IUM2WTL,IUM5WTL,IUMTLMV&UsingCodes=Y&VPD=Y&VFD=N",2026-08-10
1995-02-28,IUMTLMV,8.33,bank_of_england_iadb,"https://www.bankofengland.co.uk/boeapps/database/_iadb-fromshowcolumns.asp?csv.x=yes&Datefrom=01/Jan/1975&Dateto=now&SeriesCodes=IUDBEDR,IUMBV34,IUMBV37,IUMBV42,IUMBV45,IUM2WTL,IUM5WTL,IUMTLMV&UsingCodes=Y&VPD=Y&VFD=N",2026-08-10
1995-03-31,IUMBV34,8.08,bank_of_england_iadb,"https://www.bankofengland.co.uk/boeapps/database/_iadb-fromshowcolumns.asp?csv.x=yes&Datefrom=01/Jan/1975&Dateto=now&SeriesCodes=IUDBEDR,IUMBV34,IUMBV37,IUMBV42,IUMBV45,IUM2WTL,IUM5WTL,IUMTLMV&UsingCodes=Y&VPD=Y&VFD=N",2026-08-10
1995-03-31,IUMBV37,8.64,bank_of_england_iadb,"https://www.bankofengland.co.uk/boeapps/database/_iadb-fromshowcolumns.asp?csv.x=yes&Datefrom=01/Jan/1975&Dateto=now&SeriesCodes=IUDBEDR,IUMBV34,IUMBV37,IUMBV42,IUMBV45,IUM2WTL,IUM5WTL,IUMTLMV&UsingCodes=Y&VPD=Y&VFD=N",2026-08-10
1995-03-31,IUMBV42,9.33,bank_of_england_iadb,"https://www.bankofengland.co.uk/boeapps/database/_iadb-fromshowcolumns.asp?csv.x=yes&Datefrom=01/Jan/1975&Dateto=now&SeriesCodes=IUDBEDR,IUMBV34,IUMBV37,IUMBV42,IUMBV45,IUM2WTL,IUM5WTL,IUMTLMV&UsingCodes=Y&VPD=Y&VFD=N",2026-08-10
1995-03-31,IUMBV45,9.94,bank_of_england_iadb,"https://www.bankofengland.co.uk/boeapps/database/_iadb-fromshowcolumns.asp?csv.x=yes&Datefrom=01/Jan/1975&Dateto=now&SeriesCodes=IUDBEDR,IUMBV34,IUMBV37,IUMBV42,IUMBV45,IUM2WTL,IUM5WTL,IUMTLMV&UsingCodes=Y&VPD=Y&VFD=N",2026-08-10
1995-03-31,IUM5WTL,9.36,bank_of_england_iadb,"https://www.bankofengland.co.uk/boeapps/database/_iadb-fromshowcolumns.asp?csv.x=yes&Datefrom=01/Jan/1975&Dateto=now&SeriesCodes=IUDBEDR,IUMBV34,IUMBV37,IUMBV42,IUMBV45,IUM2WTL,IUM5WTL,IUMTLMV&UsingCodes=Y&VPD=Y&VFD=N",2026-08-10
1995-03-31,IUMTLMV,8.36,bank_of_england_iadb,"https://www.bankofengland.co.uk/boeapps/database/_iadb-fromshowcolumns.asp?csv.x=yes&Datefrom=01/Jan/1975&Dateto=now&SeriesCodes=IUDBEDR,IUMBV34,IUMBV37,IUMBV42,IUMBV45,IUM2WTL,IUM5WTL,IUMTLMV&UsingCodes=Y&VPD=Y&VFD=N",2026-08-10
1995-04-30,IUMBV34,8.29,bank_of_england_iadb,"https://www.bankofengland.co.uk/boeapps/database/_iadb-fromshowcolumns.asp?csv.x=yes&Datefrom=01/Jan/1975&Dateto=now&SeriesCodes=IUDBEDR,IUMBV34,IUMBV37,IUMBV42,IUMBV45,IUM2WTL,IUM5WTL,IUMTLMV&UsingCodes=Y&VPD=Y&VFD=N",2026-08-10
1995-04-30,IUMBV37,8.54,bank_of_england_iadb,"https://www.bankofengland.co.uk/boeapps/database/_iadb-fromshowcolumns.asp?csv.x=yes&Datefrom=01/Jan/1975&Dateto=now&SeriesCodes=IUDBEDR,IUMBV34,IUMBV37,IUMBV42,IUMBV45,IUM2WTL,IUM5WTL,IUMTLMV&UsingCodes=Y&VPD=Y&VFD=N",2026-08-10
1995-04-30,IUMBV42,9.4,bank_of_england_iadb,"https://www.bankofengland.co.uk/boeapps/database/_iadb-fromshowcolumns.asp?csv.x=yes&Datefrom=01/Jan/1975&Dateto=now&SeriesCodes=IUDBEDR,IUMBV34,IUMBV37,IUMBV42,IUMBV45,IUM2WTL,IUM5WTL,IUMTLMV&UsingCodes=Y&VPD=Y&VFD=N",2026-08-10
1995-04-30,IUMBV45,9.94,bank_of_england_iadb,"https://www.bankofengland.co.uk/boeapps/database/_iadb-fromshowcolumns.asp?csv.x=yes&Datefrom=01/Jan/1975&Dateto=now&SeriesCodes=IUDBEDR,IUMBV34,IUMBV37,IUMBV42,IUMBV45,IUM2WTL,IUM5WTL,IUMTLMV&UsingCodes=Y&VPD=Y&VFD=N",2026-08-10
1995-04-30,IUM5WTL,9.52,bank_of_england_iadb,"https://www.bankofengland.co.uk/boeapps/database/_iadb-fromshowcolumns.asp?csv.x=yes&Datefrom=01/Jan/1975&Dateto=now&SeriesCodes=IUDBEDR,IUMBV34,IUMBV37,IUMBV42,IUMBV45,IUM2WTL,IUM5WTL,IUMTLMV&UsingCodes=Y&VPD=Y&VFD=N",2026-08-10
1995-04-30,IUMTLMV,8.36,bank_of_england_iadb,"https://www.bankofengland.co.uk/boeapps/database/_iadb-fromshowcolumns.asp?csv.x=yes&Datefrom=01/Jan/1975&Dateto=now&SeriesCodes=IUDBEDR,IUMBV34,IUMBV37,IUMBV42,IUMBV45,IUM2WTL,IUM5WTL,IUMTLMV&UsingCodes=Y&VPD=Y&VFD=N",2026-08-10
1995-05-31,IUMBV34,8.22,bank_of_england_iadb,"https://www.bankofengland.co.uk/boeapps/database/_iadb-fromshowcolumns.asp?csv.x=yes&Datefrom=01/Jan/1975&Dateto=now&SeriesCodes=IUDBEDR,IUMBV34,IUMBV37,IUMBV42,IUMBV45,IUM2WTL,IUM5WTL,IUMTLMV&UsingCodes=Y&VPD=Y&VFD=N",2026-08-10
1995-05-31,IUMBV37,8.18,bank_of_england_iadb,"https://www.bankofengland.co.uk/boeapps/database/_iadb-fromshowcolumns.asp?csv.x=yes&Datefrom=01/Jan/1975&Dateto=now&SeriesCodes=IUDBEDR,IUMBV34,IUMBV37,IUMBV42,IUMBV45,IUM2WTL,IUM5WTL,IUMTLMV&UsingCodes=Y&VPD=Y&VFD=N",2026-08-10
1995-05-31,IUMBV42,9.4,bank_of_england_iadb,"https://www.bankofengland.co.uk/boeapps/database/_iadb-fromshowcolumns.asp?csv.x=yes&Datefrom=01/Jan/1975&Dateto=now&SeriesCodes=IUDBEDR,IUMBV34,IUMBV37,IUMBV42,IUMBV45,IUM2WTL,IUM5WTL,IUMTLMV&UsingCodes=Y&VPD=Y&VFD=N",2026-08-10
1995-05-31,IUMBV45,9.94,bank_of_england_iadb,"https://www.bankofengland.co.uk/boeapps/database/_iadb-fromshowcolumns.asp?csv.x=yes&Datefrom=01/Jan/1975&Dateto=now&SeriesCodes=IUDBEDR,IUMBV34,IUMBV37,IUMBV42,IUMBV45,IUM2WTL,IUM5WTL,IUMTLMV&UsingCodes=Y&VPD=Y&VFD=N",2026-08-10
1995-05-31,IUM5WTL,9.53,bank_of_england_iadb,"https://www.bankofengland.co.uk/boeapps/database/_iadb-fromshowcolumns.asp?csv.x=yes&Datefrom=01/Jan/1975&Dateto=now&SeriesCodes=IUDBEDR,IUMBV34,IUMBV37,IUMBV42,IUMBV45,IUM2WTL,IUM5WTL,IUMTLMV&UsingCodes=Y&VPD=Y&VFD=N",2026-08-10
1995-05-31,IUMTLMV,8.36,bank_of_england_iadb,"https://www.bankofengland.co.uk/boeapps/database/_iadb-fromshowcolumns.asp?csv.x=yes&Datefrom=01/Jan/1975&Dateto=now&SeriesCodes=IUDBEDR,IUMBV34,IUMBV37,IUMBV42,IUMBV45,IUM2WTL,IUM5WTL,IUMTLMV&UsingCodes=Y&VPD=Y&VFD=N",2026-08-10
1995-06-30,IUMBV34,7.94,bank_of_england_iadb,"https://www.bankofengland.co.uk/boeapps/database/_iadb-fromshowcolumns.asp?csv.x=yes&Datefrom=01/Jan/1975&Dateto=now&SeriesCodes=IUDBEDR,IUMBV34,IUMBV37,IUMBV42,IUMBV45,IUM2WTL,IUM5WTL,IUMTLMV&UsingCodes=Y&VPD=Y&VFD=N",2026-08-10
1995-06-30,IUMBV37,8.01,bank_of_england_iadb,"https://www.bankofengland.co.uk/boeapps/database/_iadb-fromshowcolumns.asp?csv.x=yes&Datefrom=01/Jan/1975&Dateto=now&SeriesCodes=IUDBEDR,IUMBV34,IUMBV37,IUMBV42,IUMBV45,IUM2WTL,IUM5WTL,IUMTLMV&UsingCodes=Y&VPD=Y&VFD=N",2026-08-10
1995-06-30,IUMBV42,9.01,bank_of_england_iadb,"https://www.bankofengland.co.uk/boeapps/database/_iadb-fromshowcolumns.asp?csv.x=yes&Datefrom=01/Jan/1975&Dateto=now&SeriesCodes=IUDBEDR,IUMBV34,IUMBV37,IUMBV42,IUMBV45,IUM2WTL,IUM5WTL,IUMTLMV&UsingCodes=Y&VPD=Y&VFD=N",2026-08-10
1995-06-30,IUMBV45,9.46,bank_of_england_iadb,"https://www.bankofengland.co.uk/boeapps/database/_iadb-fromshowcolumns.asp?csv.x=yes&Datefrom=01/Jan/1975&Dateto=now&SeriesCodes=IUDBEDR,IUMBV34,IUMBV37,IUMBV42,IUMBV45,IUM2WTL,IUM5WTL,IUMTLMV&UsingCodes=Y&VPD=Y&VFD=N",2026-08-10
1995-06-30,IUM5WTL,9.01,bank_of_england_iadb,"https://www.bankofengland.co.uk/boeapps/database/_iadb-fromshowcolumns.asp?csv.x=yes&Datefrom=01/Jan/1975&Dateto=now&SeriesCodes=IUDBEDR,IUMBV34,IUMBV37,IUMBV42,IUMBV45,IUM2WTL,IUM5WTL,IUMTLMV&UsingCodes=Y&VPD=Y&VFD=N",2026-08-10
1995-06-30,IUMTLMV,8.35,bank_of_england_iadb,"https://www.bankofengland.co.uk/boeapps/database/_iadb-fromshowcolumns.asp?csv.x=yes&Datefrom=01/Jan/1975&Dateto=now&SeriesCodes=IUDBEDR,IUMBV34,IUMBV37,IUMBV42,IUMBV45,IUM2WTL,IUM5WTL,IUMTLMV&UsingCodes=Y&VPD=Y&VFD=N",2026-08-10
1995-07-31,IUMBV34,7.89,bank_of_england_iadb,"https://www.bankofengland.co.uk/boeapps/database/_iadb-fromshowcolumns.asp?csv.x=yes&Datefrom=01/Jan/1975&Dateto=now&SeriesCodes=IUDBEDR,IUMBV34,IUMBV37,IUMBV42,IUMBV45,IUM2WTL,IUM5WTL,IUMTLMV&UsingCodes=Y&VPD=Y&VFD=N",2026-08-10
1995-07-31,IUMBV37,7.97,bank_of_england_iadb,"https://www.bankofengland.co.uk/boeapps/database/_iadb-fromshowcolumns.asp?csv.x=yes&Datefrom=01/Jan/1975&Dateto=now&SeriesCodes=IUDBEDR,IUMBV34,IUMBV37,IUMBV42,IUMBV45,IUM2WTL,IUM5WTL,IUMTLMV&UsingCodes=Y&VPD=Y&VFD=N",2026-08-10
1995-07-31,IUMBV42,8.93,bank_of_england_iadb,"https://www.bankofengland.co.uk/boeapps/database/_iadb-fromshowcolumns.asp?csv.x=yes&Datefrom=01/Jan/1975&Dateto=now&SeriesCodes=IUDBEDR,IUMBV34,IUMBV37,IUMBV42,IUMBV45,IUM2WTL,IUM5WTL,IUMTLMV&UsingCodes=Y&VPD=Y&VFD=N",2026-08-10
1995-07-31,IUMBV45,9.13,bank_of_england_iadb,"https://www.bankofengland.co.uk/boeapps/database/_iadb-fromshowcolumns.asp?csv.x=yes&Datefrom=01/Jan/1975&Dateto=now&SeriesCodes=IUDBEDR,IUMBV34,IUMBV37,IUMBV42,IUMBV45,IUM2WTL,IUM5WTL,IUMTLMV&UsingCodes=Y&VPD=Y&VFD=N",2026-08-10
1995-07-31,IUM5WTL,8.94,bank_of_england_iadb,"https://www.bankofengland.co.uk/boeapps/database/_iadb-fromshowcolumns.asp?csv.x=yes&Datefrom=01/Jan/1975&Dateto=now&SeriesCodes=IUDBEDR,IUMBV34,IUMBV37,IUMBV42,IUMBV45,IUM2WTL,IUM5WTL,IUMTLMV&UsingCodes=Y&VPD=Y&VFD=N",2026-08-10
1995-07-31,IUMTLMV,8.36,bank_of_england_iadb,"https://www.bankofengland.co.uk/boeapps/database/_iadb-fromshowcolumns.asp?csv.x=yes&Datefrom=01/Jan/1975&Dateto=now&SeriesCodes=IUDBEDR,IUMBV34,IUMBV37,IUMBV42,IUMBV45,IUM2WTL,IUM5WTL,IUMTLMV&UsingCodes=Y&VPD=Y&VFD=N",2026-08-10
1995-08-31,IUMBV34,7.99,bank_of_england_iadb,"https://www.bankofengland.co.uk/boeapps/database/_iadb-fromshowcolumns.asp?csv.x=yes&Datefrom=01/Jan/1975&Dateto=now&SeriesCodes=IUDBEDR,IUMBV34,IUMBV37,IUMBV42,IUMBV45,IUM2WTL,IUM5WTL,IUMTLMV&UsingCodes=Y&VPD=Y&VFD=N",2026-08-10
1995-08-31,IUMBV37,7.98,bank_of_england_iadb,"https://www.bankofengland.co.uk/boeapps/database/_iadb-fromshowcolumns.asp?csv.x=yes&Datefrom=01/Jan/1975&Dateto=now&SeriesCodes=IUDBEDR,IUMBV34,IUMBV37,IUMBV42,IUMBV45,IUM2WTL,IUM5WTL,IUMTLMV&UsingCodes=Y&VPD=Y&VFD=N",2026-08-10
1995-08-31,IUMBV42,8.85,bank_of_england_iadb,"https://www.bankofengland.co.uk/boeapps/database/_iadb-fromshowcolumns.asp?csv.x=yes&Datefrom=01/Jan/1975&Dateto=now&SeriesCodes=IUDBEDR,IUMBV34,IUMBV37,IUMBV42,IUMBV45,IUM2WTL,IUM5WTL,IUMTLMV&UsingCodes=Y&VPD=Y&VFD=N",2026-08-10
1995-08-31,IUMBV45,9.19,bank_of_england_iadb,"https://www.bankofengland.co.uk/boeapps/database/_iadb-fromshowcolumns.asp?csv.x=yes&Datefrom=01/Jan/1975&Dateto=now&SeriesCodes=IUDBEDR,IUMBV34,IUMBV37,IUMBV42,IUMBV45,IUM2WTL,IUM5WTL,IUMTLMV&UsingCodes=Y&VPD=Y&VFD=N",2026-08-10
1995-08-31,IUM5WTL,8.92,bank_of_england_iadb,"https://www.bankofengland.co.uk/boeapps/database/_iadb-fromshowcolumns.asp?csv.x=yes&Datefrom=01/Jan/1975&Dateto=now&SeriesCodes=IUDBEDR,IUMBV34,IUMBV37,IUMBV42,IUMBV45,IUM2WTL,IUM5WTL,IUMTLMV&UsingCodes=Y&VPD=Y&VFD=N",2026-08-10
1995-08-31,IUMTLMV,8.36,bank_of_england_iadb,"https://www.bankofengland.co.uk/boeapps/database/_iadb-fromshowcolumns.asp?csv.x=yes&Datefrom=01/Jan/1975&Dateto=now&SeriesCodes=IUDBEDR,IUMBV34,IUMBV37,IUMBV42,IUMBV45,IUM2WTL,IUM5WTL,IUMTLMV&UsingCodes=Y&VPD=Y&VFD=N",2026-08-10
1995-09-30,IUMBV34,7.99,bank_of_england_iadb,"https://www.bankofengland.co.uk/boeapps/database/_iadb-fromshowcolumns.asp?csv.x=yes&Datefrom=01/Jan/1975&Dateto=now&SeriesCodes=IUDBEDR,IUMBV34,IUMBV37,IUMBV42,IUMBV45,IUM2WTL,IUM5WTL,IUMTLMV&UsingCodes=Y&VPD=Y&VFD=N",2026-08-10
1995-09-30,IUMBV37,7.85,bank_of_england_iadb,"https://www.bankofengland.co.uk/boeapps/database/_iadb-fromshowcolumns.asp?csv.x=yes&Datefrom=01/Jan/1975&Dateto=now&SeriesCodes=IUDBEDR,IUMBV34,IUMBV37,IUMBV42,IUMBV45,IUM2WTL,IUM5WTL,IUMTLMV&UsingCodes=Y&VPD=Y&VFD=N",2026-08-10
1995-09-30,IUMBV42,8.57,bank_of_england_iadb,"https://www.bankofengland.co.uk/boeapps/database/_iadb-fromshowcolumns.asp?csv.x=yes&Datefrom=01/Jan/1975&Dateto=now&SeriesCodes=IUDBEDR,IUMBV34,IUMBV37,IUMBV42,IUMBV45,IUM2WTL,IUM5WTL,IUMTLMV&UsingCodes=Y&VPD=Y&VFD=N",2026-08-10
1995-09-30,IUMBV45,9.13,bank_of_england_iadb,"https://www.bankofengland.co.uk/boeapps/database/_iadb-fromshowcolumns.asp?csv.x=yes&Datefrom=01/Jan/1975&Dateto=now&SeriesCodes=IUDBEDR,IUMBV34,IUMBV37,IUMBV42,IUMBV45,IUM2WTL,IUM5WTL,IUMTLMV&UsingCodes=Y&VPD=Y&VFD=N",2026-08-10
1995-09-30,IUM5WTL,8.69,bank_of_england_iadb,"https://www.bankofengland.co.uk/boeapps/database/_iadb-fromshowcolumns.asp?csv.x=yes&Datefrom=01/Jan/1975&Dateto=now&SeriesCodes=IUDBEDR,IUMBV34,IUMBV37,IUMBV42,IUMBV45,IUM2WTL,IUM5WTL,IUMTLMV&UsingCodes=Y&VPD=Y&VFD=N",2026-08-10
1995-09-30,IUMTLMV,8.36,bank_of_england_iadb,"https://www.bankofengland.co.uk/boeapps/database/_iadb-fromshowcolumns.asp?csv.x=yes&Datefrom=01/Jan/1975&Dateto=now&SeriesCodes=IUDBEDR,IUMBV34,IUMBV37,IUMBV42,IUMBV45,IUM2WTL,IUM5WTL,IUMTLMV&UsingCodes=Y&VPD=Y&VFD=N",2026-08-10
1995-10-31,IUMBV34,7.99,bank_of_england_iadb,"https://www.bankofengland.co.uk/boeapps/database/_iadb-fromshowcolumns.asp?csv.x=yes&Datefrom=01/Jan/1975&Dateto=now&SeriesCodes=IUDBEDR,IUMBV34,IUMBV37,IUMBV42,IUMBV45,IUM2WTL,IUM5WTL,IUMTLMV&UsingCodes=Y&VPD=Y&VFD=N",2026-08-10
1995-10-31,IUMBV37,7.85,bank_of_england_iadb,"https://www.bankofengland.co.uk/boeapps/database/_iadb-fromshowcolumns.asp?csv.x=yes&Datefrom=01/Jan/1975&Dateto=now&SeriesCodes=IUDBEDR,IUMBV34,IUMBV37,IUMBV42,IUMBV45,IUM2WTL,IUM5WTL,IUMTLMV&UsingCodes=Y&VPD=Y&VFD=N",2026-08-10
1995-10-31,IUMBV42,8.19,bank_of_england_iadb,"https://www.bankofengland.co.uk/boeapps/database/_iadb-fromshowcolumns.asp?csv.x=yes&Datefrom=01/Jan/1975&Dateto=now&SeriesCodes=IUDBEDR,IUMBV34,IUMBV37,IUMBV42,IUMBV45,IUM2WTL,IUM5WTL,IUMTLMV&UsingCodes=Y&VPD=Y&VFD=N",2026-08-10
1995-10-31,IUMBV45,9.17,bank_of_england_iadb,"https://www.bankofengland.co.uk/boeapps/database/_iadb-fromshowcolumns.asp?csv.x=yes&Datefrom=01/Jan/1975&Dateto=now&SeriesCodes=IUDBEDR,IUMBV34,IUMBV37,IUMBV42,IUMBV45,IUM2WTL,IUM5WTL,IUMTLMV&UsingCodes=Y&VPD=Y&VFD=N",2026-08-10
1995-10-31,IUM5WTL,8.26,bank_of_england_iadb,"https://www.bankofengland.co.uk/boeapps/database/_iadb-fromshowcolumns.asp?csv.x=yes&Datefrom=01/Jan/1975&Dateto=now&SeriesCodes=IUDBEDR,IUMBV34,IUMBV37,IUMBV42,IUMBV45,IUM2WTL,IUM5WTL,IUMTLMV&UsingCodes=Y&VPD=Y&VFD=N",2026-08-10
1995-10-31,IUMTLMV,8.0,bank_of_england_iadb,"https://www.bankofengland.co.uk/boeapps/database/_iadb-fromshowcolumns.asp?csv.x=yes&Datefrom=01/Jan/1975&Dateto=now&SeriesCodes=IUDBEDR,IUMBV34,IUMBV37,IUMBV42,IUMBV45,IUM2WTL,IUM5WTL,IUMTLMV&UsingCodes=Y&VPD=Y&VFD=N",2026-08-10
1995-11-30,IUMBV34,7.99,bank_of_england_iadb,"https://www.bankofengland.co.uk/boeapps/database/_iadb-fromshowcolumns.asp?csv.x=yes&Datefrom=01/Jan/1975&Dateto=now&SeriesCodes=IUDBEDR,IUMBV34,IUMBV37,IUMBV42,IUMBV45,IUM2WTL,IUM5WTL,IUMTLMV&UsingCodes=Y&VPD=Y&VFD=N",2026-08-10
1995-11-30,IUMBV37,7.76,bank_of_england_iadb,"https://www.bankofengland.co.uk/boeapps/database/_iadb-fromshowcolumns.asp?csv.x=yes&Datefrom=01/Jan/1975&Dateto=now&SeriesCodes=IUDBEDR,IUMBV34,IUMBV37,IUMBV42,IUMBV45,IUM2WTL,IUM5WTL,IUMTLMV&UsingCodes=Y&VPD=Y&VFD=N",2026-08-10
1995-11-30,IUMBV42,8.14,bank_of_england_iadb,"https://www.bankofengland.co.uk/boeapps/database/_iadb-fromshowcolumns.asp?csv.x=yes&Datefrom=01/Jan/1975&Dateto=now&SeriesCodes=IUDBEDR,IUMBV34,IUMBV37,IUMBV42,IUMBV45,IUM2WTL,IUM5WTL,IUMTLMV&UsingCodes=Y&VPD=Y&VFD=N",2026-08-10
1995-11-30,IUMBV45,9.06,bank_of_england_iadb,"https://www.bankofengland.co.uk/boeapps/database/_iadb-fromshowcolumns.asp?csv.x=yes&Datefrom=01/Jan/1975&Dateto=now&SeriesCodes=IUDBEDR,IUMBV34,IUMBV37,IUMBV42,IUMBV45,IUM2WTL,IUM5WTL,IUMTLMV&UsingCodes=Y&VPD=Y&VFD=N",2026-08-10
1995-11-30,IUM5WTL,8.2,bank_of_england_iadb,"https://www.bankofengland.co.uk/boeapps/database/_iadb-fromshowcolumns.asp?csv.x=yes&Datefrom=01/Jan/1975&Dateto=now&SeriesCodes=IUDBEDR,IUMBV34,IUMBV37,IUMBV42,IUMBV45,IUM2WTL,IUM5WTL,IUMTLMV&UsingCodes=Y&VPD=Y&VFD=N",2026-08-10
1995-11-30,IUMTLMV,7.96,bank_of_england_iadb,"https://www.bankofengland.co.uk/boeapps/database/_iadb-fromshowcolumns.asp?csv.x=yes&Datefrom=01/Jan/1975&Dateto=now&SeriesCodes=IUDBEDR,IUMBV34,IUMBV37,IUMBV42,IUMBV45,IUM2WTL,IUM5WTL,IUMTLMV&UsingCodes=Y&VPD=Y&VFD=N",2026-08-10
1995-12-31,IUMBV34,7.99,bank_of_england_iadb,"https://www.bankofengland.co.uk/boeapps/database/_iadb-fromshowcolumns.asp?csv.x=yes&Datefrom=01/Jan/1975&Dateto=now&SeriesCodes=IUDBEDR,IUMBV34,IUMBV37,IUMBV42,IUMBV45,IUM2WTL,IUM5WTL,IUMTLMV&UsingCodes=Y&VPD=Y&VFD=N",2026-08-10
1995-12-31,IUMBV37,7.75,bank_of_england_iadb,"https://www.bankofengland.co.uk/boeapps/database/_iadb-fromshowcolumns.asp?csv.x=yes&Datefrom=01/Jan/1975&Dateto=now&SeriesCodes=IUDBEDR,IUMBV34,IUMBV37,IUMBV42,IUMBV45,IUM2WTL,IUM5WTL,IUMTLMV&UsingCodes=Y&VPD=Y&VFD=N",2026-08-10
1995-12-31,IUMBV42,8.13,bank_of_england_iadb,"https://www.bankofengland.co.uk/boeapps/database/_iadb-fromshowcolumns.asp?csv.x=yes&Datefrom=01/Jan/1975&Dateto=now&SeriesCodes=IUDBEDR,IUMBV34,IUMBV37,IUMBV42,IUMBV45,IUM2WTL,IUM5WTL,IUMTLMV&UsingCodes=Y&VPD=Y&VFD=N",2026-08-10
1995-12-31,IUMBV45,9.04,bank_of_england_iadb,"https://www.bankofengland.co.uk/boeapps/database/_iadb-fromshowcolumns.asp?csv.x=yes&Datefrom=01/Jan/1975&Dateto=now&SeriesCodes=IUDBEDR,IUMBV34,IUMBV37,IUMBV42,IUMBV45,IUM2WTL,IUM5WTL,IUMTLMV&UsingCodes=Y&VPD=Y&VFD=N",2026-08-10
1995-12-31,IUM2WTL,7.99,bank_of_england_iadb,"https://www.bankofengland.co.uk/boeapps/database/_iadb-fromshowcolumns.asp?csv.x=yes&Datefrom=01/Jan/1975&Dateto=now&SeriesCodes=IUDBEDR,IUMBV34,IUMBV37,IUMBV42,IUMBV45,IUM2WTL,IUM5WTL,IUMTLMV&UsingCodes=Y&VPD=Y&VFD=N",2026-08-10
1995-12-31,IUM5WTL,8.19,bank_of_england_iadb,"https://www.bankofengland.co.uk/boeapps/database/_iadb-fromshowcolumns.asp?csv.x=yes&Datefrom=01/Jan/1975&Dateto=now&SeriesCodes=IUDBEDR,IUMBV34,IUMBV37,IUMBV42,IUMBV45,IUM2WTL,IUM5WTL,IUMTLMV&UsingCodes=Y&VPD=Y&VFD=N",2026-08-10
1995-12-31,IUMTLMV,7.95,bank_of_england_iadb,"https://www.bankofengland.co.uk/boeapps/database/_iadb-fromshowcolumns.asp?csv.x=yes&Datefrom=01/Jan/1975&Dateto=now&SeriesCodes=IUDBEDR,IUMBV34,IUMBV37,IUMBV42,IUMBV45,IUM2WTL,IUM5WTL,IUMTLMV&UsingCodes=Y&VPD=Y&VFD=N",2026-08-10
1996-01-31,IUMBV34,6.7,bank_of_england_iadb,"https://www.bankofengland.co.uk/boeapps/database/_iadb-fromshowcolumns.asp?csv.x=yes&Datefrom=01/Jan/1975&Dateto=now&SeriesCodes=IUDBEDR,IUMBV34,IUMBV37,IUMBV42,IUMBV45,IUM2WTL,IUM5WTL,IUMTLMV&UsingCodes=Y&VPD=Y&VFD=N",2026-08-10
1996-01-31,IUMBV37,7.08,bank_of_england_iadb,"https://www.bankofengland.co.uk/boeapps/database/_iadb-fromshowcolumns.asp?csv.x=yes&Datefrom=01/Jan/1975&Dateto=now&SeriesCodes=IUDBEDR,IUMBV34,IUMBV37,IUMBV42,IUMBV45,IUM2WTL,IUM5WTL,IUMTLMV&UsingCodes=Y&VPD=Y&VFD=N",2026-08-10
1996-01-31,IUMBV42,7.87,bank_of_england_iadb,"https://www.bankofengland.co.uk/boeapps/database/_iadb-fromshowcolumns.asp?csv.x=yes&Datefrom=01/Jan/1975&Dateto=now&SeriesCodes=IUDBEDR,IUMBV34,IUMBV37,IUMBV42,IUMBV45,IUM2WTL,IUM5WTL,IUMTLMV&UsingCodes=Y&VPD=Y&VFD=N",2026-08-10
1996-01-31,IUMBV45,8.67,bank_of_england_iadb,"https://www.bankofengland.co.uk/boeapps/database/_iadb-fromshowcolumns.asp?csv.x=yes&Datefrom=01/Jan/1975&Dateto=now&SeriesCodes=IUDBEDR,IUMBV34,IUMBV37,IUMBV42,IUMBV45,IUM2WTL,IUM5WTL,IUMTLMV&UsingCodes=Y&VPD=Y&VFD=N",2026-08-10
1996-01-31,IUM2WTL,6.7,bank_of_england_iadb,"https://www.bankofengland.co.uk/boeapps/database/_iadb-fromshowcolumns.asp?csv.x=yes&Datefrom=01/Jan/1975&Dateto=now&SeriesCodes=IUDBEDR,IUMBV34,IUMBV37,IUMBV42,IUMBV45,IUM2WTL,IUM5WTL,IUMTLMV&UsingCodes=Y&VPD=Y&VFD=N",2026-08-10
1996-01-31,IUM5WTL,7.93,bank_of_england_iadb,"https://www.bankofengland.co.uk/boeapps/database/_iadb-fromshowcolumns.asp?csv.x=yes&Datefrom=01/Jan/1975&Dateto=now&SeriesCodes=IUDBEDR,IUMBV34,IUMBV37,IUMBV42,IUMBV45,IUM2WTL,IUM5WTL,IUMTLMV&UsingCodes=Y&VPD=Y&VFD=N",2026-08-10
1996-01-31,IUMTLMV,7.72,bank_of_england_iadb,"https://www.bankofengland.co.uk/boeapps/database/_iadb-fromshowcolumns.asp?csv.x=yes&Datefrom=01/Jan/1975&Dateto=now&SeriesCodes=IUDBEDR,IUMBV34,IUMBV37,IUMBV42,IUMBV45,IUM2WTL,IUM5WTL,IUMTLMV&UsingCodes=Y&VPD=Y&VFD=N",2026-08-10
1996-02-29,IUMBV34,6.65,bank_of_england_iadb,"https://www.bankofengland.co.uk/boeapps/database/_iadb-fromshowcolumns.asp?csv.x=yes&Datefrom=01/Jan/1975&Dateto=now&SeriesCodes=IUDBEDR,IUMBV34,IUMBV37,IUMBV42,IUMBV45,IUM2WTL,IUM5WTL,IUMTLMV&UsingCodes=Y&VPD=Y&VFD=N",2026-08-10
1996-02-29,IUMBV37,6.99,bank_of_england_iadb,"https://www.bankofengland.co.uk/boeapps/database/_iadb-fromshowcolumns.asp?csv.x=yes&Datefrom=01/Jan/1975&Dateto=now&SeriesCodes=IUDBEDR,IUMBV34,IUMBV37,IUMBV42,IUMBV45,IUM2WTL,IUM5WTL,IUMTLMV&UsingCodes=Y&VPD=Y&VFD=N",2026-08-10
1996-02-29,IUMBV42,7.66,bank_of_england_iadb,"https://www.bankofengland.co.uk/boeapps/database/_iadb-fromshowcolumns.asp?csv.x=yes&Datefrom=01/Jan/1975&Dateto=now&SeriesCodes=IUDBEDR,IUMBV34,IUMBV37,IUMBV42,IUMBV45,IUM2WTL,IUM5WTL,IUMTLMV&UsingCodes=Y&VPD=Y&VFD=N",2026-08-10
1996-02-29,IUMBV45,8.57,bank_of_england_iadb,"https://www.bankofengland.co.uk/boeapps/database/_iadb-fromshowcolumns.asp?csv.x=yes&Datefrom=01/Jan/1975&Dateto=now&SeriesCodes=IUDBEDR,IUMBV34,IUMBV37,IUMBV42,IUMBV45,IUM2WTL,IUM5WTL,IUMTLMV&UsingCodes=Y&VPD=Y&VFD=N",2026-08-10
1996-02-29,IUM2WTL,6.65,bank_of_england_iadb,"https://www.bankofengland.co.uk/boeapps/database/_iadb-fromshowcolumns.asp?csv.x=yes&Datefrom=01/Jan/1975&Dateto=now&SeriesCodes=IUDBEDR,IUMBV34,IUMBV37,IUMBV42,IUMBV45,IUM2WTL,IUM5WTL,IUMTLMV&UsingCodes=Y&VPD=Y&VFD=N",2026-08-10
1996-02-29,IUM5WTL,7.77,bank_of_england_iadb,"https://www.bankofengland.co.uk/boeapps/database/_iadb-fromshowcolumns.asp?csv.x=yes&Datefrom=01/Jan/1975&Dateto=now&SeriesCodes=IUDBEDR,IUMBV34,IUMBV37,IUMBV42,IUMBV45,IUM2WTL,IUM5WTL,IUMTLMV&UsingCodes=Y&VPD=Y&VFD=N",2026-08-10
1996-02-29,IUMTLMV,7.5,bank_of_england_iadb,"https://www.bankofengland.co.uk/boeapps/database/_iadb-fromshowcolumns.asp?csv.x=yes&Datefrom=01/Jan/1975&Dateto=now&SeriesCodes=IUDBEDR,IUMBV34,IUMBV37,IUMBV42,IUMBV45,IUM2WTL,IUM5WTL,IUMTLMV&UsingCodes=Y&VPD=Y&VFD=N",2026-08-10
1996-03-31,IUMBV34,6.49,bank_of_england_iadb,"https://www.bankofengland.co.uk/boeapps/database/_iadb-fromshowcolumns.asp?csv.x=yes&Datefrom=01/Jan/1975&Dateto=now&SeriesCodes=IUDBEDR,IUMBV34,IUMBV37,IUMBV42,IUMBV45,IUM2WTL,IUM5WTL,IUMTLMV&UsingCodes=Y&VPD=Y&VFD=N",2026-08-10
1996-03-31,IUMBV37,7.14,bank_of_england_iadb,"https://www.bankofengland.co.uk/boeapps/database/_iadb-fromshowcolumns.asp?csv.x=yes&Datefrom=01/Jan/1975&Dateto=now&SeriesCodes=IUDBEDR,IUMBV34,IUMBV37,IUMBV42,IUMBV45,IUM2WTL,IUM5WTL,IUMTLMV&UsingCodes=Y&VPD=Y&VFD=N",2026-08-10
1996-03-31,IUMBV42,7.7,bank_of_england_iadb,"https://www.bankofengland.co.uk/boeapps/database/_iadb-fromshowcolumns.asp?csv.x=yes&Datefrom=01/Jan/1975&Dateto=now&SeriesCodes=IUDBEDR,IUMBV34,IUMBV37,IUMBV42,IUMBV45,IUM2WTL,IUM5WTL,IUMTLMV&UsingCodes=Y&VPD=Y&VFD=N",2026-08-10
1996-03-31,IUMBV45,8.6,bank_of_england_iadb,"https://www.bankofengland.co.uk/boeapps/database/_iadb-fromshowcolumns.asp?csv.x=yes&Datefrom=01/Jan/1975&Dateto=now&SeriesCodes=IUDBEDR,IUMBV34,IUMBV37,IUMBV42,IUMBV45,IUM2WTL,IUM5WTL,IUMTLMV&UsingCodes=Y&VPD=Y&VFD=N",2026-08-10
1996-03-31,IUM2WTL,6.49,bank_of_england_iadb,"https://www.bankofengland.co.uk/boeapps/database/_iadb-fromshowcolumns.asp?csv.x=yes&Datefrom=01/Jan/1975&Dateto=now&SeriesCodes=IUDBEDR,IUMBV34,IUMBV37,IUMBV42,IUMBV45,IUM2WTL,IUM5WTL,IUMTLMV&UsingCodes=Y&VPD=Y&VFD=N",2026-08-10
1996-03-31,IUM5WTL,7.82,bank_of_england_iadb,"https://www.bankofengland.co.uk/boeapps/database/_iadb-fromshowcolumns.asp?csv.x=yes&Datefrom=01/Jan/1975&Dateto=now&SeriesCodes=IUDBEDR,IUMBV34,IUMBV37,IUMBV42,IUMBV45,IUM2WTL,IUM5WTL,IUMTLMV&UsingCodes=Y&VPD=Y&VFD=N",2026-08-10
1996-03-31,IUMTLMV,7.46,bank_of_england_iadb,"https://www.bankofengland.co.uk/boeapps/database/_iadb-fromshowcolumns.asp?csv.x=yes&Datefrom=01/Jan/1975&Dateto=now&SeriesCodes=IUDBEDR,IUMBV34,IUMBV37,IUMBV42,IUMBV45,IUM2WTL,IUM5WTL,IUMTLMV&UsingCodes=Y&VPD=Y&VFD=N",2026-08-10
1996-04-30,IUMBV34,6.62,bank_of_england_iadb,"https://www.bankofengland.co.uk/boeapps/database/_iadb-fromshowcolumns.asp?csv.x=yes&Datefrom=01/Jan/1975&Dateto=now&SeriesCodes=IUDBEDR,IUMBV34,IUMBV37,IUMBV42,IUMBV45,IUM2WTL,IUM5WTL,IUMTLMV&UsingCodes=Y&VPD=Y&VFD=N",2026-08-10
1996-04-30,IUMBV37,7.29,bank_of_england_iadb,"https://www.bankofengland.co.uk/boeapps/database/_iadb-fromshowcolumns.asp?csv.x=yes&Datefrom=01/Jan/1975&Dateto=now&SeriesCodes=IUDBEDR,IUMBV34,IUMBV37,IUMBV42,IUMBV45,IUM2WTL,IUM5WTL,IUMTLMV&UsingCodes=Y&VPD=Y&VFD=N",2026-08-10
1996-04-30,IUMBV42,7.82,bank_of_england_iadb,"https://www.bankofengland.co.uk/boeapps/database/_iadb-fromshowcolumns.asp?csv.x=yes&Datefrom=01/Jan/1975&Dateto=now&SeriesCodes=IUDBEDR,IUMBV34,IUMBV37,IUMBV42,IUMBV45,IUM2WTL,IUM5WTL,IUMTLMV&UsingCodes=Y&VPD=Y&VFD=N",2026-08-10
1996-04-30,IUMBV45,8.7,bank_of_england_iadb,"https://www.bankofengland.co.uk/boeapps/database/_iadb-fromshowcolumns.asp?csv.x=yes&Datefrom=01/Jan/1975&Dateto=now&SeriesCodes=IUDBEDR,IUMBV34,IUMBV37,IUMBV42,IUMBV45,IUM2WTL,IUM5WTL,IUMTLMV&UsingCodes=Y&VPD=Y&VFD=N",2026-08-10
1996-04-30,IUM2WTL,6.62,bank_of_england_iadb,"https://www.bankofengland.co.uk/boeapps/database/_iadb-fromshowcolumns.asp?csv.x=yes&Datefrom=01/Jan/1975&Dateto=now&SeriesCodes=IUDBEDR,IUMBV34,IUMBV37,IUMBV42,IUMBV45,IUM2WTL,IUM5WTL,IUMTLMV&UsingCodes=Y&VPD=Y&VFD=N",2026-08-10
1996-04-30,IUM5WTL,7.94,bank_of_england_iadb,"https://www.bankofengland.co.uk/boeapps/database/_iadb-fromshowcolumns.asp?csv.x=yes&Datefrom=01/Jan/1975&Dateto=now&SeriesCodes=IUDBEDR,IUMBV34,IUMBV37,IUMBV42,IUMBV45,IUM2WTL,IUM5WTL,IUMTLMV&UsingCodes=Y&VPD=Y&VFD=N",2026-08-10
1996-04-30,IUMTLMV,7.3,bank_of_england_iadb,"https://www.bankofengland.co.uk/boeapps/database/_iadb-fromshowcolumns.asp?csv.x=yes&Datefrom=01/Jan/1975&Dateto=now&SeriesCodes=IUDBEDR,IUMBV34,IUMBV37,IUMBV42,IUMBV45,IUM2WTL,IUM5WTL,IUMTLMV&UsingCodes=Y&VPD=Y&VFD=N",2026-08-10
1996-05-31,IUMBV34,7.01,bank_of_england_iadb,"https://www.bankofengland.co.uk/boeapps/database/_iadb-fromshowcolumns.asp?csv.x=yes&Datefrom=01/Jan/1975&Dateto=now&SeriesCodes=IUDBEDR,IUMBV34,IUMBV37,IUMBV42,IUMBV45,IUM2WTL,IUM5WTL,IUMTLMV&UsingCodes=Y&VPD=Y&VFD=N",2026-08-10
1996-05-31,IUMBV37,7.78,bank_of_england_iadb,"https://www.bankofengland.co.uk/boeapps/database/_iadb-fromshowcolumns.asp?csv.x=yes&Datefrom=01/Jan/1975&Dateto=now&SeriesCodes=IUDBEDR,IUMBV34,IUMBV37,IUMBV42,IUMBV45,IUM2WTL,IUM5WTL,IUMTLMV&UsingCodes=Y&VPD=Y&VFD=N",2026-08-10
1996-05-31,IUMBV42,8.18,bank_of_england_iadb,"https://www.bankofengland.co.uk/boeapps/database/_iadb-fromshowcolumns.asp?csv.x=yes&Datefrom=01/Jan/1975&Dateto=now&SeriesCodes=IUDBEDR,IUMBV34,IUMBV37,IUMBV42,IUMBV45,IUM2WTL,IUM5WTL,IUMTLMV&UsingCodes=Y&VPD=Y&VFD=N",2026-08-10
1996-05-31,IUMBV45,8.83,bank_of_england_iadb,"https://www.bankofengland.co.uk/boeapps/database/_iadb-fromshowcolumns.asp?csv.x=yes&Datefrom=01/Jan/1975&Dateto=now&SeriesCodes=IUDBEDR,IUMBV34,IUMBV37,IUMBV42,IUMBV45,IUM2WTL,IUM5WTL,IUMTLMV&UsingCodes=Y&VPD=Y&VFD=N",2026-08-10
1996-05-31,IUM2WTL,7.01,bank_of_england_iadb,"https://www.bankofengland.co.uk/boeapps/database/_iadb-fromshowcolumns.asp?csv.x=yes&Datefrom=01/Jan/1975&Dateto=now&SeriesCodes=IUDBEDR,IUMBV34,IUMBV37,IUMBV42,IUMBV45,IUM2WTL,IUM5WTL,IUMTLMV&UsingCodes=Y&VPD=Y&VFD=N",2026-08-10
1996-05-31,IUM5WTL,8.2,bank_of_england_iadb,"https://www.bankofengland.co.uk/boeapps/database/_iadb-fromshowcolumns.asp?csv.x=yes&Datefrom=01/Jan/1975&Dateto=now&SeriesCodes=IUDBEDR,IUMBV34,IUMBV37,IUMBV42,IUMBV45,IUM2WTL,IUM5WTL,IUMTLMV&UsingCodes=Y&VPD=Y&VFD=N",2026-08-10
1996-05-31,IUMTLMV,7.17,bank_of_england_iadb,"https://www.bankofengland.co.uk/boeapps/database/_iadb-fromshowcolumns.asp?csv.x=yes&Datefrom=01/Jan/1975&Dateto=now&SeriesCodes=IUDBEDR,IUMBV34,IUMBV37,IUMBV42,IUMBV45,IUM2WTL,IUM5WTL,IUMTLMV&UsingCodes=Y&VPD=Y&VFD=N",2026-08-10
1996-06-30,IUMBV34,7.06,bank_of_england_iadb,"https://www.bankofengland.co.uk/boeapps/database/_iadb-fromshowcolumns.asp?csv.x=yes&Datefrom=01/Jan/1975&Dateto=now&SeriesCodes=IUDBEDR,IUMBV34,IUMBV37,IUMBV42,IUMBV45,IUM2WTL,IUM5WTL,IUMTLMV&UsingCodes=Y&VPD=Y&VFD=N",2026-08-10
1996-06-30,IUMBV37,7.79,bank_of_england_iadb,"https://www.bankofengland.co.uk/boeapps/database/_iadb-fromshowcolumns.asp?csv.x=yes&Datefrom=01/Jan/1975&Dateto=now&SeriesCodes=IUDBEDR,IUMBV34,IUMBV37,IUMBV42,IUMBV45,IUM2WTL,IUM5WTL,IUMTLMV&UsingCodes=Y&VPD=Y&VFD=N",2026-08-10
1996-06-30,IUMBV42,8.13,bank_of_england_iadb,"https://www.bankofengland.co.uk/boeapps/database/_iadb-fromshowcolumns.asp?csv.x=yes&Datefrom=01/Jan/1975&Dateto=now&SeriesCodes=IUDBEDR,IUMBV34,IUMBV37,IUMBV42,IUMBV45,IUM2WTL,IUM5WTL,IUMTLMV&UsingCodes=Y&VPD=Y&VFD=N",2026-08-10
1996-06-30,IUMBV45,8.76,bank_of_england_iadb,"https://www.bankofengland.co.uk/boeapps/database/_iadb-fromshowcolumns.asp?csv.x=yes&Datefrom=01/Jan/1975&Dateto=now&SeriesCodes=IUDBEDR,IUMBV34,IUMBV37,IUMBV42,IUMBV45,IUM2WTL,IUM5WTL,IUMTLMV&UsingCodes=Y&VPD=Y&VFD=N",2026-08-10
1996-06-30,IUM2WTL,7.06,bank_of_england_iadb,"https://www.bankofengland.co.uk/boeapps/database/_iadb-fromshowcolumns.asp?csv.x=yes&Datefrom=01/Jan/1975&Dateto=now&SeriesCodes=IUDBEDR,IUMBV34,IUMBV37,IUMBV42,IUMBV45,IUM2WTL,IUM5WTL,IUMTLMV&UsingCodes=Y&VPD=Y&VFD=N",2026-08-10
1996-06-30,IUM5WTL,8.16,bank_of_england_iadb,"https://www.bankofengland.co.uk/boeapps/database/_iadb-fromshowcolumns.asp?csv.x=yes&Datefrom=01/Jan/1975&Dateto=now&SeriesCodes=IUDBEDR,IUMBV34,IUMBV37,IUMBV42,IUMBV45,IUM2WTL,IUM5WTL,IUMTLMV&UsingCodes=Y&VPD=Y&VFD=N",2026-08-10
1996-06-30,IUMTLMV,7.15,bank_of_england_iadb,"https://www.bankofengland.co.uk/boeapps/database/_iadb-fromshowcolumns.asp?csv.x=yes&Datefrom=01/Jan/1975&Dateto=now&SeriesCodes=IUDBEDR,IUMBV34,IUMBV37,IUMBV42,IUMBV45,IUM2WTL,IUM5WTL,IUMTLMV&UsingCodes=Y&VPD=Y&VFD=N",2026-08-10
1996-07-31,IUMBV34,7.12,bank_of_england_iadb,"https://www.bankofengland.co.uk/boeapps/database/_iadb-fromshowcolumns.asp?csv.x=yes&Datefrom=01/Jan/1975&Dateto=now&SeriesCodes=IUDBEDR,IUMBV34,IUMBV37,IUMBV42,IUMBV45,IUM2WTL,IUM5WTL,IUMTLMV&UsingCodes=Y&VPD=Y&VFD=N",2026-08-10
1996-07-31,IUMBV37,7.77,bank_of_england_iadb,"https://www.bankofengland.co.uk/boeapps/database/_iadb-fromshowcolumns.asp?csv.x=yes&Datefrom=01/Jan/1975&Dateto=now&SeriesCodes=IUDBEDR,IUMBV34,IUMBV37,IUMBV42,IUMBV45,IUM2WTL,IUM5WTL,IUMTLMV&UsingCodes=Y&VPD=Y&VFD=N",2026-08-10
1996-07-31,IUMBV42,8.25,bank_of_england_iadb,"https://www.bankofengland.co.uk/boeapps/database/_iadb-fromshowcolumns.asp?csv.x=yes&Datefrom=01/Jan/1975&Dateto=now&SeriesCodes=IUDBEDR,IUMBV34,IUMBV37,IUMBV42,IUMBV45,IUM2WTL,IUM5WTL,IUMTLMV&UsingCodes=Y&VPD=Y&VFD=N",2026-08-10
1996-07-31,IUMBV45,8.81,bank_of_england_iadb,"https://www.bankofengland.co.uk/boeapps/database/_iadb-fromshowcolumns.asp?csv.x=yes&Datefrom=01/Jan/1975&Dateto=now&SeriesCodes=IUDBEDR,IUMBV34,IUMBV37,IUMBV42,IUMBV45,IUM2WTL,IUM5WTL,IUMTLMV&UsingCodes=Y&VPD=Y&VFD=N",2026-08-10
1996-07-31,IUM2WTL,7.12,bank_of_england_iadb,"https://www.bankofengland.co.uk/boeapps/database/_iadb-fromshowcolumns.asp?csv.x=yes&Datefrom=01/Jan/1975&Dateto=now&SeriesCodes=IUDBEDR,IUMBV34,IUMBV37,IUMBV42,IUMBV45,IUM2WTL,IUM5WTL,IUMTLMV&UsingCodes=Y&VPD=Y&VFD=N",2026-08-10
1996-07-31,IUM5WTL,8.25,bank_of_england_iadb,"https://www.bankofengland.co.uk/boeapps/database/_iadb-fromshowcolumns.asp?csv.x=yes&Datefrom=01/Jan/1975&Dateto=now&SeriesCodes=IUDBEDR,IUMBV34,IUMBV37,IUMBV42,IUMBV45,IUM2WTL,IUM5WTL,IUMTLMV&UsingCodes=Y&VPD=Y&VFD=N",2026-08-10
1996-07-31,IUMTLMV,7.15,bank_of_england_iadb,"https://www.bankofengland.co.uk/boeapps/database/_iadb-fromshowcolumns.asp?csv.x=yes&Datefrom=01/Jan/1975&Dateto=now&SeriesCodes=IUDBEDR,IUMBV34,IUMBV37,IUMBV42,IUMBV45,IUM2WTL,IUM5WTL,IUMTLMV&UsingCodes=Y&VPD=Y&VFD=N",2026-08-10
1996-08-31,IUMBV34,7.09,bank_of_england_iadb,"https://www.bankofengland.co.uk/boeapps/database/_iadb-fromshowcolumns.asp?csv.x=yes&Datefrom=01/Jan/1975&Dateto=now&SeriesCodes=IUDBEDR,IUMBV34,IUMBV37,IUMBV42,IUMBV45,IUM2WTL,IUM5WTL,IUMTLMV&UsingCodes=Y&VPD=Y&VFD=N",2026-08-10
1996-08-31,IUMBV37,7.78,bank_of_england_iadb,"https://www.bankofengland.co.uk/boeapps/database/_iadb-fromshowcolumns.asp?csv.x=yes&Datefrom=01/Jan/1975&Dateto=now&SeriesCodes=IUDBEDR,IUMBV34,IUMBV37,IUMBV42,IUMBV45,IUM2WTL,IUM5WTL,IUMTLMV&UsingCodes=Y&VPD=Y&VFD=N",2026-08-10
1996-08-31,IUMBV42,8.28,bank_of_england_iadb,"https://www.bankofengland.co.uk/boeapps/database/_iadb-fromshowcolumns.asp?csv.x=yes&Datefrom=01/Jan/1975&Dateto=now&SeriesCodes=IUDBEDR,IUMBV34,IUMBV37,IUMBV42,IUMBV45,IUM2WTL,IUM5WTL,IUMTLMV&UsingCodes=Y&VPD=Y&VFD=N",2026-08-10
1996-08-31,IUMBV45,8.85,bank_of_england_iadb,"https://www.bankofengland.co.uk/boeapps/database/_iadb-fromshowcolumns.asp?csv.x=yes&Datefrom=01/Jan/1975&Dateto=now&SeriesCodes=IUDBEDR,IUMBV34,IUMBV37,IUMBV42,IUMBV45,IUM2WTL,IUM5WTL,IUMTLMV&UsingCodes=Y&VPD=Y&VFD=N",2026-08-10
1996-08-31,IUM2WTL,7.09,bank_of_england_iadb,"https://www.bankofengland.co.uk/boeapps/database/_iadb-fromshowcolumns.asp?csv.x=yes&Datefrom=01/Jan/1975&Dateto=now&SeriesCodes=IUDBEDR,IUMBV34,IUMBV37,IUMBV42,IUMBV45,IUM2WTL,IUM5WTL,IUMTLMV&UsingCodes=Y&VPD=Y&VFD=N",2026-08-10
1996-08-31,IUM5WTL,8.28,bank_of_england_iadb,"https://www.bankofengland.co.uk/boeapps/database/_iadb-fromshowcolumns.asp?csv.x=yes&Datefrom=01/Jan/1975&Dateto=now&SeriesCodes=IUDBEDR,IUMBV34,IUMBV37,IUMBV42,IUMBV45,IUM2WTL,IUM5WTL,IUMTLMV&UsingCodes=Y&VPD=Y&VFD=N",2026-08-10
1996-08-31,IUMTLMV,6.99,bank_of_england_iadb,"https://www.bankofengland.co.uk/boeapps/database/_iadb-fromshowcolumns.asp?csv.x=yes&Datefrom=01/Jan/1975&Dateto=now&SeriesCodes=IUDBEDR,IUMBV34,IUMBV37,IUMBV42,IUMBV45,IUM2WTL,IUM5WTL,IUMTLMV&UsingCodes=Y&VPD=Y&VFD=N",2026-08-10
1996-09-30,IUMBV34,7.06,bank_of_england_iadb,"https://www.bankofengland.co.uk/boeapps/database/_iadb-fromshowcolumns.asp?csv.x=yes&Datefrom=01/Jan/1975&Dateto=now&SeriesCodes=IUDBEDR,IUMBV34,IUMBV37,IUMBV42,IUMBV45,IUM2WTL,IUM5WTL,IUMTLMV&UsingCodes=Y&VPD=Y&VFD=N",2026-08-10
1996-09-30,IUMBV37,7.5,bank_of_england_iadb,"https://www.bankofengland.co.uk/boeapps/database/_iadb-fromshowcolumns.asp?csv.x=yes&Datefrom=01/Jan/1975&Dateto=now&SeriesCodes=IUDBEDR,IUMBV34,IUMBV37,IUMBV42,IUMBV45,IUM2WTL,IUM5WTL,IUMTLMV&UsingCodes=Y&VPD=Y&VFD=N",2026-08-10
1996-09-30,IUMBV42,8.16,bank_of_england_iadb,"https://www.bankofengland.co.uk/boeapps/database/_iadb-fromshowcolumns.asp?csv.x=yes&Datefrom=01/Jan/1975&Dateto=now&SeriesCodes=IUDBEDR,IUMBV34,IUMBV37,IUMBV42,IUMBV45,IUM2WTL,IUM5WTL,IUMTLMV&UsingCodes=Y&VPD=Y&VFD=N",2026-08-10
1996-09-30,IUMBV45,8.84,bank_of_england_iadb,"https://www.bankofengland.co.uk/boeapps/database/_iadb-fromshowcolumns.asp?csv.x=yes&Datefrom=01/Jan/1975&Dateto=now&SeriesCodes=IUDBEDR,IUMBV34,IUMBV37,IUMBV42,IUMBV45,IUM2WTL,IUM5WTL,IUMTLMV&UsingCodes=Y&VPD=Y&VFD=N",2026-08-10
1996-09-30,IUM2WTL,7.06,bank_of_england_iadb,"https://www.bankofengland.co.uk/boeapps/database/_iadb-fromshowcolumns.asp?csv.x=yes&Datefrom=01/Jan/1975&Dateto=now&SeriesCodes=IUDBEDR,IUMBV34,IUMBV37,IUMBV42,IUMBV45,IUM2WTL,IUM5WTL,IUMTLMV&UsingCodes=Y&VPD=Y&VFD=N",2026-08-10
1996-09-30,IUM5WTL,8.16,bank_of_england_iadb,"https://www.bankofengland.co.uk/boeapps/database/_iadb-fromshowcolumns.asp?csv.x=yes&Datefrom=01/Jan/1975&Dateto=now&SeriesCodes=IUDBEDR,IUMBV34,IUMBV37,IUMBV42,IUMBV45,IUM2WTL,IUM5WTL,IUMTLMV&UsingCodes=Y&VPD=Y&VFD=N",2026-08-10
1996-09-30,IUMTLMV,6.93,bank_of_england_iadb,"https://www.bankofengland.co.uk/boeapps/database/_iadb-fromshowcolumns.asp?csv.x=yes&Datefrom=01/Jan/1975&Dateto=now&SeriesCodes=IUDBEDR,IUMBV34,IUMBV37,IUMBV42,IUMBV45,IUM2WTL,IUM5WTL,IUMTLMV&UsingCodes=Y&VPD=Y&VFD=N",2026-08-10
1996-10-31,IUMBV34,6.96,bank_of_england_iadb,"https://www.bankofengland.co.uk/boeapps/database/_iadb-fromshowcolumns.asp?csv.x=yes&Datefrom=01/Jan/1975&Dateto=now&SeriesCodes=IUDBEDR,IUMBV34,IUMBV37,IUMBV42,IUMBV45,IUM2WTL,IUM5WTL,IUMTLMV&UsingCodes=Y&VPD=Y&VFD=N",2026-08-10
1996-10-31,IUMBV37,7.45,bank_of_england_iadb,"https://www.bankofengland.co.uk/boeapps/database/_iadb-fromshowcolumns.asp?csv.x=yes&Datefrom=01/Jan/1975&Dateto=now&SeriesCodes=IUDBEDR,IUMBV34,IUMBV37,IUMBV42,IUMBV45,IUM2WTL,IUM5WTL,IUMTLMV&UsingCodes=Y&VPD=Y&VFD=N",2026-08-10
1996-10-31,IUMBV42,8.17,bank_of_england_iadb,"https://www.bankofengland.co.uk/boeapps/database/_iadb-fromshowcolumns.asp?csv.x=yes&Datefrom=01/Jan/1975&Dateto=now&SeriesCodes=IUDBEDR,IUMBV34,IUMBV37,IUMBV42,IUMBV45,IUM2WTL,IUM5WTL,IUMTLMV&UsingCodes=Y&VPD=Y&VFD=N",2026-08-10
1996-10-31,IUMBV45,8.77,bank_of_england_iadb,"https://www.bankofengland.co.uk/boeapps/database/_iadb-fromshowcolumns.asp?csv.x=yes&Datefrom=01/Jan/1975&Dateto=now&SeriesCodes=IUDBEDR,IUMBV34,IUMBV37,IUMBV42,IUMBV45,IUM2WTL,IUM5WTL,IUMTLMV&UsingCodes=Y&VPD=Y&VFD=N",2026-08-10
1996-10-31,IUM2WTL,6.96,bank_of_england_iadb,"https://www.bankofengland.co.uk/boeapps/database/_iadb-fromshowcolumns.asp?csv.x=yes&Datefrom=01/Jan/1975&Dateto=now&SeriesCodes=IUDBEDR,IUMBV34,IUMBV37,IUMBV42,IUMBV45,IUM2WTL,IUM5WTL,IUMTLMV&UsingCodes=Y&VPD=Y&VFD=N",2026-08-10
1996-10-31,IUM5WTL,8.17,bank_of_england_iadb,"https://www.bankofengland.co.uk/boeapps/database/_iadb-fromshowcolumns.asp?csv.x=yes&Datefrom=01/Jan/1975&Dateto=now&SeriesCodes=IUDBEDR,IUMBV34,IUMBV37,IUMBV42,IUMBV45,IUM2WTL,IUM5WTL,IUMTLMV&UsingCodes=Y&VPD=Y&VFD=N",2026-08-10
1996-10-31,IUMTLMV,6.92,bank_of_england_iadb,"https://www.bankofengland.co.uk/boeapps/database/_iadb-fromshowcolumns.asp?csv.x=yes&Datefrom=01/Jan/1975&Dateto=now&SeriesCodes=IUDBEDR,IUMBV34,IUMBV37,IUMBV42,IUMBV45,IUM2WTL,IUM5WTL,IUMTLMV&UsingCodes=Y&VPD=Y&VFD=N",2026-08-10
1996-11-30,IUMBV34,6.94,bank_of_england_iadb,"https://www.bankofengland.co.uk/boeapps/database/_iadb-fromshowcolumns.asp?csv.x=yes&Datefrom=01/Jan/1975&Dateto=now&SeriesCodes=IUDBEDR,IUMBV34,IUMBV37,IUMBV42,IUMBV45,IUM2WTL,IUM5WTL,IUMTLMV&UsingCodes=Y&VPD=Y&VFD=N",2026-08-10
1996-11-30,IUMBV37,7.24,bank_of_england_iadb,"https://www.bankofengland.co.uk/boeapps/database/_iadb-fromshowcolumns.asp?csv.x=yes&Datefrom=01/Jan/1975&Dateto=now&SeriesCodes=IUDBEDR,IUMBV34,IUMBV37,IUMBV42,IUMBV45,IUM2WTL,IUM5WTL,IUMTLMV&UsingCodes=Y&VPD=Y&VFD=N",2026-08-10
1996-11-30,IUMBV42,8.02,bank_of_england_iadb,"https://www.bankofengland.co.uk/boeapps/database/_iadb-fromshowcolumns.asp?csv.x=yes&Datefrom=01/Jan/1975&Dateto=now&SeriesCodes=IUDBEDR,IUMBV34,IUMBV37,IUMBV42,IUMBV45,IUM2WTL,IUM5WTL,IUMTLMV&UsingCodes=Y&VPD=Y&VFD=N",2026-08-10
1996-11-30,IUMBV45,8.81,bank_of_england_iadb,"https://www.bankofengland.co.uk/boeapps/database/_iadb-fromshowcolumns.asp?csv.x=yes&Datefrom=01/Jan/1975&Dateto=now&SeriesCodes=IUDBEDR,IUMBV34,IUMBV37,IUMBV42,IUMBV45,IUM2WTL,IUM5WTL,IUMTLMV&UsingCodes=Y&VPD=Y&VFD=N",2026-08-10
1996-11-30,IUM2WTL,6.94,bank_of_england_iadb,"https://www.bankofengland.co.uk/boeapps/database/_iadb-fromshowcolumns.asp?csv.x=yes&Datefrom=01/Jan/1975&Dateto=now&SeriesCodes=IUDBEDR,IUMBV34,IUMBV37,IUMBV42,IUMBV45,IUM2WTL,IUM5WTL,IUMTLMV&UsingCodes=Y&VPD=Y&VFD=N",2026-08-10
1996-11-30,IUM5WTL,8.02,bank_of_england_iadb,"https://www.bankofengland.co.uk/boeapps/database/_iadb-fromshowcolumns.asp?csv.x=yes&Datefrom=01/Jan/1975&Dateto=now&SeriesCodes=IUDBEDR,IUMBV34,IUMBV37,IUMBV42,IUMBV45,IUM2WTL,IUM5WTL,IUMTLMV&UsingCodes=Y&VPD=Y&VFD=N",2026-08-10
1996-11-30,IUMTLMV,6.92,bank_of_england_iadb,"https://www.bankofengland.co.uk/boeapps/database/_iadb-fromshowcolumns.asp?csv.x=yes&Datefrom=01/Jan/1975&Dateto=now&SeriesCodes=IUDBEDR,IUMBV34,IUMBV37,IUMBV42,IUMBV45,IUM2WTL,IUM5WTL,IUMTLMV&UsingCodes=Y&VPD=Y&VFD=N",2026-08-10
1996-12-31,IUMBV34,7.24,bank_of_england_iadb,"https://www.bankofengland.co.uk/boeapps/database/_iadb-fromshowcolumns.asp?csv.x=yes&Datefrom=01/Jan/1975&Dateto=now&SeriesCodes=IUDBEDR,IUMBV34,IUMBV37,IUMBV42,IUMBV45,IUM2WTL,IUM5WTL,IUMTLMV&UsingCodes=Y&VPD=Y&VFD=N",2026-08-10
1996-12-31,IUMBV37,7.67,bank_of_england_iadb,"https://www.bankofengland.co.uk/boeapps/database/_iadb-fromshowcolumns.asp?csv.x=yes&Datefrom=01/Jan/1975&Dateto=now&SeriesCodes=IUDBEDR,IUMBV34,IUMBV37,IUMBV42,IUMBV45,IUM2WTL,IUM5WTL,IUMTLMV&UsingCodes=Y&VPD=Y&VFD=N",2026-08-10
1996-12-31,IUMBV42,8.27,bank_of_england_iadb,"https://www.bankofengland.co.uk/boeapps/database/_iadb-fromshowcolumns.asp?csv.x=yes&Datefrom=01/Jan/1975&Dateto=now&SeriesCodes=IUDBEDR,IUMBV34,IUMBV37,IUMBV42,IUMBV45,IUM2WTL,IUM5WTL,IUMTLMV&UsingCodes=Y&VPD=Y&VFD=N",2026-08-10
1996-12-31,IUMBV45,8.75,bank_of_england_iadb,"https://www.bankofengland.co.uk/boeapps/database/_iadb-fromshowcolumns.asp?csv.x=yes&Datefrom=01/Jan/1975&Dateto=now&SeriesCodes=IUDBEDR,IUMBV34,IUMBV37,IUMBV42,IUMBV45,IUM2WTL,IUM5WTL,IUMTLMV&UsingCodes=Y&VPD=Y&VFD=N",2026-08-10
1996-12-31,IUM2WTL,7.27,bank_of_england_iadb,"https://www.bankofengland.co.uk/boeapps/database/_iadb-fromshowcolumns.asp?csv.x=yes&Datefrom=01/Jan/1975&Dateto=now&SeriesCodes=IUDBEDR,IUMBV34,IUMBV37,IUMBV42,IUMBV45,IUM2WTL,IUM5WTL,IUMTLMV&UsingCodes=Y&VPD=Y&VFD=N",2026-08-10
1996-12-31,IUM5WTL,8.29,bank_of_england_iadb,"https://www.bankofengland.co.uk/boeapps/database/_iadb-fromshowcolumns.asp?csv.x=yes&Datefrom=01/Jan/1975&Dateto=now&SeriesCodes=IUDBEDR,IUMBV34,IUMBV37,IUMBV42,IUMBV45,IUM2WTL,IUM5WTL,IUMTLMV&UsingCodes=Y&VPD=Y&VFD=N",2026-08-10
1996-12-31,IUMTLMV,7.01,bank_of_england_iadb,"https://www.bankofengland.co.uk/boeapps/database/_iadb-fromshowcolumns.asp?csv.x=yes&Datefrom=01/Jan/1975&Dateto=now&SeriesCodes=IUDBEDR,IUMBV34,IUMBV37,IUMBV42,IUMBV45,IUM2WTL,IUM5WTL,IUMTLMV&UsingCodes=Y&VPD=Y&VFD=N",2026-08-10
1997-01-31,IUMBV34,7.29,bank_of_england_iadb,"https://www.bankofengland.co.uk/boeapps/database/_iadb-fromshowcolumns.asp?csv.x=yes&Datefrom=01/Jan/1975&Dateto=now&SeriesCodes=IUDBEDR,IUMBV34,IUMBV37,IUMBV42,IUMBV45,IUM2WTL,IUM5WTL,IUMTLMV&UsingCodes=Y&VPD=Y&VFD=N",2026-08-10
1997-01-31,IUMBV37,7.79,bank_of_england_iadb,"https://www.bankofengland.co.uk/boeapps/database/_iadb-fromshowcolumns.asp?csv.x=yes&Datefrom=01/Jan/1975&Dateto=now&SeriesCodes=IUDBEDR,IUMBV34,IUMBV37,IUMBV42,IUMBV45,IUM2WTL,IUM5WTL,IUMTLMV&UsingCodes=Y&VPD=Y&VFD=N",2026-08-10
1997-01-31,IUMBV42,8.31,bank_of_england_iadb,"https://www.bankofengland.co.uk/boeapps/database/_iadb-fromshowcolumns.asp?csv.x=yes&Datefrom=01/Jan/1975&Dateto=now&SeriesCodes=IUDBEDR,IUMBV34,IUMBV37,IUMBV42,IUMBV45,IUM2WTL,IUM5WTL,IUMTLMV&UsingCodes=Y&VPD=Y&VFD=N",2026-08-10
1997-01-31,IUMBV45,8.74,bank_of_england_iadb,"https://www.bankofengland.co.uk/boeapps/database/_iadb-fromshowcolumns.asp?csv.x=yes&Datefrom=01/Jan/1975&Dateto=now&SeriesCodes=IUDBEDR,IUMBV34,IUMBV37,IUMBV42,IUMBV45,IUM2WTL,IUM5WTL,IUMTLMV&UsingCodes=Y&VPD=Y&VFD=N",2026-08-10
1997-01-31,IUM2WTL,7.35,bank_of_england_iadb,"https://www.bankofengland.co.uk/boeapps/database/_iadb-fromshowcolumns.asp?csv.x=yes&Datefrom=01/Jan/1975&Dateto=now&SeriesCodes=IUDBEDR,IUMBV34,IUMBV37,IUMBV42,IUMBV45,IUM2WTL,IUM5WTL,IUMTLMV&UsingCodes=Y&VPD=Y&VFD=N",2026-08-10
1997-01-31,IUM5WTL,8.34,bank_of_england_iadb,"https://www.bankofengland.co.uk/boeapps/database/_iadb-fromshowcolumns.asp?csv.x=yes&Datefrom=01/Jan/1975&Dateto=now&SeriesCodes=IUDBEDR,IUMBV34,IUMBV37,IUMBV42,IUMBV45,IUM2WTL,IUM5WTL,IUMTLMV&UsingCodes=Y&VPD=Y&VFD=N",2026-08-10
1997-01-31,IUMTLMV,7.18,bank_of_england_iadb,"https://www.bankofengland.co.uk/boeapps/database/_iadb-fromshowcolumns.asp?csv.x=yes&Datefrom=01/Jan/1975&Dateto=now&SeriesCodes=IUDBEDR,IUMBV34,IUMBV37,IUMBV42,IUMBV45,IUM2WTL,IUM5WTL,IUMTLMV&UsingCodes=Y&VPD=Y&VFD=N",2026-08-10
1997-02-28,IUMBV34,7.35,bank_of_england_iadb,"https://www.bankofengland.co.uk/boeapps/database/_iadb-fromshowcolumns.asp?csv.x=yes&Datefrom=01/Jan/1975&Dateto=now&SeriesCodes=IUDBEDR,IUMBV34,IUMBV37,IUMBV42,IUMBV45,IUM2WTL,IUM5WTL,IUMTLMV&UsingCodes=Y&VPD=Y&VFD=N",2026-08-10
1997-02-28,IUMBV37,7.95,bank_of_england_iadb,"https://www.bankofengland.co.uk/boeapps/database/_iadb-fromshowcolumns.asp?csv.x=yes&Datefrom=01/Jan/1975&Dateto=now&SeriesCodes=IUDBEDR,IUMBV34,IUMBV37,IUMBV42,IUMBV45,IUM2WTL,IUM5WTL,IUMTLMV&UsingCodes=Y&VPD=Y&VFD=N",2026-08-10
1997-02-28,IUMBV42,8.22,bank_of_england_iadb,"https://www.bankofengland.co.uk/boeapps/database/_iadb-fromshowcolumns.asp?csv.x=yes&Datefrom=01/Jan/1975&Dateto=now&SeriesCodes=IUDBEDR,IUMBV34,IUMBV37,IUMBV42,IUMBV45,IUM2WTL,IUM5WTL,IUMTLMV&UsingCodes=Y&VPD=Y&VFD=N",2026-08-10
1997-02-28,IUMBV45,8.76,bank_of_england_iadb,"https://www.bankofengland.co.uk/boeapps/database/_iadb-fromshowcolumns.asp?csv.x=yes&Datefrom=01/Jan/1975&Dateto=now&SeriesCodes=IUDBEDR,IUMBV34,IUMBV37,IUMBV42,IUMBV45,IUM2WTL,IUM5WTL,IUMTLMV&UsingCodes=Y&VPD=Y&VFD=N",2026-08-10
1997-02-28,IUM2WTL,7.41,bank_of_england_iadb,"https://www.bankofengland.co.uk/boeapps/database/_iadb-fromshowcolumns.asp?csv.x=yes&Datefrom=01/Jan/1975&Dateto=now&SeriesCodes=IUDBEDR,IUMBV34,IUMBV37,IUMBV42,IUMBV45,IUM2WTL,IUM5WTL,IUMTLMV&UsingCodes=Y&VPD=Y&VFD=N",2026-08-10
1997-02-28,IUM5WTL,8.43,bank_of_england_iadb,"https://www.bankofengland.co.uk/boeapps/database/_iadb-fromshowcolumns.asp?csv.x=yes&Datefrom=01/Jan/1975&Dateto=now&SeriesCodes=IUDBEDR,IUMBV34,IUMBV37,IUMBV42,IUMBV45,IUM2WTL,IUM5WTL,IUMTLMV&UsingCodes=Y&VPD=Y&VFD=N",2026-08-10
1997-02-28,IUMTLMV,7.22,bank_of_england_iadb,"https://www.bankofengland.co.uk/boeapps/database/_iadb-fromshowcolumns.asp?csv.x=yes&Datefrom=01/Jan/1975&Dateto=now&SeriesCodes=IUDBEDR,IUMBV34,IUMBV37,IUMBV42,IUMBV45,IUM2WTL,IUM5WTL,IUMTLMV&UsingCodes=Y&VPD=Y&VFD=N",2026-08-10
1997-03-31,IUMBV34,7.11,bank_of_england_iadb,"https://www.bankofengland.co.uk/boeapps/database/_iadb-fromshowcolumns.asp?csv.x=yes&Datefrom=01/Jan/1975&Dateto=now&SeriesCodes=IUDBEDR,IUMBV34,IUMBV37,IUMBV42,IUMBV45,IUM2WTL,IUM5WTL,IUMTLMV&UsingCodes=Y&VPD=Y&VFD=N",2026-08-10
1997-03-31,IUMBV37,7.44,bank_of_england_iadb,"https://www.bankofengland.co.uk/boeapps/database/_iadb-fromshowcolumns.asp?csv.x=yes&Datefrom=01/Jan/1975&Dateto=now&SeriesCodes=IUDBEDR,IUMBV34,IUMBV37,IUMBV42,IUMBV45,IUM2WTL,IUM5WTL,IUMTLMV&UsingCodes=Y&VPD=Y&VFD=N",2026-08-10
1997-03-31,IUMBV42,7.98,bank_of_england_iadb,"https://www.bankofengland.co.uk/boeapps/database/_iadb-fromshowcolumns.asp?csv.x=yes&Datefrom=01/Jan/1975&Dateto=now&SeriesCodes=IUDBEDR,IUMBV34,IUMBV37,IUMBV42,IUMBV45,IUM2WTL,IUM5WTL,IUMTLMV&UsingCodes=Y&VPD=Y&VFD=N",2026-08-10
1997-03-31,IUMBV45,8.7,bank_of_england_iadb,"https://www.bankofengland.co.uk/boeapps/database/_iadb-fromshowcolumns.asp?csv.x=yes&Datefrom=01/Jan/1975&Dateto=now&SeriesCodes=IUDBEDR,IUMBV34,IUMBV37,IUMBV42,IUMBV45,IUM2WTL,IUM5WTL,IUMTLMV&UsingCodes=Y&VPD=Y&VFD=N",2026-08-10
1997-03-31,IUM2WTL,7.18,bank_of_england_iadb,"https://www.bankofengland.co.uk/boeapps/database/_iadb-fromshowcolumns.asp?csv.x=yes&Datefrom=01/Jan/1975&Dateto=now&SeriesCodes=IUDBEDR,IUMBV34,IUMBV37,IUMBV42,IUMBV45,IUM2WTL,IUM5WTL,IUMTLMV&UsingCodes=Y&VPD=Y&VFD=N",2026-08-10
1997-03-31,IUM5WTL,8.1,bank_of_england_iadb,"https://www.bankofengland.co.uk/boeapps/database/_iadb-fromshowcolumns.asp?csv.x=yes&Datefrom=01/Jan/1975&Dateto=now&SeriesCodes=IUDBEDR,IUMBV34,IUMBV37,IUMBV42,IUMBV45,IUM2WTL,IUM5WTL,IUMTLMV&UsingCodes=Y&VPD=Y&VFD=N",2026-08-10
1997-03-31,IUMTLMV,7.21,bank_of_england_iadb,"https://www.bankofengland.co.uk/boeapps/database/_iadb-fromshowcolumns.asp?csv.x=yes&Datefrom=01/Jan/1975&Dateto=now&SeriesCodes=IUDBEDR,IUMBV34,IUMBV37,IUMBV42,IUMBV45,IUM2WTL,IUM5WTL,IUMTLMV&UsingCodes=Y&VPD=Y&VFD=N",2026-08-10
1997-04-30,IUMBV34,7.24,bank_of_england_iadb,"https://www.bankofengland.co.uk/boeapps/database/_iadb-fromshowcolumns.asp?csv.x=yes&Datefrom=01/Jan/1975&Dateto=now&SeriesCodes=IUDBEDR,IUMBV34,IUMBV37,IUMBV42,IUMBV45,IUM2WTL,IUM5WTL,IUMTLMV&UsingCodes=Y&VPD=Y&VFD=N",2026-08-10
1997-04-30,IUMBV37,7.61,bank_of_england_iadb,"https://www.bankofengland.co.uk/boeapps/database/_iadb-fromshowcolumns.asp?csv.x=yes&Datefrom=01/Jan/1975&Dateto=now&SeriesCodes=IUDBEDR,IUMBV34,IUMBV37,IUMBV42,IUMBV45,IUM2WTL,IUM5WTL,IUMTLMV&UsingCodes=Y&VPD=Y&VFD=N",2026-08-10
1997-04-30,IUMBV42,7.93,bank_of_england_iadb,"https://www.bankofengland.co.uk/boeapps/database/_iadb-fromshowcolumns.asp?csv.x=yes&Datefrom=01/Jan/1975&Dateto=now&SeriesCodes=IUDBEDR,IUMBV34,IUMBV37,IUMBV42,IUMBV45,IUM2WTL,IUM5WTL,IUMTLMV&UsingCodes=Y&VPD=Y&VFD=N",2026-08-10
1997-04-30,IUMBV45,8.71,bank_of_england_iadb,"https://www.bankofengland.co.uk/boeapps/database/_iadb-fromshowcolumns.asp?csv.x=yes&Datefrom=01/Jan/1975&Dateto=now&SeriesCodes=IUDBEDR,IUMBV34,IUMBV37,IUMBV42,IUMBV45,IUM2WTL,IUM5WTL,IUMTLMV&UsingCodes=Y&VPD=Y&VFD=N",2026-08-10
1997-04-30,IUM2WTL,7.3,bank_of_england_iadb,"https://www.bankofengland.co.uk/boeapps/database/_iadb-fromshowcolumns.asp?csv.x=yes&Datefrom=01/Jan/1975&Dateto=now&SeriesCodes=IUDBEDR,IUMBV34,IUMBV37,IUMBV42,IUMBV45,IUM2WTL,IUM5WTL,IUMTLMV&UsingCodes=Y&VPD=Y&VFD=N",2026-08-10
1997-04-30,IUM5WTL,8.07,bank_of_england_iadb,"https://www.bankofengland.co.uk/boeapps/database/_iadb-fromshowcolumns.asp?csv.x=yes&Datefrom=01/Jan/1975&Dateto=now&SeriesCodes=IUDBEDR,IUMBV34,IUMBV37,IUMBV42,IUMBV45,IUM2WTL,IUM5WTL,IUMTLMV&UsingCodes=Y&VPD=Y&VFD=N",2026-08-10
1997-04-30,IUMTLMV,7.22,bank_of_england_iadb,"https://www.bankofengland.co.uk/boeapps/database/_iadb-fromshowcolumns.asp?csv.x=yes&Datefrom=01/Jan/1975&Dateto=now&SeriesCodes=IUDBEDR,IUMBV34,IUMBV37,IUMBV42,IUMBV45,IUM2WTL,IUM5WTL,IUMTLMV&UsingCodes=Y&VPD=Y&VFD=N",2026-08-10
1997-05-31,IUMBV34,7.15,bank_of_england_iadb,"https://www.bankofengland.co.uk/boeapps/database/_iadb-fromshowcolumns.asp?csv.x=yes&Datefrom=01/Jan/1975&Dateto=now&SeriesCodes=IUDBEDR,IUMBV34,IUMBV37,IUMBV42,IUMBV45,IUM2WTL,IUM5WTL,IUMTLMV&UsingCodes=Y&VPD=Y&VFD=N",2026-08-10
1997-05-31,IUMBV37,7.59,bank_of_england_iadb,"https://www.bankofengland.co.uk/boeapps/database/_iadb-fromshowcolumns.asp?csv.x=yes&Datefrom=01/Jan/1975&Dateto=now&SeriesCodes=IUDBEDR,IUMBV34,IUMBV37,IUMBV42,IUMBV45,IUM2WTL,IUM5WTL,IUMTLMV&UsingCodes=Y&VPD=Y&VFD=N",2026-08-10
1997-05-31,IUMBV42,8.02,bank_of_england_iadb,"https://www.bankofengland.co.uk/boeapps/database/_iadb-fromshowcolumns.asp?csv.x=yes&Datefrom=01/Jan/1975&Dateto=now&SeriesCodes=IUDBEDR,IUMBV34,IUMBV37,IUMBV42,IUMBV45,IUM2WTL,IUM5WTL,IUMTLMV&UsingCodes=Y&VPD=Y&VFD=N",2026-08-10
1997-05-31,IUMBV45,8.69,bank_of_england_iadb,"https://www.bankofengland.co.uk/boeapps/database/_iadb-fromshowcolumns.asp?csv.x=yes&Datefrom=01/Jan/1975&Dateto=now&SeriesCodes=IUDBEDR,IUMBV34,IUMBV37,IUMBV42,IUMBV45,IUM2WTL,IUM5WTL,IUMTLMV&UsingCodes=Y&VPD=Y&VFD=N",2026-08-10
1997-05-31,IUM2WTL,7.2,bank_of_england_iadb,"https://www.bankofengland.co.uk/boeapps/database/_iadb-fromshowcolumns.asp?csv.x=yes&Datefrom=01/Jan/1975&Dateto=now&SeriesCodes=IUDBEDR,IUMBV34,IUMBV37,IUMBV42,IUMBV45,IUM2WTL,IUM5WTL,IUMTLMV&UsingCodes=Y&VPD=Y&VFD=N",2026-08-10
1997-05-31,IUM5WTL,8.08,bank_of_england_iadb,"https://www.bankofengland.co.uk/boeapps/database/_iadb-fromshowcolumns.asp?csv.x=yes&Datefrom=01/Jan/1975&Dateto=now&SeriesCodes=IUDBEDR,IUMBV34,IUMBV37,IUMBV42,IUMBV45,IUM2WTL,IUM5WTL,IUMTLMV&UsingCodes=Y&VPD=Y&VFD=N",2026-08-10
1997-05-31,IUMTLMV,7.27,bank_of_england_iadb,"https://www.bankofengland.co.uk/boeapps/database/_iadb-fromshowcolumns.asp?csv.x=yes&Datefrom=01/Jan/1975&Dateto=now&SeriesCodes=IUDBEDR,IUMBV34,IUMBV37,IUMBV42,IUMBV45,IUM2WTL,IUM5WTL,IUMTLMV&UsingCodes=Y&VPD=Y&VFD=N",2026-08-10
1997-06-30,IUMBV34,7.14,bank_of_england_iadb,"https://www.bankofengland.co.uk/boeapps/database/_iadb-fromshowcolumns.asp?csv.x=yes&Datefrom=01/Jan/1975&Dateto=now&SeriesCodes=IUDBEDR,IUMBV34,IUMBV37,IUMBV42,IUMBV45,IUM2WTL,IUM5WTL,IUMTLMV&UsingCodes=Y&VPD=Y&VFD=N",2026-08-10
1997-06-30,IUMBV37,7.61,bank_of_england_iadb,"https://www.bankofengland.co.uk/boeapps/database/_iadb-fromshowcolumns.asp?csv.x=yes&Datefrom=01/Jan/1975&Dateto=now&SeriesCodes=IUDBEDR,IUMBV34,IUMBV37,IUMBV42,IUMBV45,IUM2WTL,IUM5WTL,IUMTLMV&UsingCodes=Y&VPD=Y&VFD=N",2026-08-10
1997-06-30,IUMBV42,7.91,bank_of_england_iadb,"https://www.bankofengland.co.uk/boeapps/database/_iadb-fromshowcolumns.asp?csv.x=yes&Datefrom=01/Jan/1975&Dateto=now&SeriesCodes=IUDBEDR,IUMBV34,IUMBV37,IUMBV42,IUMBV45,IUM2WTL,IUM5WTL,IUMTLMV&UsingCodes=Y&VPD=Y&VFD=N",2026-08-10
1997-06-30,IUMBV45,8.69,bank_of_england_iadb,"https://www.bankofengland.co.uk/boeapps/database/_iadb-fromshowcolumns.asp?csv.x=yes&Datefrom=01/Jan/1975&Dateto=now&SeriesCodes=IUDBEDR,IUMBV34,IUMBV37,IUMBV42,IUMBV45,IUM2WTL,IUM5WTL,IUMTLMV&UsingCodes=Y&VPD=Y&VFD=N",2026-08-10
1997-06-30,IUM2WTL,7.19,bank_of_england_iadb,"https://www.bankofengland.co.uk/boeapps/database/_iadb-fromshowcolumns.asp?csv.x=yes&Datefrom=01/Jan/1975&Dateto=now&SeriesCodes=IUDBEDR,IUMBV34,IUMBV37,IUMBV42,IUMBV45,IUM2WTL,IUM5WTL,IUMTLMV&UsingCodes=Y&VPD=Y&VFD=N",2026-08-10
1997-06-30,IUM5WTL,8.07,bank_of_england_iadb,"https://www.bankofengland.co.uk/boeapps/database/_iadb-fromshowcolumns.asp?csv.x=yes&Datefrom=01/Jan/1975&Dateto=now&SeriesCodes=IUDBEDR,IUMBV34,IUMBV37,IUMBV42,IUMBV45,IUM2WTL,IUM5WTL,IUMTLMV&UsingCodes=Y&VPD=Y&VFD=N",2026-08-10
1997-06-30,IUMTLMV,7.64,bank_of_england_iadb,"https://www.bankofengland.co.uk/boeapps/database/_iadb-fromshowcolumns.asp?csv.x=yes&Datefrom=01/Jan/1975&Dateto=now&SeriesCodes=IUDBEDR,IUMBV34,IUMBV37,IUMBV42,IUMBV45,IUM2WTL,IUM5WTL,IUMTLMV&UsingCodes=Y&VPD=Y&VFD=N",2026-08-10
1997-07-31,IUMBV34,7.2,bank_of_england_iadb,"https://www.bankofengland.co.uk/boeapps/database/_iadb-fromshowcolumns.asp?csv.x=yes&Datefrom=01/Jan/1975&Dateto=now&SeriesCodes=IUDBEDR,IUMBV34,IUMBV37,IUMBV42,IUMBV45,IUM2WTL,IUM5WTL,IUMTLMV&UsingCodes=Y&VPD=Y&VFD=N",2026-08-10
1997-07-31,IUMBV37,7.7,bank_of_england_iadb,"https://www.bankofengland.co.uk/boeapps/database/_iadb-fromshowcolumns.asp?csv.x=yes&Datefrom=01/Jan/1975&Dateto=now&SeriesCodes=IUDBEDR,IUMBV34,IUMBV37,IUMBV42,IUMBV45,IUM2WTL,IUM5WTL,IUMTLMV&UsingCodes=Y&VPD=Y&VFD=N",2026-08-10
1997-07-31,IUMBV42,7.91,bank_of_england_iadb,"https://www.bankofengland.co.uk/boeapps/database/_iadb-fromshowcolumns.asp?csv.x=yes&Datefrom=01/Jan/1975&Dateto=now&SeriesCodes=IUDBEDR,IUMBV34,IUMBV37,IUMBV42,IUMBV45,IUM2WTL,IUM5WTL,IUMTLMV&UsingCodes=Y&VPD=Y&VFD=N",2026-08-10
1997-07-31,IUMBV45,8.39,bank_of_england_iadb,"https://www.bankofengland.co.uk/boeapps/database/_iadb-fromshowcolumns.asp?csv.x=yes&Datefrom=01/Jan/1975&Dateto=now&SeriesCodes=IUDBEDR,IUMBV34,IUMBV37,IUMBV42,IUMBV45,IUM2WTL,IUM5WTL,IUMTLMV&UsingCodes=Y&VPD=Y&VFD=N",2026-08-10
1997-07-31,IUM2WTL,7.23,bank_of_england_iadb,"https://www.bankofengland.co.uk/boeapps/database/_iadb-fromshowcolumns.asp?csv.x=yes&Datefrom=01/Jan/1975&Dateto=now&SeriesCodes=IUDBEDR,IUMBV34,IUMBV37,IUMBV42,IUMBV45,IUM2WTL,IUM5WTL,IUMTLMV&UsingCodes=Y&VPD=Y&VFD=N",2026-08-10
1997-07-31,IUM5WTL,7.97,bank_of_england_iadb,"https://www.bankofengland.co.uk/boeapps/database/_iadb-fromshowcolumns.asp?csv.x=yes&Datefrom=01/Jan/1975&Dateto=now&SeriesCodes=IUDBEDR,IUMBV34,IUMBV37,IUMBV42,IUMBV45,IUM2WTL,IUM5WTL,IUMTLMV&UsingCodes=Y&VPD=Y&VFD=N",2026-08-10
1997-07-31,IUMTLMV,7.86,bank_of_england_iadb,"https://www.bankofengland.co.uk/boeapps/database/_iadb-fromshowcolumns.asp?csv.x=yes&Datefrom=01/Jan/1975&Dateto=now&SeriesCodes=IUDBEDR,IUMBV34,IUMBV37,IUMBV42,IUMBV45,IUM2WTL,IUM5WTL,IUMTLMV&UsingCodes=Y&VPD=Y&VFD=N",2026-08-10
1997-08-31,IUMBV34,7.17,bank_of_england_iadb,"https://www.bankofengland.co.uk/boeapps/database/_iadb-fromshowcolumns.asp?csv.x=yes&Datefrom=01/Jan/1975&Dateto=now&SeriesCodes=IUDBEDR,IUMBV34,IUMBV37,IUMBV42,IUMBV45,IUM2WTL,IUM5WTL,IUMTLMV&UsingCodes=Y&VPD=Y&VFD=N",2026-08-10
1997-08-31,IUMBV37,7.7,bank_of_england_iadb,"https://www.bankofengland.co.uk/boeapps/database/_iadb-fromshowcolumns.asp?csv.x=yes&Datefrom=01/Jan/1975&Dateto=now&SeriesCodes=IUDBEDR,IUMBV34,IUMBV37,IUMBV42,IUMBV45,IUM2WTL,IUM5WTL,IUMTLMV&UsingCodes=Y&VPD=Y&VFD=N",2026-08-10
1997-08-31,IUMBV42,7.9,bank_of_england_iadb,"https://www.bankofengland.co.uk/boeapps/database/_iadb-fromshowcolumns.asp?csv.x=yes&Datefrom=01/Jan/1975&Dateto=now&SeriesCodes=IUDBEDR,IUMBV34,IUMBV37,IUMBV42,IUMBV45,IUM2WTL,IUM5WTL,IUMTLMV&UsingCodes=Y&VPD=Y&VFD=N",2026-08-10
1997-08-31,IUMBV45,8.37,bank_of_england_iadb,"https://www.bankofengland.co.uk/boeapps/database/_iadb-fromshowcolumns.asp?csv.x=yes&Datefrom=01/Jan/1975&Dateto=now&SeriesCodes=IUDBEDR,IUMBV34,IUMBV37,IUMBV42,IUMBV45,IUM2WTL,IUM5WTL,IUMTLMV&UsingCodes=Y&VPD=Y&VFD=N",2026-08-10
1997-08-31,IUM2WTL,7.19,bank_of_england_iadb,"https://www.bankofengland.co.uk/boeapps/database/_iadb-fromshowcolumns.asp?csv.x=yes&Datefrom=01/Jan/1975&Dateto=now&SeriesCodes=IUDBEDR,IUMBV34,IUMBV37,IUMBV42,IUMBV45,IUM2WTL,IUM5WTL,IUMTLMV&UsingCodes=Y&VPD=Y&VFD=N",2026-08-10
1997-08-31,IUM5WTL,7.95,bank_of_england_iadb,"https://www.bankofengland.co.uk/boeapps/database/_iadb-fromshowcolumns.asp?csv.x=yes&Datefrom=01/Jan/1975&Dateto=now&SeriesCodes=IUDBEDR,IUMBV34,IUMBV37,IUMBV42,IUMBV45,IUM2WTL,IUM5WTL,IUMTLMV&UsingCodes=Y&VPD=Y&VFD=N",2026-08-10
1997-08-31,IUMTLMV,8.15,bank_of_england_iadb,"https://www.bankofengland.co.uk/boeapps/database/_iadb-fromshowcolumns.asp?csv.x=yes&Datefrom=01/Jan/1975&Dateto=now&SeriesCodes=IUDBEDR,IUMBV34,IUMBV37,IUMBV42,IUMBV45,IUM2WTL,IUM5WTL,IUMTLMV&UsingCodes=Y&VPD=Y&VFD=N",2026-08-10
1997-09-30,IUMBV34,7.06,bank_of_england_iadb,"https://www.bankofengland.co.uk/boeapps/database/_iadb-fromshowcolumns.asp?csv.x=yes&Datefrom=01/Jan/1975&Dateto=now&SeriesCodes=IUDBEDR,IUMBV34,IUMBV37,IUMBV42,IUMBV45,IUM2WTL,IUM5WTL,IUMTLMV&UsingCodes=Y&VPD=Y&VFD=N",2026-08-10
1997-09-30,IUMBV37,7.63,bank_of_england_iadb,"https://www.bankofengland.co.uk/boeapps/database/_iadb-fromshowcolumns.asp?csv.x=yes&Datefrom=01/Jan/1975&Dateto=now&SeriesCodes=IUDBEDR,IUMBV34,IUMBV37,IUMBV42,IUMBV45,IUM2WTL,IUM5WTL,IUMTLMV&UsingCodes=Y&VPD=Y&VFD=N",2026-08-10
1997-09-30,IUMBV42,7.67,bank_of_england_iadb,"https://www.bankofengland.co.uk/boeapps/database/_iadb-fromshowcolumns.asp?csv.x=yes&Datefrom=01/Jan/1975&Dateto=now&SeriesCodes=IUDBEDR,IUMBV34,IUMBV37,IUMBV42,IUMBV45,IUM2WTL,IUM5WTL,IUMTLMV&UsingCodes=Y&VPD=Y&VFD=N",2026-08-10
1997-09-30,IUMBV45,8.14,bank_of_england_iadb,"https://www.bankofengland.co.uk/boeapps/database/_iadb-fromshowcolumns.asp?csv.x=yes&Datefrom=01/Jan/1975&Dateto=now&SeriesCodes=IUDBEDR,IUMBV34,IUMBV37,IUMBV42,IUMBV45,IUM2WTL,IUM5WTL,IUMTLMV&UsingCodes=Y&VPD=Y&VFD=N",2026-08-10
1997-09-30,IUM2WTL,7.09,bank_of_england_iadb,"https://www.bankofengland.co.uk/boeapps/database/_iadb-fromshowcolumns.asp?csv.x=yes&Datefrom=01/Jan/1975&Dateto=now&SeriesCodes=IUDBEDR,IUMBV34,IUMBV37,IUMBV42,IUMBV45,IUM2WTL,IUM5WTL,IUMTLMV&UsingCodes=Y&VPD=Y&VFD=N",2026-08-10
1997-09-30,IUM5WTL,7.91,bank_of_england_iadb,"https://www.bankofengland.co.uk/boeapps/database/_iadb-fromshowcolumns.asp?csv.x=yes&Datefrom=01/Jan/1975&Dateto=now&SeriesCodes=IUDBEDR,IUMBV34,IUMBV37,IUMBV42,IUMBV45,IUM2WTL,IUM5WTL,IUMTLMV&UsingCodes=Y&VPD=Y&VFD=N",2026-08-10
1997-09-30,IUMTLMV,8.33,bank_of_england_iadb,"https://www.bankofengland.co.uk/boeapps/database/_iadb-fromshowcolumns.asp?csv.x=yes&Datefrom=01/Jan/1975&Dateto=now&SeriesCodes=IUDBEDR,IUMBV34,IUMBV37,IUMBV42,IUMBV45,IUM2WTL,IUM5WTL,IUMTLMV&UsingCodes=Y&VPD=Y&VFD=N",2026-08-10
1997-10-31,IUMBV34,7.07,bank_of_england_iadb,"https://www.bankofengland.co.uk/boeapps/database/_iadb-fromshowcolumns.asp?csv.x=yes&Datefrom=01/Jan/1975&Dateto=now&SeriesCodes=IUDBEDR,IUMBV34,IUMBV37,IUMBV42,IUMBV45,IUM2WTL,IUM5WTL,IUMTLMV&UsingCodes=Y&VPD=Y&VFD=N",2026-08-10
1997-10-31,IUMBV37,7.5,bank_of_england_iadb,"https://www.bankofengland.co.uk/boeapps/database/_iadb-fromshowcolumns.asp?csv.x=yes&Datefrom=01/Jan/1975&Dateto=now&SeriesCodes=IUDBEDR,IUMBV34,IUMBV37,IUMBV42,IUMBV45,IUM2WTL,IUM5WTL,IUMTLMV&UsingCodes=Y&VPD=Y&VFD=N",2026-08-10
1997-10-31,IUMBV42,7.49,bank_of_england_iadb,"https://www.bankofengland.co.uk/boeapps/database/_iadb-fromshowcolumns.asp?csv.x=yes&Datefrom=01/Jan/1975&Dateto=now&SeriesCodes=IUDBEDR,IUMBV34,IUMBV37,IUMBV42,IUMBV45,IUM2WTL,IUM5WTL,IUMTLMV&UsingCodes=Y&VPD=Y&VFD=N",2026-08-10
1997-10-31,IUMBV45,8.03,bank_of_england_iadb,"https://www.bankofengland.co.uk/boeapps/database/_iadb-fromshowcolumns.asp?csv.x=yes&Datefrom=01/Jan/1975&Dateto=now&SeriesCodes=IUDBEDR,IUMBV34,IUMBV37,IUMBV42,IUMBV45,IUM2WTL,IUM5WTL,IUMTLMV&UsingCodes=Y&VPD=Y&VFD=N",2026-08-10
1997-10-31,IUM2WTL,7.1,bank_of_england_iadb,"https://www.bankofengland.co.uk/boeapps/database/_iadb-fromshowcolumns.asp?csv.x=yes&Datefrom=01/Jan/1975&Dateto=now&SeriesCodes=IUDBEDR,IUMBV34,IUMBV37,IUMBV42,IUMBV45,IUM2WTL,IUM5WTL,IUMTLMV&UsingCodes=Y&VPD=Y&VFD=N",2026-08-10
1997-10-31,IUM5WTL,7.74,bank_of_england_iadb,"https://www.bankofengland.co.uk/boeapps/database/_iadb-fromshowcolumns.asp?csv.x=yes&Datefrom=01/Jan/1975&Dateto=now&SeriesCodes=IUDBEDR,IUMBV34,IUMBV37,IUMBV42,IUMBV45,IUM2WTL,IUM5WTL,IUMTLMV&UsingCodes=Y&VPD=Y&VFD=N",2026-08-10
1997-10-31,IUMTLMV,8.36,bank_of_england_iadb,"https://www.bankofengland.co.uk/boeapps/database/_iadb-fromshowcolumns.asp?csv.x=yes&Datefrom=01/Jan/1975&Dateto=now&SeriesCodes=IUDBEDR,IUMBV34,IUMBV37,IUMBV42,IUMBV45,IUM2WTL,IUM5WTL,IUMTLMV&UsingCodes=Y&VPD=Y&VFD=N",2026-08-10
1997-11-30,IUMBV34,7.04,bank_of_england_iadb,"https://www.bankofengland.co.uk/boeapps/database/_iadb-fromshowcolumns.asp?csv.x=yes&Datefrom=01/Jan/1975&Dateto=now&SeriesCodes=IUDBEDR,IUMBV34,IUMBV37,IUMBV42,IUMBV45,IUM2WTL,IUM5WTL,IUMTLMV&UsingCodes=Y&VPD=Y&VFD=N",2026-08-10
1997-11-30,IUMBV37,7.36,bank_of_england_iadb,"https://www.bankofengland.co.uk/boeapps/database/_iadb-fromshowcolumns.asp?csv.x=yes&Datefrom=01/Jan/1975&Dateto=now&SeriesCodes=IUDBEDR,IUMBV34,IUMBV37,IUMBV42,IUMBV45,IUM2WTL,IUM5WTL,IUMTLMV&UsingCodes=Y&VPD=Y&VFD=N",2026-08-10
1997-11-30,IUMBV42,7.33,bank_of_england_iadb,"https://www.bankofengland.co.uk/boeapps/database/_iadb-fromshowcolumns.asp?csv.x=yes&Datefrom=01/Jan/1975&Dateto=now&SeriesCodes=IUDBEDR,IUMBV34,IUMBV37,IUMBV42,IUMBV45,IUM2WTL,IUM5WTL,IUMTLMV&UsingCodes=Y&VPD=Y&VFD=N",2026-08-10
1997-11-30,IUMBV45,7.72,bank_of_england_iadb,"https://www.bankofengland.co.uk/boeapps/database/_iadb-fromshowcolumns.asp?csv.x=yes&Datefrom=01/Jan/1975&Dateto=now&SeriesCodes=IUDBEDR,IUMBV34,IUMBV37,IUMBV42,IUMBV45,IUM2WTL,IUM5WTL,IUMTLMV&UsingCodes=Y&VPD=Y&VFD=N",2026-08-10
1997-11-30,IUM2WTL,7.06,bank_of_england_iadb,"https://www.bankofengland.co.uk/boeapps/database/_iadb-fromshowcolumns.asp?csv.x=yes&Datefrom=01/Jan/1975&Dateto=now&SeriesCodes=IUDBEDR,IUMBV34,IUMBV37,IUMBV42,IUMBV45,IUM2WTL,IUM5WTL,IUMTLMV&UsingCodes=Y&VPD=Y&VFD=N",2026-08-10
1997-11-30,IUM5WTL,7.46,bank_of_england_iadb,"https://www.bankofengland.co.uk/boeapps/database/_iadb-fromshowcolumns.asp?csv.x=yes&Datefrom=01/Jan/1975&Dateto=now&SeriesCodes=IUDBEDR,IUMBV34,IUMBV37,IUMBV42,IUMBV45,IUM2WTL,IUM5WTL,IUMTLMV&UsingCodes=Y&VPD=Y&VFD=N",2026-08-10
1997-11-30,IUMTLMV,8.37,bank_of_england_iadb,"https://www.bankofengland.co.uk/boeapps/database/_iadb-fromshowcolumns.asp?csv.x=yes&Datefrom=01/Jan/1975&Dateto=now&SeriesCodes=IUDBEDR,IUMBV34,IUMBV37,IUMBV42,IUMBV45,IUM2WTL,IUM5WTL,IUMTLMV&UsingCodes=Y&VPD=Y&VFD=N",2026-08-10
1997-12-31,IUMBV34,7.13,bank_of_england_iadb,"https://www.bankofengland.co.uk/boeapps/database/_iadb-fromshowcolumns.asp?csv.x=yes&Datefrom=01/Jan/1975&Dateto=now&SeriesCodes=IUDBEDR,IUMBV34,IUMBV37,IUMBV42,IUMBV45,IUM2WTL,IUM5WTL,IUMTLMV&UsingCodes=Y&VPD=Y&VFD=N",2026-08-10
1997-12-31,IUMBV37,7.39,bank_of_england_iadb,"https://www.bankofengland.co.uk/boeapps/database/_iadb-fromshowcolumns.asp?csv.x=yes&Datefrom=01/Jan/1975&Dateto=now&SeriesCodes=IUDBEDR,IUMBV34,IUMBV37,IUMBV42,IUMBV45,IUM2WTL,IUM5WTL,IUMTLMV&UsingCodes=Y&VPD=Y&VFD=N",2026-08-10
1997-12-31,IUMBV42,7.4,bank_of_england_iadb,"https://www.bankofengland.co.uk/boeapps/database/_iadb-fromshowcolumns.asp?csv.x=yes&Datefrom=01/Jan/1975&Dateto=now&SeriesCodes=IUDBEDR,IUMBV34,IUMBV37,IUMBV42,IUMBV45,IUM2WTL,IUM5WTL,IUMTLMV&UsingCodes=Y&VPD=Y&VFD=N",2026-08-10
1997-12-31,IUMBV45,7.71,bank_of_england_iadb,"https://www.bankofengland.co.uk/boeapps/database/_iadb-fromshowcolumns.asp?csv.x=yes&Datefrom=01/Jan/1975&Dateto=now&SeriesCodes=IUDBEDR,IUMBV34,IUMBV37,IUMBV42,IUMBV45,IUM2WTL,IUM5WTL,IUMTLMV&UsingCodes=Y&VPD=Y&VFD=N",2026-08-10
1997-12-31,IUM2WTL,7.33,bank_of_england_iadb,"https://www.bankofengland.co.uk/boeapps/database/_iadb-fromshowcolumns.asp?csv.x=yes&Datefrom=01/Jan/1975&Dateto=now&SeriesCodes=IUDBEDR,IUMBV34,IUMBV37,IUMBV42,IUMBV45,IUM2WTL,IUM5WTL,IUMTLMV&UsingCodes=Y&VPD=Y&VFD=N",2026-08-10
1997-12-31,IUM5WTL,7.56,bank_of_england_iadb,"https://www.bankofengland.co.uk/boeapps/database/_iadb-fromshowcolumns.asp?csv.x=yes&Datefrom=01/Jan/1975&Dateto=now&SeriesCodes=IUDBEDR,IUMBV34,IUMBV37,IUMBV42,IUMBV45,IUM2WTL,IUM5WTL,IUMTLMV&UsingCodes=Y&VPD=Y&VFD=N",2026-08-10
1997-12-31,IUMTLMV,8.5,bank_of_england_iadb,"https://www.bankofengland.co.uk/boeapps/database/_iadb-fromshowcolumns.asp?csv.x=yes&Datefrom=01/Jan/1975&Dateto=now&SeriesCodes=IUDBEDR,IUMBV34,IUMBV37,IUMBV42,IUMBV45,IUM2WTL,IUM5WTL,IUMTLMV&UsingCodes=Y&VPD=Y&VFD=N",2026-08-10
1998-01-31,IUMBV34,7.13,bank_of_england_iadb,"https://www.bankofengland.co.uk/boeapps/database/_iadb-fromshowcolumns.asp?csv.x=yes&Datefrom=01/Jan/1975&Dateto=now&SeriesCodes=IUDBEDR,IUMBV34,IUMBV37,IUMBV42,IUMBV45,IUM2WTL,IUM5WTL,IUMTLMV&UsingCodes=Y&VPD=Y&VFD=N",2026-08-10
1998-01-31,IUMBV37,7.38,bank_of_england_iadb,"https://www.bankofengland.co.uk/boeapps/database/_iadb-fromshowcolumns.asp?csv.x=yes&Datefrom=01/Jan/1975&Dateto=now&SeriesCodes=IUDBEDR,IUMBV34,IUMBV37,IUMBV42,IUMBV45,IUM2WTL,IUM5WTL,IUMTLMV&UsingCodes=Y&VPD=Y&VFD=N",2026-08-10
1998-01-31,IUMBV42,7.31,bank_of_england_iadb,"https://www.bankofengland.co.uk/boeapps/database/_iadb-fromshowcolumns.asp?csv.x=yes&Datefrom=01/Jan/1975&Dateto=now&SeriesCodes=IUDBEDR,IUMBV34,IUMBV37,IUMBV42,IUMBV45,IUM2WTL,IUM5WTL,IUMTLMV&UsingCodes=Y&VPD=Y&VFD=N",2026-08-10
1998-01-31,IUMBV45,7.74,bank_of_england_iadb,"https://www.bankofengland.co.uk/boeapps/database/_iadb-fromshowcolumns.asp?csv.x=yes&Datefrom=01/Jan/1975&Dateto=now&SeriesCodes=IUDBEDR,IUMBV34,IUMBV37,IUMBV42,IUMBV45,IUM2WTL,IUM5WTL,IUMTLMV&UsingCodes=Y&VPD=Y&VFD=N",2026-08-10
1998-01-31,IUM2WTL,7.33,bank_of_england_iadb,"https://www.bankofengland.co.uk/boeapps/database/_iadb-fromshowcolumns.asp?csv.x=yes&Datefrom=01/Jan/1975&Dateto=now&SeriesCodes=IUDBEDR,IUMBV34,IUMBV37,IUMBV42,IUMBV45,IUM2WTL,IUM5WTL,IUMTLMV&UsingCodes=Y&VPD=Y&VFD=N",2026-08-10
1998-01-31,IUM5WTL,7.54,bank_of_england_iadb,"https://www.bankofengland.co.uk/boeapps/database/_iadb-fromshowcolumns.asp?csv.x=yes&Datefrom=01/Jan/1975&Dateto=now&SeriesCodes=IUDBEDR,IUMBV34,IUMBV37,IUMBV42,IUMBV45,IUM2WTL,IUM5WTL,IUMTLMV&UsingCodes=Y&VPD=Y&VFD=N",2026-08-10
1998-01-31,IUMTLMV,8.56,bank_of_england_iadb,"https://www.bankofengland.co.uk/boeapps/database/_iadb-fromshowcolumns.asp?csv.x=yes&Datefrom=01/Jan/1975&Dateto=now&SeriesCodes=IUDBEDR,IUMBV34,IUMBV37,IUMBV42,IUMBV45,IUM2WTL,IUM5WTL,IUMTLMV&UsingCodes=Y&VPD=Y&VFD=N",2026-08-10
1998-02-28,IUMBV34,7.08,bank_of_england_iadb,"https://www.bankofengland.co.uk/boeapps/database/_iadb-fromshowcolumns.asp?csv.x=yes&Datefrom=01/Jan/1975&Dateto=now&SeriesCodes=IUDBEDR,IUMBV34,IUMBV37,IUMBV42,IUMBV45,IUM2WTL,IUM5WTL,IUMTLMV&UsingCodes=Y&VPD=Y&VFD=N",2026-08-10
1998-02-28,IUMBV37,7.29,bank_of_england_iadb,"https://www.bankofengland.co.uk/boeapps/database/_iadb-fromshowcolumns.asp?csv.x=yes&Datefrom=01/Jan/1975&Dateto=now&SeriesCodes=IUDBEDR,IUMBV34,IUMBV37,IUMBV42,IUMBV45,IUM2WTL,IUM5WTL,IUMTLMV&UsingCodes=Y&VPD=Y&VFD=N",2026-08-10
1998-02-28,IUMBV42,7.15,bank_of_england_iadb,"https://www.bankofengland.co.uk/boeapps/database/_iadb-fromshowcolumns.asp?csv.x=yes&Datefrom=01/Jan/1975&Dateto=now&SeriesCodes=IUDBEDR,IUMBV34,IUMBV37,IUMBV42,IUMBV45,IUM2WTL,IUM5WTL,IUMTLMV&UsingCodes=Y&VPD=Y&VFD=N",2026-08-10
1998-02-28,IUMBV45,7.61,bank_of_england_iadb,"https://www.bankofengland.co.uk/boeapps/database/_iadb-fromshowcolumns.asp?csv.x=yes&Datefrom=01/Jan/1975&Dateto=now&SeriesCodes=IUDBEDR,IUMBV34,IUMBV37,IUMBV42,IUMBV45,IUM2WTL,IUM5WTL,IUMTLMV&UsingCodes=Y&VPD=Y&VFD=N",2026-08-10
1998-02-28,IUM2WTL,7.32,bank_of_england_iadb,"https://www.bankofengland.co.uk/boeapps/database/_iadb-fromshowcolumns.asp?csv.x=yes&Datefrom=01/Jan/1975&Dateto=now&SeriesCodes=IUDBEDR,IUMBV34,IUMBV37,IUMBV42,IUMBV45,IUM2WTL,IUM5WTL,IUMTLMV&UsingCodes=Y&VPD=Y&VFD=N",2026-08-10
1998-02-28,IUM5WTL,7.3,bank_of_england_iadb,"https://www.bankofengland.co.uk/boeapps/database/_iadb-fromshowcolumns.asp?csv.x=yes&Datefrom=01/Jan/1975&Dateto=now&SeriesCodes=IUDBEDR,IUMBV34,IUMBV37,IUMBV42,IUMBV45,IUM2WTL,IUM5WTL,IUMTLMV&UsingCodes=Y&VPD=Y&VFD=N",2026-08-10
1998-02-28,IUMTLMV,8.59,bank_of_england_iadb,"https://www.bankofengland.co.uk/boeapps/database/_iadb-fromshowcolumns.asp?csv.x=yes&Datefrom=01/Jan/1975&Dateto=now&SeriesCodes=IUDBEDR,IUMBV34,IUMBV37,IUMBV42,IUMBV45,IUM2WTL,IUM5WTL,IUMTLMV&UsingCodes=Y&VPD=Y&VFD=N",2026-08-10
1998-03-31,IUMBV34,7.02,bank_of_england_iadb,"https://www.bankofengland.co.uk/boeapps/database/_iadb-fromshowcolumns.asp?csv.x=yes&Datefrom=01/Jan/1975&Dateto=now&SeriesCodes=IUDBEDR,IUMBV34,IUMBV37,IUMBV42,IUMBV45,IUM2WTL,IUM5WTL,IUMTLMV&UsingCodes=Y&VPD=Y&VFD=N",2026-08-10
1998-03-31,IUMBV37,7.17,bank_of_england_iadb,"https://www.bankofengland.co.uk/boeapps/database/_iadb-fromshowcolumns.asp?csv.x=yes&Datefrom=01/Jan/1975&Dateto=now&SeriesCodes=IUDBEDR,IUMBV34,IUMBV37,IUMBV42,IUMBV45,IUM2WTL,IUM5WTL,IUMTLMV&UsingCodes=Y&VPD=Y&VFD=N",2026-08-10
1998-03-31,IUMBV42,7.06,bank_of_england_iadb,"https://www.bankofengland.co.uk/boeapps/database/_iadb-fromshowcolumns.asp?csv.x=yes&Datefrom=01/Jan/1975&Dateto=now&SeriesCodes=IUDBEDR,IUMBV34,IUMBV37,IUMBV42,IUMBV45,IUM2WTL,IUM5WTL,IUMTLMV&UsingCodes=Y&VPD=Y&VFD=N",2026-08-10
1998-03-31,IUMBV45,7.38,bank_of_england_iadb,"https://www.bankofengland.co.uk/boeapps/database/_iadb-fromshowcolumns.asp?csv.x=yes&Datefrom=01/Jan/1975&Dateto=now&SeriesCodes=IUDBEDR,IUMBV34,IUMBV37,IUMBV42,IUMBV45,IUM2WTL,IUM5WTL,IUMTLMV&UsingCodes=Y&VPD=Y&VFD=N",2026-08-10
1998-03-31,IUM2WTL,7.26,bank_of_england_iadb,"https://www.bankofengland.co.uk/boeapps/database/_iadb-fromshowcolumns.asp?csv.x=yes&Datefrom=01/Jan/1975&Dateto=now&SeriesCodes=IUDBEDR,IUMBV34,IUMBV37,IUMBV42,IUMBV45,IUM2WTL,IUM5WTL,IUMTLMV&UsingCodes=Y&VPD=Y&VFD=N",2026-08-10
1998-03-31,IUM5WTL,7.22,bank_of_england_iadb,"https://www.bankofengland.co.uk/boeapps/database/_iadb-fromshowcolumns.asp?csv.x=yes&Datefrom=01/Jan/1975&Dateto=now&SeriesCodes=IUDBEDR,IUMBV34,IUMBV37,IUMBV42,IUMBV45,IUM2WTL,IUM5WTL,IUMTLMV&UsingCodes=Y&VPD=Y&VFD=N",2026-08-10
1998-03-31,IUMTLMV,8.59,bank_of_england_iadb,"https://www.bankofengland.co.uk/boeapps/database/_iadb-fromshowcolumns.asp?csv.x=yes&Datefrom=01/Jan/1975&Dateto=now&SeriesCodes=IUDBEDR,IUMBV34,IUMBV37,IUMBV42,IUMBV45,IUM2WTL,IUM5WTL,IUMTLMV&UsingCodes=Y&VPD=Y&VFD=N",2026-08-10
1998-04-30,IUMBV34,7.14,bank_of_england_iadb,"https://www.bankofengland.co.uk/boeapps/database/_iadb-fromshowcolumns.asp?csv.x=yes&Datefrom=01/Jan/1975&Dateto=now&SeriesCodes=IUDBEDR,IUMBV34,IUMBV37,IUMBV42,IUMBV45,IUM2WTL,IUM5WTL,IUMTLMV&UsingCodes=Y&VPD=Y&VFD=N",2026-08-10
1998-04-30,IUMBV37,7.19,bank_of_england_iadb,"https://www.bankofengland.co.uk/boeapps/database/_iadb-fromshowcolumns.asp?csv.x=yes&Datefrom=01/Jan/1975&Dateto=now&SeriesCodes=IUDBEDR,IUMBV34,IUMBV37,IUMBV42,IUMBV45,IUM2WTL,IUM5WTL,IUMTLMV&UsingCodes=Y&VPD=Y&VFD=N",2026-08-10
1998-04-30,IUMBV42,6.82,bank_of_england_iadb,"https://www.bankofengland.co.uk/boeapps/database/_iadb-fromshowcolumns.asp?csv.x=yes&Datefrom=01/Jan/1975&Dateto=now&SeriesCodes=IUDBEDR,IUMBV34,IUMBV37,IUMBV42,IUMBV45,IUM2WTL,IUM5WTL,IUMTLMV&UsingCodes=Y&VPD=Y&VFD=N",2026-08-10
1998-04-30,IUMBV45,7.25,bank_of_england_iadb,"https://www.bankofengland.co.uk/boeapps/database/_iadb-fromshowcolumns.asp?csv.x=yes&Datefrom=01/Jan/1975&Dateto=now&SeriesCodes=IUDBEDR,IUMBV34,IUMBV37,IUMBV42,IUMBV45,IUM2WTL,IUM5WTL,IUMTLMV&UsingCodes=Y&VPD=Y&VFD=N",2026-08-10
1998-04-30,IUM2WTL,7.28,bank_of_england_iadb,"https://www.bankofengland.co.uk/boeapps/database/_iadb-fromshowcolumns.asp?csv.x=yes&Datefrom=01/Jan/1975&Dateto=now&SeriesCodes=IUDBEDR,IUMBV34,IUMBV37,IUMBV42,IUMBV45,IUM2WTL,IUM5WTL,IUMTLMV&UsingCodes=Y&VPD=Y&VFD=N",2026-08-10
1998-04-30,IUM5WTL,7.01,bank_of_england_iadb,"https://www.bankofengland.co.uk/boeapps/database/_iadb-fromshowcolumns.asp?csv.x=yes&Datefrom=01/Jan/1975&Dateto=now&SeriesCodes=IUDBEDR,IUMBV34,IUMBV37,IUMBV42,IUMBV45,IUM2WTL,IUM5WTL,IUMTLMV&UsingCodes=Y&VPD=Y&VFD=N",2026-08-10
1998-04-30,IUMTLMV,8.59,bank_of_england_iadb,"https://www.bankofengland.co.uk/boeapps/database/_iadb-fromshowcolumns.asp?csv.x=yes&Datefrom=01/Jan/1975&Dateto=now&SeriesCodes=IUDBEDR,IUMBV34,IUMBV37,IUMBV42,IUMBV45,IUM2WTL,IUM5WTL,IUMTLMV&UsingCodes=Y&VPD=Y&VFD=N",2026-08-10
1998-05-31,IUMBV34,7.12,bank_of_england_iadb,"https://www.bankofengland.co.uk/boeapps/database/_iadb-fromshowcolumns.asp?csv.x=yes&Datefrom=01/Jan/1975&Dateto=now&SeriesCodes=IUDBEDR,IUMBV34,IUMBV37,IUMBV42,IUMBV45,IUM2WTL,IUM5WTL,IUMTLMV&UsingCodes=Y&VPD=Y&VFD=N",2026-08-10
1998-05-31,IUMBV37,7.03,bank_of_england_iadb,"https://www.bankofengland.co.uk/boeapps/database/_iadb-fromshowcolumns.asp?csv.x=yes&Datefrom=01/Jan/1975&Dateto=now&SeriesCodes=IUDBEDR,IUMBV34,IUMBV37,IUMBV42,IUMBV45,IUM2WTL,IUM5WTL,IUMTLMV&UsingCodes=Y&VPD=Y&VFD=N",2026-08-10
1998-05-31,IUMBV42,6.83,bank_of_england_iadb,"https://www.bankofengland.co.uk/boeapps/database/_iadb-fromshowcolumns.asp?csv.x=yes&Datefrom=01/Jan/1975&Dateto=now&SeriesCodes=IUDBEDR,IUMBV34,IUMBV37,IUMBV42,IUMBV45,IUM2WTL,IUM5WTL,IUMTLMV&UsingCodes=Y&VPD=Y&VFD=N",2026-08-10
1998-05-31,IUMBV45,7.02,bank_of_england_iadb,"https://www.bankofengland.co.uk/boeapps/database/_iadb-fromshowcolumns.asp?csv.x=yes&Datefrom=01/Jan/1975&Dateto=now&SeriesCodes=IUDBEDR,IUMBV34,IUMBV37,IUMBV42,IUMBV45,IUM2WTL,IUM5WTL,IUMTLMV&UsingCodes=Y&VPD=Y&VFD=N",2026-08-10
1998-05-31,IUM2WTL,7.35,bank_of_england_iadb,"https://www.bankofengland.co.uk/boeapps/database/_iadb-fromshowcolumns.asp?csv.x=yes&Datefrom=01/Jan/1975&Dateto=now&SeriesCodes=IUDBEDR,IUMBV34,IUMBV37,IUMBV42,IUMBV45,IUM2WTL,IUM5WTL,IUMTLMV&UsingCodes=Y&VPD=Y&VFD=N",2026-08-10
1998-05-31,IUM5WTL,6.96,bank_of_england_iadb,"https://www.bankofengland.co.uk/boeapps/database/_iadb-fromshowcolumns.asp?csv.x=yes&Datefrom=01/Jan/1975&Dateto=now&SeriesCodes=IUDBEDR,IUMBV34,IUMBV37,IUMBV42,IUMBV45,IUM2WTL,IUM5WTL,IUMTLMV&UsingCodes=Y&VPD=Y&VFD=N",2026-08-10
1998-05-31,IUMTLMV,8.59,bank_of_england_iadb,"https://www.bankofengland.co.uk/boeapps/database/_iadb-fromshowcolumns.asp?csv.x=yes&Datefrom=01/Jan/1975&Dateto=now&SeriesCodes=IUDBEDR,IUMBV34,IUMBV37,IUMBV42,IUMBV45,IUM2WTL,IUM5WTL,IUMTLMV&UsingCodes=Y&VPD=Y&VFD=N",2026-08-10
1998-06-30,IUMBV34,6.94,bank_of_england_iadb,"https://www.bankofengland.co.uk/boeapps/database/_iadb-fromshowcolumns.asp?csv.x=yes&Datefrom=01/Jan/1975&Dateto=now&SeriesCodes=IUDBEDR,IUMBV34,IUMBV37,IUMBV42,IUMBV45,IUM2WTL,IUM5WTL,IUMTLMV&UsingCodes=Y&VPD=Y&VFD=N",2026-08-10
1998-06-30,IUMBV37,6.91,bank_of_england_iadb,"https://www.bankofengland.co.uk/boeapps/database/_iadb-fromshowcolumns.asp?csv.x=yes&Datefrom=01/Jan/1975&Dateto=now&SeriesCodes=IUDBEDR,IUMBV34,IUMBV37,IUMBV42,IUMBV45,IUM2WTL,IUM5WTL,IUMTLMV&UsingCodes=Y&VPD=Y&VFD=N",2026-08-10
1998-06-30,IUMBV42,6.75,bank_of_england_iadb,"https://www.bankofengland.co.uk/boeapps/database/_iadb-fromshowcolumns.asp?csv.x=yes&Datefrom=01/Jan/1975&Dateto=now&SeriesCodes=IUDBEDR,IUMBV34,IUMBV37,IUMBV42,IUMBV45,IUM2WTL,IUM5WTL,IUMTLMV&UsingCodes=Y&VPD=Y&VFD=N",2026-08-10
1998-06-30,IUMBV45,6.96,bank_of_england_iadb,"https://www.bankofengland.co.uk/boeapps/database/_iadb-fromshowcolumns.asp?csv.x=yes&Datefrom=01/Jan/1975&Dateto=now&SeriesCodes=IUDBEDR,IUMBV34,IUMBV37,IUMBV42,IUMBV45,IUM2WTL,IUM5WTL,IUMTLMV&UsingCodes=Y&VPD=Y&VFD=N",2026-08-10
1998-06-30,IUM2WTL,7.24,bank_of_england_iadb,"https://www.bankofengland.co.uk/boeapps/database/_iadb-fromshowcolumns.asp?csv.x=yes&Datefrom=01/Jan/1975&Dateto=now&SeriesCodes=IUDBEDR,IUMBV34,IUMBV37,IUMBV42,IUMBV45,IUM2WTL,IUM5WTL,IUMTLMV&UsingCodes=Y&VPD=Y&VFD=N",2026-08-10
1998-06-30,IUM5WTL,6.83,bank_of_england_iadb,"https://www.bankofengland.co.uk/boeapps/database/_iadb-fromshowcolumns.asp?csv.x=yes&Datefrom=01/Jan/1975&Dateto=now&SeriesCodes=IUDBEDR,IUMBV34,IUMBV37,IUMBV42,IUMBV45,IUM2WTL,IUM5WTL,IUMTLMV&UsingCodes=Y&VPD=Y&VFD=N",2026-08-10
1998-06-30,IUMTLMV,8.59,bank_of_england_iadb,"https://www.bankofengland.co.uk/boeapps/database/_iadb-fromshowcolumns.asp?csv.x=yes&Datefrom=01/Jan/1975&Dateto=now&SeriesCodes=IUDBEDR,IUMBV34,IUMBV37,IUMBV42,IUMBV45,IUM2WTL,IUM5WTL,IUMTLMV&UsingCodes=Y&VPD=Y&VFD=N",2026-08-10
1998-07-31,IUMBV34,7.08,bank_of_england_iadb,"https://www.bankofengland.co.uk/boeapps/database/_iadb-fromshowcolumns.asp?csv.x=yes&Datefrom=01/Jan/1975&Dateto=now&SeriesCodes=IUDBEDR,IUMBV34,IUMBV37,IUMBV42,IUMBV45,IUM2WTL,IUM5WTL,IUMTLMV&UsingCodes=Y&VPD=Y&VFD=N",2026-08-10
1998-07-31,IUMBV37,7.18,bank_of_england_iadb,"https://www.bankofengland.co.uk/boeapps/database/_iadb-fromshowcolumns.asp?csv.x=yes&Datefrom=01/Jan/1975&Dateto=now&SeriesCodes=IUDBEDR,IUMBV34,IUMBV37,IUMBV42,IUMBV45,IUM2WTL,IUM5WTL,IUMTLMV&UsingCodes=Y&VPD=Y&VFD=N",2026-08-10
1998-07-31,IUMBV42,6.94,bank_of_england_iadb,"https://www.bankofengland.co.uk/boeapps/database/_iadb-fromshowcolumns.asp?csv.x=yes&Datefrom=01/Jan/1975&Dateto=now&SeriesCodes=IUDBEDR,IUMBV34,IUMBV37,IUMBV42,IUMBV45,IUM2WTL,IUM5WTL,IUMTLMV&UsingCodes=Y&VPD=Y&VFD=N",2026-08-10
1998-07-31,IUMBV45,7.0,bank_of_england_iadb,"https://www.bankofengland.co.uk/boeapps/database/_iadb-fromshowcolumns.asp?csv.x=yes&Datefrom=01/Jan/1975&Dateto=now&SeriesCodes=IUDBEDR,IUMBV34,IUMBV37,IUMBV42,IUMBV45,IUM2WTL,IUM5WTL,IUMTLMV&UsingCodes=Y&VPD=Y&VFD=N",2026-08-10
1998-07-31,IUM2WTL,7.35,bank_of_england_iadb,"https://www.bankofengland.co.uk/boeapps/database/_iadb-fromshowcolumns.asp?csv.x=yes&Datefrom=01/Jan/1975&Dateto=now&SeriesCodes=IUDBEDR,IUMBV34,IUMBV37,IUMBV42,IUMBV45,IUM2WTL,IUM5WTL,IUMTLMV&UsingCodes=Y&VPD=Y&VFD=N",2026-08-10
1998-07-31,IUM5WTL,7.06,bank_of_england_iadb,"https://www.bankofengland.co.uk/boeapps/database/_iadb-fromshowcolumns.asp?csv.x=yes&Datefrom=01/Jan/1975&Dateto=now&SeriesCodes=IUDBEDR,IUMBV34,IUMBV37,IUMBV42,IUMBV45,IUM2WTL,IUM5WTL,IUMTLMV&UsingCodes=Y&VPD=Y&VFD=N",2026-08-10
1998-07-31,IUMTLMV,8.8,bank_of_england_iadb,"https://www.bankofengland.co.uk/boeapps/database/_iadb-fromshowcolumns.asp?csv.x=yes&Datefrom=01/Jan/1975&Dateto=now&SeriesCodes=IUDBEDR,IUMBV34,IUMBV37,IUMBV42,IUMBV45,IUM2WTL,IUM5WTL,IUMTLMV&UsingCodes=Y&VPD=Y&VFD=N",2026-08-10
1998-08-31,IUMBV34,7.33,bank_of_england_iadb,"https://www.bankofengland.co.uk/boeapps/database/_iadb-fromshowcolumns.asp?csv.x=yes&Datefrom=01/Jan/1975&Dateto=now&SeriesCodes=IUDBEDR,IUMBV34,IUMBV37,IUMBV42,IUMBV45,IUM2WTL,IUM5WTL,IUMTLMV&UsingCodes=Y&VPD=Y&VFD=N",2026-08-10
1998-08-31,IUMBV37,7.3,bank_of_england_iadb,"https://www.bankofengland.co.uk/boeapps/database/_iadb-fromshowcolumns.asp?csv.x=yes&Datefrom=01/Jan/1975&Dateto=now&SeriesCodes=IUDBEDR,IUMBV34,IUMBV37,IUMBV42,IUMBV45,IUM2WTL,IUM5WTL,IUMTLMV&UsingCodes=Y&VPD=Y&VFD=N",2026-08-10
1998-08-31,IUMBV42,7.04,bank_of_england_iadb,"https://www.bankofengland.co.uk/boeapps/database/_iadb-fromshowcolumns.asp?csv.x=yes&Datefrom=01/Jan/1975&Dateto=now&SeriesCodes=IUDBEDR,IUMBV34,IUMBV37,IUMBV42,IUMBV45,IUM2WTL,IUM5WTL,IUMTLMV&UsingCodes=Y&VPD=Y&VFD=N",2026-08-10
1998-08-31,IUMBV45,7.08,bank_of_england_iadb,"https://www.bankofengland.co.uk/boeapps/database/_iadb-fromshowcolumns.asp?csv.x=yes&Datefrom=01/Jan/1975&Dateto=now&SeriesCodes=IUDBEDR,IUMBV34,IUMBV37,IUMBV42,IUMBV45,IUM2WTL,IUM5WTL,IUMTLMV&UsingCodes=Y&VPD=Y&VFD=N",2026-08-10
1998-08-31,IUM2WTL,7.55,bank_of_england_iadb,"https://www.bankofengland.co.uk/boeapps/database/_iadb-fromshowcolumns.asp?csv.x=yes&Datefrom=01/Jan/1975&Dateto=now&SeriesCodes=IUDBEDR,IUMBV34,IUMBV37,IUMBV42,IUMBV45,IUM2WTL,IUM5WTL,IUMTLMV&UsingCodes=Y&VPD=Y&VFD=N",2026-08-10
1998-08-31,IUM5WTL,7.16,bank_of_england_iadb,"https://www.bankofengland.co.uk/boeapps/database/_iadb-fromshowcolumns.asp?csv.x=yes&Datefrom=01/Jan/1975&Dateto=now&SeriesCodes=IUDBEDR,IUMBV34,IUMBV37,IUMBV42,IUMBV45,IUM2WTL,IUM5WTL,IUMTLMV&UsingCodes=Y&VPD=Y&VFD=N",2026-08-10
1998-08-31,IUMTLMV,8.83,bank_of_england_iadb,"https://www.bankofengland.co.uk/boeapps/database/_iadb-fromshowcolumns.asp?csv.x=yes&Datefrom=01/Jan/1975&Dateto=now&SeriesCodes=IUDBEDR,IUMBV34,IUMBV37,IUMBV42,IUMBV45,IUM2WTL,IUM5WTL,IUMTLMV&UsingCodes=Y&VPD=Y&VFD=N",2026-08-10
1998-09-30,IUMBV34,7.27,bank_of_england_iadb,"https://www.bankofengland.co.uk/boeapps/database/_iadb-fromshowcolumns.asp?csv.x=yes&Datefrom=01/Jan/1975&Dateto=now&SeriesCodes=IUDBEDR,IUMBV34,IUMBV37,IUMBV42,IUMBV45,IUM2WTL,IUM5WTL,IUMTLMV&UsingCodes=Y&VPD=Y&VFD=N",2026-08-10
1998-09-30,IUMBV37,7.22,bank_of_england_iadb,"https://www.bankofengland.co.uk/boeapps/database/_iadb-fromshowcolumns.asp?csv.x=yes&Datefrom=01/Jan/1975&Dateto=now&SeriesCodes=IUDBEDR,IUMBV34,IUMBV37,IUMBV42,IUMBV45,IUM2WTL,IUM5WTL,IUMTLMV&UsingCodes=Y&VPD=Y&VFD=N",2026-08-10
1998-09-30,IUMBV42,6.93,bank_of_england_iadb,"https://www.bankofengland.co.uk/boeapps/database/_iadb-fromshowcolumns.asp?csv.x=yes&Datefrom=01/Jan/1975&Dateto=now&SeriesCodes=IUDBEDR,IUMBV34,IUMBV37,IUMBV42,IUMBV45,IUM2WTL,IUM5WTL,IUMTLMV&UsingCodes=Y&VPD=Y&VFD=N",2026-08-10
1998-09-30,IUMBV45,7.06,bank_of_england_iadb,"https://www.bankofengland.co.uk/boeapps/database/_iadb-fromshowcolumns.asp?csv.x=yes&Datefrom=01/Jan/1975&Dateto=now&SeriesCodes=IUDBEDR,IUMBV34,IUMBV37,IUMBV42,IUMBV45,IUM2WTL,IUM5WTL,IUMTLMV&UsingCodes=Y&VPD=Y&VFD=N",2026-08-10
1998-09-30,IUM2WTL,7.49,bank_of_england_iadb,"https://www.bankofengland.co.uk/boeapps/database/_iadb-fromshowcolumns.asp?csv.x=yes&Datefrom=01/Jan/1975&Dateto=now&SeriesCodes=IUDBEDR,IUMBV34,IUMBV37,IUMBV42,IUMBV45,IUM2WTL,IUM5WTL,IUMTLMV&UsingCodes=Y&VPD=Y&VFD=N",2026-08-10
1998-09-30,IUM5WTL,7.04,bank_of_england_iadb,"https://www.bankofengland.co.uk/boeapps/database/_iadb-fromshowcolumns.asp?csv.x=yes&Datefrom=01/Jan/1975&Dateto=now&SeriesCodes=IUDBEDR,IUMBV34,IUMBV37,IUMBV42,IUMBV45,IUM2WTL,IUM5WTL,IUMTLMV&UsingCodes=Y&VPD=Y&VFD=N",2026-08-10
1998-09-30,IUMTLMV,8.87,bank_of_england_iadb,"https://www.bankofengland.co.uk/boeapps/database/_iadb-fromshowcolumns.asp?csv.x=yes&Datefrom=01/Jan/1975&Dateto=now&SeriesCodes=IUDBEDR,IUMBV34,IUMBV37,IUMBV42,IUMBV45,IUM2WTL,IUM5WTL,IUMTLMV&UsingCodes=Y&VPD=Y&VFD=N",2026-08-10
1998-10-31,IUMBV34,6.91,bank_of_england_iadb,"https://www.bankofengland.co.uk/boeapps/database/_iadb-fromshowcolumns.asp?csv.x=yes&Datefrom=01/Jan/1975&Dateto=now&SeriesCodes=IUDBEDR,IUMBV34,IUMBV37,IUMBV42,IUMBV45,IUM2WTL,IUM5WTL,IUMTLMV&UsingCodes=Y&VPD=Y&VFD=N",2026-08-10
1998-10-31,IUMBV37,6.81,bank_of_england_iadb,"https://www.bankofengland.co.uk/boeapps/database/_iadb-fromshowcolumns.asp?csv.x=yes&Datefrom=01/Jan/1975&Dateto=now&SeriesCodes=IUDBEDR,IUMBV34,IUMBV37,IUMBV42,IUMBV45,IUM2WTL,IUM5WTL,IUMTLMV&UsingCodes=Y&VPD=Y&VFD=N",2026-08-10
1998-10-31,IUMBV42,6.66,bank_of_england_iadb,"https://www.bankofengland.co.uk/boeapps/database/_iadb-fromshowcolumns.asp?csv.x=yes&Datefrom=01/Jan/1975&Dateto=now&SeriesCodes=IUDBEDR,IUMBV34,IUMBV37,IUMBV42,IUMBV45,IUM2WTL,IUM5WTL,IUMTLMV&UsingCodes=Y&VPD=Y&VFD=N",2026-08-10
1998-10-31,IUMBV45,6.86,bank_of_england_iadb,"https://www.bankofengland.co.uk/boeapps/database/_iadb-fromshowcolumns.asp?csv.x=yes&Datefrom=01/Jan/1975&Dateto=now&SeriesCodes=IUDBEDR,IUMBV34,IUMBV37,IUMBV42,IUMBV45,IUM2WTL,IUM5WTL,IUMTLMV&UsingCodes=Y&VPD=Y&VFD=N",2026-08-10
1998-10-31,IUM2WTL,7.01,bank_of_england_iadb,"https://www.bankofengland.co.uk/boeapps/database/_iadb-fromshowcolumns.asp?csv.x=yes&Datefrom=01/Jan/1975&Dateto=now&SeriesCodes=IUDBEDR,IUMBV34,IUMBV37,IUMBV42,IUMBV45,IUM2WTL,IUM5WTL,IUMTLMV&UsingCodes=Y&VPD=Y&VFD=N",2026-08-10
1998-10-31,IUM5WTL,6.81,bank_of_england_iadb,"https://www.bankofengland.co.uk/boeapps/database/_iadb-fromshowcolumns.asp?csv.x=yes&Datefrom=01/Jan/1975&Dateto=now&SeriesCodes=IUDBEDR,IUMBV34,IUMBV37,IUMBV42,IUMBV45,IUM2WTL,IUM5WTL,IUMTLMV&UsingCodes=Y&VPD=Y&VFD=N",2026-08-10
1998-10-31,IUMTLMV,8.85,bank_of_england_iadb,"https://www.bankofengland.co.uk/boeapps/database/_iadb-fromshowcolumns.asp?csv.x=yes&Datefrom=01/Jan/1975&Dateto=now&SeriesCodes=IUDBEDR,IUMBV34,IUMBV37,IUMBV42,IUMBV45,IUM2WTL,IUM5WTL,IUMTLMV&UsingCodes=Y&VPD=Y&VFD=N",2026-08-10
1998-11-30,IUMBV34,6.66,bank_of_england_iadb,"https://www.bankofengland.co.uk/boeapps/database/_iadb-fromshowcolumns.asp?csv.x=yes&Datefrom=01/Jan/1975&Dateto=now&SeriesCodes=IUDBEDR,IUMBV34,IUMBV37,IUMBV42,IUMBV45,IUM2WTL,IUM5WTL,IUMTLMV&UsingCodes=Y&VPD=Y&VFD=N",2026-08-10
1998-11-30,IUMBV37,6.58,bank_of_england_iadb,"https://www.bankofengland.co.uk/boeapps/database/_iadb-fromshowcolumns.asp?csv.x=yes&Datefrom=01/Jan/1975&Dateto=now&SeriesCodes=IUDBEDR,IUMBV34,IUMBV37,IUMBV42,IUMBV45,IUM2WTL,IUM5WTL,IUMTLMV&UsingCodes=Y&VPD=Y&VFD=N",2026-08-10
1998-11-30,IUMBV42,6.51,bank_of_england_iadb,"https://www.bankofengland.co.uk/boeapps/database/_iadb-fromshowcolumns.asp?csv.x=yes&Datefrom=01/Jan/1975&Dateto=now&SeriesCodes=IUDBEDR,IUMBV34,IUMBV37,IUMBV42,IUMBV45,IUM2WTL,IUM5WTL,IUMTLMV&UsingCodes=Y&VPD=Y&VFD=N",2026-08-10
1998-11-30,IUMBV45,6.77,bank_of_england_iadb,"https://www.bankofengland.co.uk/boeapps/database/_iadb-fromshowcolumns.asp?csv.x=yes&Datefrom=01/Jan/1975&Dateto=now&SeriesCodes=IUDBEDR,IUMBV34,IUMBV37,IUMBV42,IUMBV45,IUM2WTL,IUM5WTL,IUMTLMV&UsingCodes=Y&VPD=Y&VFD=N",2026-08-10
1998-11-30,IUM2WTL,6.82,bank_of_england_iadb,"https://www.bankofengland.co.uk/boeapps/database/_iadb-fromshowcolumns.asp?csv.x=yes&Datefrom=01/Jan/1975&Dateto=now&SeriesCodes=IUDBEDR,IUMBV34,IUMBV37,IUMBV42,IUMBV45,IUM2WTL,IUM5WTL,IUMTLMV&UsingCodes=Y&VPD=Y&VFD=N",2026-08-10
1998-11-30,IUM5WTL,6.7,bank_of_england_iadb,"https://www.bankofengland.co.uk/boeapps/database/_iadb-fromshowcolumns.asp?csv.x=yes&Datefrom=01/Jan/1975&Dateto=now&SeriesCodes=IUDBEDR,IUMBV34,IUMBV37,IUMBV42,IUMBV45,IUM2WTL,IUM5WTL,IUMTLMV&UsingCodes=Y&VPD=Y&VFD=N",2026-08-10
1998-11-30,IUMTLMV,8.58,bank_of_england_iadb,"https://www.bankofengland.co.uk/boeapps/database/_iadb-fromshowcolumns.asp?csv.x=yes&Datefrom=01/Jan/1975&Dateto=now&SeriesCodes=IUDBEDR,IUMBV34,IUMBV37,IUMBV42,IUMBV45,IUM2WTL,IUM5WTL,IUMTLMV&UsingCodes=Y&VPD=Y&VFD=N",2026-08-10
1998-12-31,IUMBV34,6.42,bank_of_england_iadb,"https://www.bankofengland.co.uk/boeapps/database/_iadb-fromshowcolumns.asp?csv.x=yes&Datefrom=01/Jan/1975&Dateto=now&SeriesCodes=IUDBEDR,IUMBV34,IUMBV37,IUMBV42,IUMBV45,IUM2WTL,IUM5WTL,IUMTLMV&UsingCodes=Y&VPD=Y&VFD=N",2026-08-10
1998-12-31,IUMBV37,6.45,bank_of_england_iadb,"https://www.bankofengland.co.uk/boeapps/database/_iadb-fromshowcolumns.asp?csv.x=yes&Datefrom=01/Jan/1975&Dateto=now&SeriesCodes=IUDBEDR,IUMBV34,IUMBV37,IUMBV42,IUMBV45,IUM2WTL,IUM5WTL,IUMTLMV&UsingCodes=Y&VPD=Y&VFD=N",2026-08-10
1998-12-31,IUMBV42,6.36,bank_of_england_iadb,"https://www.bankofengland.co.uk/boeapps/database/_iadb-fromshowcolumns.asp?csv.x=yes&Datefrom=01/Jan/1975&Dateto=now&SeriesCodes=IUDBEDR,IUMBV34,IUMBV37,IUMBV42,IUMBV45,IUM2WTL,IUM5WTL,IUMTLMV&UsingCodes=Y&VPD=Y&VFD=N",2026-08-10
1998-12-31,IUMBV45,6.53,bank_of_england_iadb,"https://www.bankofengland.co.uk/boeapps/database/_iadb-fromshowcolumns.asp?csv.x=yes&Datefrom=01/Jan/1975&Dateto=now&SeriesCodes=IUDBEDR,IUMBV34,IUMBV37,IUMBV42,IUMBV45,IUM2WTL,IUM5WTL,IUMTLMV&UsingCodes=Y&VPD=Y&VFD=N",2026-08-10
1998-12-31,IUM2WTL,6.54,bank_of_england_iadb,"https://www.bankofengland.co.uk/boeapps/database/_iadb-fromshowcolumns.asp?csv.x=yes&Datefrom=01/Jan/1975&Dateto=now&SeriesCodes=IUDBEDR,IUMBV34,IUMBV37,IUMBV42,IUMBV45,IUM2WTL,IUM5WTL,IUMTLMV&UsingCodes=Y&VPD=Y&VFD=N",2026-08-10
1998-12-31,IUM5WTL,6.54,bank_of_england_iadb,"https://www.bankofengland.co.uk/boeapps/database/_iadb-fromshowcolumns.asp?csv.x=yes&Datefrom=01/Jan/1975&Dateto=now&SeriesCodes=IUDBEDR,IUMBV34,IUMBV37,IUMBV42,IUMBV45,IUM2WTL,IUM5WTL,IUMTLMV&UsingCodes=Y&VPD=Y&VFD=N",2026-08-10
1998-12-31,IUMTLMV,8.0,bank_of_england_iadb,"https://www.bankofengland.co.uk/boeapps/database/_iadb-fromshowcolumns.asp?csv.x=yes&Datefrom=01/Jan/1975&Dateto=now&SeriesCodes=IUDBEDR,IUMBV34,IUMBV37,IUMBV42,IUMBV45,IUM2WTL,IUM5WTL,IUMTLMV&UsingCodes=Y&VPD=Y&VFD=N",2026-08-10
1999-01-31,IUMBV34,5.9,bank_of_england_iadb,"https://www.bankofengland.co.uk/boeapps/database/_iadb-fromshowcolumns.asp?csv.x=yes&Datefrom=01/Jan/1975&Dateto=now&SeriesCodes=IUDBEDR,IUMBV34,IUMBV37,IUMBV42,IUMBV45,IUM2WTL,IUM5WTL,IUMTLMV&UsingCodes=Y&VPD=Y&VFD=N",2026-08-10
1999-01-31,IUMBV37,6.41,bank_of_england_iadb,"https://www.bankofengland.co.uk/boeapps/database/_iadb-fromshowcolumns.asp?csv.x=yes&Datefrom=01/Jan/1975&Dateto=now&SeriesCodes=IUDBEDR,IUMBV34,IUMBV37,IUMBV42,IUMBV45,IUM2WTL,IUM5WTL,IUMTLMV&UsingCodes=Y&VPD=Y&VFD=N",2026-08-10
1999-01-31,IUMBV42,5.9,bank_of_england_iadb,"https://www.bankofengland.co.uk/boeapps/database/_iadb-fromshowcolumns.asp?csv.x=yes&Datefrom=01/Jan/1975&Dateto=now&SeriesCodes=IUDBEDR,IUMBV34,IUMBV37,IUMBV42,IUMBV45,IUM2WTL,IUM5WTL,IUMTLMV&UsingCodes=Y&VPD=Y&VFD=N",2026-08-10
1999-01-31,IUMBV45,6.23,bank_of_england_iadb,"https://www.bankofengland.co.uk/boeapps/database/_iadb-fromshowcolumns.asp?csv.x=yes&Datefrom=01/Jan/1975&Dateto=now&SeriesCodes=IUDBEDR,IUMBV34,IUMBV37,IUMBV42,IUMBV45,IUM2WTL,IUM5WTL,IUMTLMV&UsingCodes=Y&VPD=Y&VFD=N",2026-08-10
1999-01-31,IUM2WTL,5.97,bank_of_england_iadb,"https://www.bankofengland.co.uk/boeapps/database/_iadb-fromshowcolumns.asp?csv.x=yes&Datefrom=01/Jan/1975&Dateto=now&SeriesCodes=IUDBEDR,IUMBV34,IUMBV37,IUMBV42,IUMBV45,IUM2WTL,IUM5WTL,IUMTLMV&UsingCodes=Y&VPD=Y&VFD=N",2026-08-10
1999-01-31,IUM5WTL,6.06,bank_of_england_iadb,"https://www.bankofengland.co.uk/boeapps/database/_iadb-fromshowcolumns.asp?csv.x=yes&Datefrom=01/Jan/1975&Dateto=now&SeriesCodes=IUDBEDR,IUMBV34,IUMBV37,IUMBV42,IUMBV45,IUM2WTL,IUM5WTL,IUMTLMV&UsingCodes=Y&VPD=Y&VFD=N",2026-08-10
1999-01-31,IUMTLMV,7.6,bank_of_england_iadb,"https://www.bankofengland.co.uk/boeapps/database/_iadb-fromshowcolumns.asp?csv.x=yes&Datefrom=01/Jan/1975&Dateto=now&SeriesCodes=IUDBEDR,IUMBV34,IUMBV37,IUMBV42,IUMBV45,IUM2WTL,IUM5WTL,IUMTLMV&UsingCodes=Y&VPD=Y&VFD=N",2026-08-10
1999-02-28,IUMBV34,5.78,bank_of_england_iadb,"https://www.bankofengland.co.uk/boeapps/database/_iadb-fromshowcolumns.asp?csv.x=yes&Datefrom=01/Jan/1975&Dateto=now&SeriesCodes=IUDBEDR,IUMBV34,IUMBV37,IUMBV42,IUMBV45,IUM2WTL,IUM5WTL,IUMTLMV&UsingCodes=Y&VPD=Y&VFD=N",2026-08-10
1999-02-28,IUMBV37,5.82,bank_of_england_iadb,"https://www.bankofengland.co.uk/boeapps/database/_iadb-fromshowcolumns.asp?csv.x=yes&Datefrom=01/Jan/1975&Dateto=now&SeriesCodes=IUDBEDR,IUMBV34,IUMBV37,IUMBV42,IUMBV45,IUM2WTL,IUM5WTL,IUMTLMV&UsingCodes=Y&VPD=Y&VFD=N",2026-08-10
1999-02-28,IUMBV42,5.7,bank_of_england_iadb,"https://www.bankofengland.co.uk/boeapps/database/_iadb-fromshowcolumns.asp?csv.x=yes&Datefrom=01/Jan/1975&Dateto=now&SeriesCodes=IUDBEDR,IUMBV34,IUMBV37,IUMBV42,IUMBV45,IUM2WTL,IUM5WTL,IUMTLMV&UsingCodes=Y&VPD=Y&VFD=N",2026-08-10
1999-02-28,IUMBV45,6.0,bank_of_england_iadb,"https://www.bankofengland.co.uk/boeapps/database/_iadb-fromshowcolumns.asp?csv.x=yes&Datefrom=01/Jan/1975&Dateto=now&SeriesCodes=IUDBEDR,IUMBV34,IUMBV37,IUMBV42,IUMBV45,IUM2WTL,IUM5WTL,IUMTLMV&UsingCodes=Y&VPD=Y&VFD=N",2026-08-10
1999-02-28,IUM2WTL,5.88,bank_of_england_iadb,"https://www.bankofengland.co.uk/boeapps/database/_iadb-fromshowcolumns.asp?csv.x=yes&Datefrom=01/Jan/1975&Dateto=now&SeriesCodes=IUDBEDR,IUMBV34,IUMBV37,IUMBV42,IUMBV45,IUM2WTL,IUM5WTL,IUMTLMV&UsingCodes=Y&VPD=Y&VFD=N",2026-08-10
1999-02-28,IUM5WTL,5.85,bank_of_england_iadb,"https://www.bankofengland.co.uk/boeapps/database/_iadb-fromshowcolumns.asp?csv.x=yes&Datefrom=01/Jan/1975&Dateto=now&SeriesCodes=IUDBEDR,IUMBV34,IUMBV37,IUMBV42,IUMBV45,IUM2WTL,IUM5WTL,IUMTLMV&UsingCodes=Y&VPD=Y&VFD=N",2026-08-10
1999-02-28,IUMTLMV,7.35,bank_of_england_iadb,"https://www.bankofengland.co.uk/boeapps/database/_iadb-fromshowcolumns.asp?csv.x=yes&Datefrom=01/Jan/1975&Dateto=now&SeriesCodes=IUDBEDR,IUMBV34,IUMBV37,IUMBV42,IUMBV45,IUM2WTL,IUM5WTL,IUMTLMV&UsingCodes=Y&VPD=Y&VFD=N",2026-08-10
1999-03-31,IUMBV34,5.64,bank_of_england_iadb,"https://www.bankofengland.co.uk/boeapps/database/_iadb-fromshowcolumns.asp?csv.x=yes&Datefrom=01/Jan/1975&Dateto=now&SeriesCodes=IUDBEDR,IUMBV34,IUMBV37,IUMBV42,IUMBV45,IUM2WTL,IUM5WTL,IUMTLMV&UsingCodes=Y&VPD=Y&VFD=N",2026-08-10
1999-03-31,IUMBV37,5.67,bank_of_england_iadb,"https://www.bankofengland.co.uk/boeapps/database/_iadb-fromshowcolumns.asp?csv.x=yes&Datefrom=01/Jan/1975&Dateto=now&SeriesCodes=IUDBEDR,IUMBV34,IUMBV37,IUMBV42,IUMBV45,IUM2WTL,IUM5WTL,IUMTLMV&UsingCodes=Y&VPD=Y&VFD=N",2026-08-10
1999-03-31,IUMBV42,5.8,bank_of_england_iadb,"https://www.bankofengland.co.uk/boeapps/database/_iadb-fromshowcolumns.asp?csv.x=yes&Datefrom=01/Jan/1975&Dateto=now&SeriesCodes=IUDBEDR,IUMBV34,IUMBV37,IUMBV42,IUMBV45,IUM2WTL,IUM5WTL,IUMTLMV&UsingCodes=Y&VPD=Y&VFD=N",2026-08-10
1999-03-31,IUMBV45,5.97,bank_of_england_iadb,"https://www.bankofengland.co.uk/boeapps/database/_iadb-fromshowcolumns.asp?csv.x=yes&Datefrom=01/Jan/1975&Dateto=now&SeriesCodes=IUDBEDR,IUMBV34,IUMBV37,IUMBV42,IUMBV45,IUM2WTL,IUM5WTL,IUMTLMV&UsingCodes=Y&VPD=Y&VFD=N",2026-08-10
1999-03-31,IUM2WTL,5.95,bank_of_england_iadb,"https://www.bankofengland.co.uk/boeapps/database/_iadb-fromshowcolumns.asp?csv.x=yes&Datefrom=01/Jan/1975&Dateto=now&SeriesCodes=IUDBEDR,IUMBV34,IUMBV37,IUMBV42,IUMBV45,IUM2WTL,IUM5WTL,IUMTLMV&UsingCodes=Y&VPD=Y&VFD=N",2026-08-10
1999-03-31,IUM5WTL,6.07,bank_of_england_iadb,"https://www.bankofengland.co.uk/boeapps/database/_iadb-fromshowcolumns.asp?csv.x=yes&Datefrom=01/Jan/1975&Dateto=now&SeriesCodes=IUDBEDR,IUMBV34,IUMBV37,IUMBV42,IUMBV45,IUM2WTL,IUM5WTL,IUMTLMV&UsingCodes=Y&VPD=Y&VFD=N",2026-08-10
1999-03-31,IUMTLMV,6.85,bank_of_england_iadb,"https://www.bankofengland.co.uk/boeapps/database/_iadb-fromshowcolumns.asp?csv.x=yes&Datefrom=01/Jan/1975&Dateto=now&SeriesCodes=IUDBEDR,IUMBV34,IUMBV37,IUMBV42,IUMBV45,IUM2WTL,IUM5WTL,IUMTLMV&UsingCodes=Y&VPD=Y&VFD=N",2026-08-10
1999-04-30,IUMBV34,5.71,bank_of_england_iadb,"https://www.bankofengland.co.uk/boeapps/database/_iadb-fromshowcolumns.asp?csv.x=yes&Datefrom=01/Jan/1975&Dateto=now&SeriesCodes=IUDBEDR,IUMBV34,IUMBV37,IUMBV42,IUMBV45,IUM2WTL,IUM5WTL,IUMTLMV&UsingCodes=Y&VPD=Y&VFD=N",2026-08-10
1999-04-30,IUMBV37,5.7,bank_of_england_iadb,"https://www.bankofengland.co.uk/boeapps/database/_iadb-fromshowcolumns.asp?csv.x=yes&Datefrom=01/Jan/1975&Dateto=now&SeriesCodes=IUDBEDR,IUMBV34,IUMBV37,IUMBV42,IUMBV45,IUM2WTL,IUM5WTL,IUMTLMV&UsingCodes=Y&VPD=Y&VFD=N",2026-08-10
1999-04-30,IUMBV42,5.89,bank_of_england_iadb,"https://www.bankofengland.co.uk/boeapps/database/_iadb-fromshowcolumns.asp?csv.x=yes&Datefrom=01/Jan/1975&Dateto=now&SeriesCodes=IUDBEDR,IUMBV34,IUMBV37,IUMBV42,IUMBV45,IUM2WTL,IUM5WTL,IUMTLMV&UsingCodes=Y&VPD=Y&VFD=N",2026-08-10
1999-04-30,IUMBV45,5.98,bank_of_england_iadb,"https://www.bankofengland.co.uk/boeapps/database/_iadb-fromshowcolumns.asp?csv.x=yes&Datefrom=01/Jan/1975&Dateto=now&SeriesCodes=IUDBEDR,IUMBV34,IUMBV37,IUMBV42,IUMBV45,IUM2WTL,IUM5WTL,IUMTLMV&UsingCodes=Y&VPD=Y&VFD=N",2026-08-10
1999-04-30,IUM2WTL,5.89,bank_of_england_iadb,"https://www.bankofengland.co.uk/boeapps/database/_iadb-fromshowcolumns.asp?csv.x=yes&Datefrom=01/Jan/1975&Dateto=now&SeriesCodes=IUDBEDR,IUMBV34,IUMBV37,IUMBV42,IUMBV45,IUM2WTL,IUM5WTL,IUMTLMV&UsingCodes=Y&VPD=Y&VFD=N",2026-08-10
1999-04-30,IUM5WTL,6.0,bank_of_england_iadb,"https://www.bankofengland.co.uk/boeapps/database/_iadb-fromshowcolumns.asp?csv.x=yes&Datefrom=01/Jan/1975&Dateto=now&SeriesCodes=IUDBEDR,IUMBV34,IUMBV37,IUMBV42,IUMBV45,IUM2WTL,IUM5WTL,IUMTLMV&UsingCodes=Y&VPD=Y&VFD=N",2026-08-10
1999-04-30,IUMTLMV,6.83,bank_of_england_iadb,"https://www.bankofengland.co.uk/boeapps/database/_iadb-fromshowcolumns.asp?csv.x=yes&Datefrom=01/Jan/1975&Dateto=now&SeriesCodes=IUDBEDR,IUMBV34,IUMBV37,IUMBV42,IUMBV45,IUM2WTL,IUM5WTL,IUMTLMV&UsingCodes=Y&VPD=Y&VFD=N",2026-08-10
1999-05-31,IUMBV34,5.72,bank_of_england_iadb,"https://www.bankofengland.co.uk/boeapps/database/_iadb-fromshowcolumns.asp?csv.x=yes&Datefrom=01/Jan/1975&Dateto=now&SeriesCodes=IUDBEDR,IUMBV34,IUMBV37,IUMBV42,IUMBV45,IUM2WTL,IUM5WTL,IUMTLMV&UsingCodes=Y&VPD=Y&VFD=N",2026-08-10
1999-05-31,IUMBV37,5.67,bank_of_england_iadb,"https://www.bankofengland.co.uk/boeapps/database/_iadb-fromshowcolumns.asp?csv.x=yes&Datefrom=01/Jan/1975&Dateto=now&SeriesCodes=IUDBEDR,IUMBV34,IUMBV37,IUMBV42,IUMBV45,IUM2WTL,IUM5WTL,IUMTLMV&UsingCodes=Y&VPD=Y&VFD=N",2026-08-10
1999-05-31,IUMBV42,5.97,bank_of_england_iadb,"https://www.bankofengland.co.uk/boeapps/database/_iadb-fromshowcolumns.asp?csv.x=yes&Datefrom=01/Jan/1975&Dateto=now&SeriesCodes=IUDBEDR,IUMBV34,IUMBV37,IUMBV42,IUMBV45,IUM2WTL,IUM5WTL,IUMTLMV&UsingCodes=Y&VPD=Y&VFD=N",2026-08-10
1999-05-31,IUMBV45,6.02,bank_of_england_iadb,"https://www.bankofengland.co.uk/boeapps/database/_iadb-fromshowcolumns.asp?csv.x=yes&Datefrom=01/Jan/1975&Dateto=now&SeriesCodes=IUDBEDR,IUMBV34,IUMBV37,IUMBV42,IUMBV45,IUM2WTL,IUM5WTL,IUMTLMV&UsingCodes=Y&VPD=Y&VFD=N",2026-08-10
1999-05-31,IUM2WTL,5.96,bank_of_england_iadb,"https://www.bankofengland.co.uk/boeapps/database/_iadb-fromshowcolumns.asp?csv.x=yes&Datefrom=01/Jan/1975&Dateto=now&SeriesCodes=IUDBEDR,IUMBV34,IUMBV37,IUMBV42,IUMBV45,IUM2WTL,IUM5WTL,IUMTLMV&UsingCodes=Y&VPD=Y&VFD=N",2026-08-10
1999-05-31,IUM5WTL,6.04,bank_of_england_iadb,"https://www.bankofengland.co.uk/boeapps/database/_iadb-fromshowcolumns.asp?csv.x=yes&Datefrom=01/Jan/1975&Dateto=now&SeriesCodes=IUDBEDR,IUMBV34,IUMBV37,IUMBV42,IUMBV45,IUM2WTL,IUM5WTL,IUMTLMV&UsingCodes=Y&VPD=Y&VFD=N",2026-08-10
1999-05-31,IUMTLMV,6.75,bank_of_england_iadb,"https://www.bankofengland.co.uk/boeapps/database/_iadb-fromshowcolumns.asp?csv.x=yes&Datefrom=01/Jan/1975&Dateto=now&SeriesCodes=IUDBEDR,IUMBV34,IUMBV37,IUMBV42,IUMBV45,IUM2WTL,IUM5WTL,IUMTLMV&UsingCodes=Y&VPD=Y&VFD=N",2026-08-10
1999-06-30,IUMBV34,5.89,bank_of_england_iadb,"https://www.bankofengland.co.uk/boeapps/database/_iadb-fromshowcolumns.asp?csv.x=yes&Datefrom=01/Jan/1975&Dateto=now&SeriesCodes=IUDBEDR,IUMBV34,IUMBV37,IUMBV42,IUMBV45,IUM2WTL,IUM5WTL,IUMTLMV&UsingCodes=Y&VPD=Y&VFD=N",2026-08-10
1999-06-30,IUMBV37,5.76,bank_of_england_iadb,"https://www.bankofengland.co.uk/boeapps/database/_iadb-fromshowcolumns.asp?csv.x=yes&Datefrom=01/Jan/1975&Dateto=now&SeriesCodes=IUDBEDR,IUMBV34,IUMBV37,IUMBV42,IUMBV45,IUM2WTL,IUM5WTL,IUMTLMV&UsingCodes=Y&VPD=Y&VFD=N",2026-08-10
1999-06-30,IUMBV42,6.29,bank_of_england_iadb,"https://www.bankofengland.co.uk/boeapps/database/_iadb-fromshowcolumns.asp?csv.x=yes&Datefrom=01/Jan/1975&Dateto=now&SeriesCodes=IUDBEDR,IUMBV34,IUMBV37,IUMBV42,IUMBV45,IUM2WTL,IUM5WTL,IUMTLMV&UsingCodes=Y&VPD=Y&VFD=N",2026-08-10
1999-06-30,IUMBV45,6.07,bank_of_england_iadb,"https://www.bankofengland.co.uk/boeapps/database/_iadb-fromshowcolumns.asp?csv.x=yes&Datefrom=01/Jan/1975&Dateto=now&SeriesCodes=IUDBEDR,IUMBV34,IUMBV37,IUMBV42,IUMBV45,IUM2WTL,IUM5WTL,IUMTLMV&UsingCodes=Y&VPD=Y&VFD=N",2026-08-10
1999-06-30,IUM2WTL,6.0,bank_of_england_iadb,"https://www.bankofengland.co.uk/boeapps/database/_iadb-fromshowcolumns.asp?csv.x=yes&Datefrom=01/Jan/1975&Dateto=now&SeriesCodes=IUDBEDR,IUMBV34,IUMBV37,IUMBV42,IUMBV45,IUM2WTL,IUM5WTL,IUMTLMV&UsingCodes=Y&VPD=Y&VFD=N",2026-08-10
1999-06-30,IUM5WTL,6.32,bank_of_england_iadb,"https://www.bankofengland.co.uk/boeapps/database/_iadb-fromshowcolumns.asp?csv.x=yes&Datefrom=01/Jan/1975&Dateto=now&SeriesCodes=IUDBEDR,IUMBV34,IUMBV37,IUMBV42,IUMBV45,IUM2WTL,IUM5WTL,IUMTLMV&UsingCodes=Y&VPD=Y&VFD=N",2026-08-10
1999-06-30,IUMTLMV,6.73,bank_of_england_iadb,"https://www.bankofengland.co.uk/boeapps/database/_iadb-fromshowcolumns.asp?csv.x=yes&Datefrom=01/Jan/1975&Dateto=now&SeriesCodes=IUDBEDR,IUMBV34,IUMBV37,IUMBV42,IUMBV45,IUM2WTL,IUM5WTL,IUMTLMV&UsingCodes=Y&VPD=Y&VFD=N",2026-08-10
1999-07-31,IUMBV34,6.0,bank_of_england_iadb,"https://www.bankofengland.co.uk/boeapps/database/_iadb-fromshowcolumns.asp?csv.x=yes&Datefrom=01/Jan/1975&Dateto=now&SeriesCodes=IUDBEDR,IUMBV34,IUMBV37,IUMBV42,IUMBV45,IUM2WTL,IUM5WTL,IUMTLMV&UsingCodes=Y&VPD=Y&VFD=N",2026-08-10
1999-07-31,IUMBV37,6.05,bank_of_england_iadb,"https://www.bankofengland.co.uk/boeapps/database/_iadb-fromshowcolumns.asp?csv.x=yes&Datefrom=01/Jan/1975&Dateto=now&SeriesCodes=IUDBEDR,IUMBV34,IUMBV37,IUMBV42,IUMBV45,IUM2WTL,IUM5WTL,IUMTLMV&UsingCodes=Y&VPD=Y&VFD=N",2026-08-10
1999-07-31,IUMBV42,6.3,bank_of_england_iadb,"https://www.bankofengland.co.uk/boeapps/database/_iadb-fromshowcolumns.asp?csv.x=yes&Datefrom=01/Jan/1975&Dateto=now&SeriesCodes=IUDBEDR,IUMBV34,IUMBV37,IUMBV42,IUMBV45,IUM2WTL,IUM5WTL,IUMTLMV&UsingCodes=Y&VPD=Y&VFD=N",2026-08-10
1999-07-31,IUMBV45,6.71,bank_of_england_iadb,"https://www.bankofengland.co.uk/boeapps/database/_iadb-fromshowcolumns.asp?csv.x=yes&Datefrom=01/Jan/1975&Dateto=now&SeriesCodes=IUDBEDR,IUMBV34,IUMBV37,IUMBV42,IUMBV45,IUM2WTL,IUM5WTL,IUMTLMV&UsingCodes=Y&VPD=Y&VFD=N",2026-08-10
1999-07-31,IUM2WTL,6.17,bank_of_england_iadb,"https://www.bankofengland.co.uk/boeapps/database/_iadb-fromshowcolumns.asp?csv.x=yes&Datefrom=01/Jan/1975&Dateto=now&SeriesCodes=IUDBEDR,IUMBV34,IUMBV37,IUMBV42,IUMBV45,IUM2WTL,IUM5WTL,IUMTLMV&UsingCodes=Y&VPD=Y&VFD=N",2026-08-10
1999-07-31,IUM5WTL,6.39,bank_of_england_iadb,"https://www.bankofengland.co.uk/boeapps/database/_iadb-fromshowcolumns.asp?csv.x=yes&Datefrom=01/Jan/1975&Dateto=now&SeriesCodes=IUDBEDR,IUMBV34,IUMBV37,IUMBV42,IUMBV45,IUM2WTL,IUM5WTL,IUMTLMV&UsingCodes=Y&VPD=Y&VFD=N",2026-08-10
1999-07-31,IUMTLMV,6.72,bank_of_england_iadb,"https://www.bankofengland.co.uk/boeapps/database/_iadb-fromshowcolumns.asp?csv.x=yes&Datefrom=01/Jan/1975&Dateto=now&SeriesCodes=IUDBEDR,IUMBV34,IUMBV37,IUMBV42,IUMBV45,IUM2WTL,IUM5WTL,IUMTLMV&UsingCodes=Y&VPD=Y&VFD=N",2026-08-10
1999-08-31,IUMBV34,6.19,bank_of_england_iadb,"https://www.bankofengland.co.uk/boeapps/database/_iadb-fromshowcolumns.asp?csv.x=yes&Datefrom=01/Jan/1975&Dateto=now&SeriesCodes=IUDBEDR,IUMBV34,IUMBV37,IUMBV42,IUMBV45,IUM2WTL,IUM5WTL,IUMTLMV&UsingCodes=Y&VPD=Y&VFD=N",2026-08-10
1999-08-31,IUMBV37,6.22,bank_of_england_iadb,"https://www.bankofengland.co.uk/boeapps/database/_iadb-fromshowcolumns.asp?csv.x=yes&Datefrom=01/Jan/1975&Dateto=now&SeriesCodes=IUDBEDR,IUMBV34,IUMBV37,IUMBV42,IUMBV45,IUM2WTL,IUM5WTL,IUMTLMV&UsingCodes=Y&VPD=Y&VFD=N",2026-08-10
1999-08-31,IUMBV42,6.64,bank_of_england_iadb,"https://www.bankofengland.co.uk/boeapps/database/_iadb-fromshowcolumns.asp?csv.x=yes&Datefrom=01/Jan/1975&Dateto=now&SeriesCodes=IUDBEDR,IUMBV34,IUMBV37,IUMBV42,IUMBV45,IUM2WTL,IUM5WTL,IUMTLMV&UsingCodes=Y&VPD=Y&VFD=N",2026-08-10
1999-08-31,IUMBV45,6.83,bank_of_england_iadb,"https://www.bankofengland.co.uk/boeapps/database/_iadb-fromshowcolumns.asp?csv.x=yes&Datefrom=01/Jan/1975&Dateto=now&SeriesCodes=IUDBEDR,IUMBV34,IUMBV37,IUMBV42,IUMBV45,IUM2WTL,IUM5WTL,IUMTLMV&UsingCodes=Y&VPD=Y&VFD=N",2026-08-10
1999-08-31,IUM2WTL,6.36,bank_of_england_iadb,"https://www.bankofengland.co.uk/boeapps/database/_iadb-fromshowcolumns.asp?csv.x=yes&Datefrom=01/Jan/1975&Dateto=now&SeriesCodes=IUDBEDR,IUMBV34,IUMBV37,IUMBV42,IUMBV45,IUM2WTL,IUM5WTL,IUMTLMV&UsingCodes=Y&VPD=Y&VFD=N",2026-08-10
1999-08-31,IUM5WTL,6.68,bank_of_england_iadb,"https://www.bankofengland.co.uk/boeapps/database/_iadb-fromshowcolumns.asp?csv.x=yes&Datefrom=01/Jan/1975&Dateto=now&SeriesCodes=IUDBEDR,IUMBV34,IUMBV37,IUMBV42,IUMBV45,IUM2WTL,IUM5WTL,IUMTLMV&UsingCodes=Y&VPD=Y&VFD=N",2026-08-10
1999-08-31,IUMTLMV,6.72,bank_of_england_iadb,"https://www.bankofengland.co.uk/boeapps/database/_iadb-fromshowcolumns.asp?csv.x=yes&Datefrom=01/Jan/1975&Dateto=now&SeriesCodes=IUDBEDR,IUMBV34,IUMBV37,IUMBV42,IUMBV45,IUM2WTL,IUM5WTL,IUMTLMV&UsingCodes=Y&VPD=Y&VFD=N",2026-08-10
1999-09-30,IUMBV34,6.22,bank_of_england_iadb,"https://www.bankofengland.co.uk/boeapps/database/_iadb-fromshowcolumns.asp?csv.x=yes&Datefrom=01/Jan/1975&Dateto=now&SeriesCodes=IUDBEDR,IUMBV34,IUMBV37,IUMBV42,IUMBV45,IUM2WTL,IUM5WTL,IUMTLMV&UsingCodes=Y&VPD=Y&VFD=N",2026-08-10
1999-09-30,IUMBV37,6.69,bank_of_england_iadb,"https://www.bankofengland.co.uk/boeapps/database/_iadb-fromshowcolumns.asp?csv.x=yes&Datefrom=01/Jan/1975&Dateto=now&SeriesCodes=IUDBEDR,IUMBV34,IUMBV37,IUMBV42,IUMBV45,IUM2WTL,IUM5WTL,IUMTLMV&UsingCodes=Y&VPD=Y&VFD=N",2026-08-10
1999-09-30,IUMBV42,6.67,bank_of_england_iadb,"https://www.bankofengland.co.uk/boeapps/database/_iadb-fromshowcolumns.asp?csv.x=yes&Datefrom=01/Jan/1975&Dateto=now&SeriesCodes=IUDBEDR,IUMBV34,IUMBV37,IUMBV42,IUMBV45,IUM2WTL,IUM5WTL,IUMTLMV&UsingCodes=Y&VPD=Y&VFD=N",2026-08-10
1999-09-30,IUMBV45,6.9,bank_of_england_iadb,"https://www.bankofengland.co.uk/boeapps/database/_iadb-fromshowcolumns.asp?csv.x=yes&Datefrom=01/Jan/1975&Dateto=now&SeriesCodes=IUDBEDR,IUMBV34,IUMBV37,IUMBV42,IUMBV45,IUM2WTL,IUM5WTL,IUMTLMV&UsingCodes=Y&VPD=Y&VFD=N",2026-08-10
1999-09-30,IUM2WTL,6.45,bank_of_england_iadb,"https://www.bankofengland.co.uk/boeapps/database/_iadb-fromshowcolumns.asp?csv.x=yes&Datefrom=01/Jan/1975&Dateto=now&SeriesCodes=IUDBEDR,IUMBV34,IUMBV37,IUMBV42,IUMBV45,IUM2WTL,IUM5WTL,IUMTLMV&UsingCodes=Y&VPD=Y&VFD=N",2026-08-10
1999-09-30,IUM5WTL,6.73,bank_of_england_iadb,"https://www.bankofengland.co.uk/boeapps/database/_iadb-fromshowcolumns.asp?csv.x=yes&Datefrom=01/Jan/1975&Dateto=now&SeriesCodes=IUDBEDR,IUMBV34,IUMBV37,IUMBV42,IUMBV45,IUM2WTL,IUM5WTL,IUMTLMV&UsingCodes=Y&VPD=Y&VFD=N",2026-08-10
1999-09-30,IUMTLMV,6.72,bank_of_england_iadb,"https://www.bankofengland.co.uk/boeapps/database/_iadb-fromshowcolumns.asp?csv.x=yes&Datefrom=01/Jan/1975&Dateto=now&SeriesCodes=IUDBEDR,IUMBV34,IUMBV37,IUMBV42,IUMBV45,IUM2WTL,IUM5WTL,IUMTLMV&UsingCodes=Y&VPD=Y&VFD=N",2026-08-10
1999-10-31,IUMBV34,6.5,bank_of_england_iadb,"https://www.bankofengland.co.uk/boeapps/database/_iadb-fromshowcolumns.asp?csv.x=yes&Datefrom=01/Jan/1975&Dateto=now&SeriesCodes=IUDBEDR,IUMBV34,IUMBV37,IUMBV42,IUMBV45,IUM2WTL,IUM5WTL,IUMTLMV&UsingCodes=Y&VPD=Y&VFD=N",2026-08-10
1999-10-31,IUMBV37,6.72,bank_of_england_iadb,"https://www.bankofengland.co.uk/boeapps/database/_iadb-fromshowcolumns.asp?csv.x=yes&Datefrom=01/Jan/1975&Dateto=now&SeriesCodes=IUDBEDR,IUMBV34,IUMBV37,IUMBV42,IUMBV45,IUM2WTL,IUM5WTL,IUMTLMV&UsingCodes=Y&VPD=Y&VFD=N",2026-08-10
1999-10-31,IUMBV42,6.88,bank_of_england_iadb,"https://www.bankofengland.co.uk/boeapps/database/_iadb-fromshowcolumns.asp?csv.x=yes&Datefrom=01/Jan/1975&Dateto=now&SeriesCodes=IUDBEDR,IUMBV34,IUMBV37,IUMBV42,IUMBV45,IUM2WTL,IUM5WTL,IUMTLMV&UsingCodes=Y&VPD=Y&VFD=N",2026-08-10
1999-10-31,IUMBV45,7.44,bank_of_england_iadb,"https://www.bankofengland.co.uk/boeapps/database/_iadb-fromshowcolumns.asp?csv.x=yes&Datefrom=01/Jan/1975&Dateto=now&SeriesCodes=IUDBEDR,IUMBV34,IUMBV37,IUMBV42,IUMBV45,IUM2WTL,IUM5WTL,IUMTLMV&UsingCodes=Y&VPD=Y&VFD=N",2026-08-10
1999-10-31,IUM2WTL,6.79,bank_of_england_iadb,"https://www.bankofengland.co.uk/boeapps/database/_iadb-fromshowcolumns.asp?csv.x=yes&Datefrom=01/Jan/1975&Dateto=now&SeriesCodes=IUDBEDR,IUMBV34,IUMBV37,IUMBV42,IUMBV45,IUM2WTL,IUM5WTL,IUMTLMV&UsingCodes=Y&VPD=Y&VFD=N",2026-08-10
1999-10-31,IUM5WTL,7.06,bank_of_england_iadb,"https://www.bankofengland.co.uk/boeapps/database/_iadb-fromshowcolumns.asp?csv.x=yes&Datefrom=01/Jan/1975&Dateto=now&SeriesCodes=IUDBEDR,IUMBV34,IUMBV37,IUMBV42,IUMBV45,IUM2WTL,IUM5WTL,IUMTLMV&UsingCodes=Y&VPD=Y&VFD=N",2026-08-10
1999-10-31,IUMTLMV,6.82,bank_of_england_iadb,"https://www.bankofengland.co.uk/boeapps/database/_iadb-fromshowcolumns.asp?csv.x=yes&Datefrom=01/Jan/1975&Dateto=now&SeriesCodes=IUDBEDR,IUMBV34,IUMBV37,IUMBV42,IUMBV45,IUM2WTL,IUM5WTL,IUMTLMV&UsingCodes=Y&VPD=Y&VFD=N",2026-08-10
1999-11-30,IUMBV34,6.6,bank_of_england_iadb,"https://www.bankofengland.co.uk/boeapps/database/_iadb-fromshowcolumns.asp?csv.x=yes&Datefrom=01/Jan/1975&Dateto=now&SeriesCodes=IUDBEDR,IUMBV34,IUMBV37,IUMBV42,IUMBV45,IUM2WTL,IUM5WTL,IUMTLMV&UsingCodes=Y&VPD=Y&VFD=N",2026-08-10
1999-11-30,IUMBV37,6.99,bank_of_england_iadb,"https://www.bankofengland.co.uk/boeapps/database/_iadb-fromshowcolumns.asp?csv.x=yes&Datefrom=01/Jan/1975&Dateto=now&SeriesCodes=IUDBEDR,IUMBV34,IUMBV37,IUMBV42,IUMBV45,IUM2WTL,IUM5WTL,IUMTLMV&UsingCodes=Y&VPD=Y&VFD=N",2026-08-10
1999-11-30,IUMBV42,6.94,bank_of_england_iadb,"https://www.bankofengland.co.uk/boeapps/database/_iadb-fromshowcolumns.asp?csv.x=yes&Datefrom=01/Jan/1975&Dateto=now&SeriesCodes=IUDBEDR,IUMBV34,IUMBV37,IUMBV42,IUMBV45,IUM2WTL,IUM5WTL,IUMTLMV&UsingCodes=Y&VPD=Y&VFD=N",2026-08-10
1999-11-30,IUMBV45,7.4,bank_of_england_iadb,"https://www.bankofengland.co.uk/boeapps/database/_iadb-fromshowcolumns.asp?csv.x=yes&Datefrom=01/Jan/1975&Dateto=now&SeriesCodes=IUDBEDR,IUMBV34,IUMBV37,IUMBV42,IUMBV45,IUM2WTL,IUM5WTL,IUMTLMV&UsingCodes=Y&VPD=Y&VFD=N",2026-08-10
1999-11-30,IUM2WTL,6.77,bank_of_england_iadb,"https://www.bankofengland.co.uk/boeapps/database/_iadb-fromshowcolumns.asp?csv.x=yes&Datefrom=01/Jan/1975&Dateto=now&SeriesCodes=IUDBEDR,IUMBV34,IUMBV37,IUMBV42,IUMBV45,IUM2WTL,IUM5WTL,IUMTLMV&UsingCodes=Y&VPD=Y&VFD=N",2026-08-10
1999-11-30,IUM5WTL,7.1,bank_of_england_iadb,"https://www.bankofengland.co.uk/boeapps/database/_iadb-fromshowcolumns.asp?csv.x=yes&Datefrom=01/Jan/1975&Dateto=now&SeriesCodes=IUDBEDR,IUMBV34,IUMBV37,IUMBV42,IUMBV45,IUM2WTL,IUM5WTL,IUMTLMV&UsingCodes=Y&VPD=Y&VFD=N",2026-08-10
1999-11-30,IUMTLMV,6.87,bank_of_england_iadb,"https://www.bankofengland.co.uk/boeapps/database/_iadb-fromshowcolumns.asp?csv.x=yes&Datefrom=01/Jan/1975&Dateto=now&SeriesCodes=IUDBEDR,IUMBV34,IUMBV37,IUMBV42,IUMBV45,IUM2WTL,IUM5WTL,IUMTLMV&UsingCodes=Y&VPD=Y&VFD=N",2026-08-10
1999-12-31,IUMBV34,6.52,bank_of_england_iadb,"https://www.bankofengland.co.uk/boeapps/database/_iadb-fromshowcolumns.asp?csv.x=yes&Datefrom=01/Jan/1975&Dateto=now&SeriesCodes=IUDBEDR,IUMBV34,IUMBV37,IUMBV42,IUMBV45,IUM2WTL,IUM5WTL,IUMTLMV&UsingCodes=Y&VPD=Y&VFD=N",2026-08-10
1999-12-31,IUMBV37,6.92,bank_of_england_iadb,"https://www.bankofengland.co.uk/boeapps/database/_iadb-fromshowcolumns.asp?csv.x=yes&Datefrom=01/Jan/1975&Dateto=now&SeriesCodes=IUDBEDR,IUMBV34,IUMBV37,IUMBV42,IUMBV45,IUM2WTL,IUM5WTL,IUMTLMV&UsingCodes=Y&VPD=Y&VFD=N",2026-08-10
1999-12-31,IUMBV42,6.92,bank_of_england_iadb,"https://www.bankofengland.co.uk/boeapps/database/_iadb-fromshowcolumns.asp?csv.x=yes&Datefrom=01/Jan/1975&Dateto=now&SeriesCodes=IUDBEDR,IUMBV34,IUMBV37,IUMBV42,IUMBV45,IUM2WTL,IUM5WTL,IUMTLMV&UsingCodes=Y&VPD=Y&VFD=N",2026-08-10
1999-12-31,IUMBV45,7.32,bank_of_england_iadb,"https://www.bankofengland.co.uk/boeapps/database/_iadb-fromshowcolumns.asp?csv.x=yes&Datefrom=01/Jan/1975&Dateto=now&SeriesCodes=IUDBEDR,IUMBV34,IUMBV37,IUMBV42,IUMBV45,IUM2WTL,IUM5WTL,IUMTLMV&UsingCodes=Y&VPD=Y&VFD=N",2026-08-10
1999-12-31,IUM2WTL,6.84,bank_of_england_iadb,"https://www.bankofengland.co.uk/boeapps/database/_iadb-fromshowcolumns.asp?csv.x=yes&Datefrom=01/Jan/1975&Dateto=now&SeriesCodes=IUDBEDR,IUMBV34,IUMBV37,IUMBV42,IUMBV45,IUM2WTL,IUM5WTL,IUMTLMV&UsingCodes=Y&VPD=Y&VFD=N",2026-08-10
1999-12-31,IUM5WTL,7.13,bank_of_england_iadb,"https://www.bankofengland.co.uk/boeapps/database/_iadb-fromshowcolumns.asp?csv.x=yes&Datefrom=01/Jan/1975&Dateto=now&SeriesCodes=IUDBEDR,IUMBV34,IUMBV37,IUMBV42,IUMBV45,IUM2WTL,IUM5WTL,IUMTLMV&UsingCodes=Y&VPD=Y&VFD=N",2026-08-10
1999-12-31,IUMTLMV,7.1,bank_of_england_iadb,"https://www.bankofengland.co.uk/boeapps/database/_iadb-fromshowcolumns.asp?csv.x=yes&Datefrom=01/Jan/1975&Dateto=now&SeriesCodes=IUDBEDR,IUMBV34,IUMBV37,IUMBV42,IUMBV45,IUM2WTL,IUM5WTL,IUMTLMV&UsingCodes=Y&VPD=Y&VFD=N",2026-08-10
2000-01-31,IUMBV34,6.78,bank_of_england_iadb,"https://www.bankofengland.co.uk/boeapps/database/_iadb-fromshowcolumns.asp?csv.x=yes&Datefrom=01/Jan/1975&Dateto=now&SeriesCodes=IUDBEDR,IUMBV34,IUMBV37,IUMBV42,IUMBV45,IUM2WTL,IUM5WTL,IUMTLMV&UsingCodes=Y&VPD=Y&VFD=N",2026-08-10
2000-01-31,IUMBV37,6.78,bank_of_england_iadb,"https://www.bankofengland.co.uk/boeapps/database/_iadb-fromshowcolumns.asp?csv.x=yes&Datefrom=01/Jan/1975&Dateto=now&SeriesCodes=IUDBEDR,IUMBV34,IUMBV37,IUMBV42,IUMBV45,IUM2WTL,IUM5WTL,IUMTLMV&UsingCodes=Y&VPD=Y&VFD=N",2026-08-10
2000-01-31,IUMBV42,7.09,bank_of_england_iadb,"https://www.bankofengland.co.uk/boeapps/database/_iadb-fromshowcolumns.asp?csv.x=yes&Datefrom=01/Jan/1975&Dateto=now&SeriesCodes=IUDBEDR,IUMBV34,IUMBV37,IUMBV42,IUMBV45,IUM2WTL,IUM5WTL,IUMTLMV&UsingCodes=Y&VPD=Y&VFD=N",2026-08-10
2000-01-31,IUMBV45,7.29,bank_of_england_iadb,"https://www.bankofengland.co.uk/boeapps/database/_iadb-fromshowcolumns.asp?csv.x=yes&Datefrom=01/Jan/1975&Dateto=now&SeriesCodes=IUDBEDR,IUMBV34,IUMBV37,IUMBV42,IUMBV45,IUM2WTL,IUM5WTL,IUMTLMV&UsingCodes=Y&VPD=Y&VFD=N",2026-08-10
2000-01-31,IUM2WTL,6.9,bank_of_england_iadb,"https://www.bankofengland.co.uk/boeapps/database/_iadb-fromshowcolumns.asp?csv.x=yes&Datefrom=01/Jan/1975&Dateto=now&SeriesCodes=IUDBEDR,IUMBV34,IUMBV37,IUMBV42,IUMBV45,IUM2WTL,IUM5WTL,IUMTLMV&UsingCodes=Y&VPD=Y&VFD=N",2026-08-10
2000-01-31,IUM5WTL,7.17,bank_of_england_iadb,"https://www.bankofengland.co.uk/boeapps/database/_iadb-fromshowcolumns.asp?csv.x=yes&Datefrom=01/Jan/1975&Dateto=now&SeriesCodes=IUDBEDR,IUMBV34,IUMBV37,IUMBV42,IUMBV45,IUM2WTL,IUM5WTL,IUMTLMV&UsingCodes=Y&VPD=Y&VFD=N",2026-08-10
2000-01-31,IUMTLMV,7.13,bank_of_england_iadb,"https://www.bankofengland.co.uk/boeapps/database/_iadb-fromshowcolumns.asp?csv.x=yes&Datefrom=01/Jan/1975&Dateto=now&SeriesCodes=IUDBEDR,IUMBV34,IUMBV37,IUMBV42,IUMBV45,IUM2WTL,IUM5WTL,IUMTLMV&UsingCodes=Y&VPD=Y&VFD=N",2026-08-10
2000-02-29,IUMBV34,6.79,bank_of_england_iadb,"https://www.bankofengland.co.uk/boeapps/database/_iadb-fromshowcolumns.asp?csv.x=yes&Datefrom=01/Jan/1975&Dateto=now&SeriesCodes=IUDBEDR,IUMBV34,IUMBV37,IUMBV42,IUMBV45,IUM2WTL,IUM5WTL,IUMTLMV&UsingCodes=Y&VPD=Y&VFD=N",2026-08-10
2000-02-29,IUMBV37,6.8,bank_of_england_iadb,"https://www.bankofengland.co.uk/boeapps/database/_iadb-fromshowcolumns.asp?csv.x=yes&Datefrom=01/Jan/1975&Dateto=now&SeriesCodes=IUDBEDR,IUMBV34,IUMBV37,IUMBV42,IUMBV45,IUM2WTL,IUM5WTL,IUMTLMV&UsingCodes=Y&VPD=Y&VFD=N",2026-08-10
2000-02-29,IUMBV42,7.11,bank_of_england_iadb,"https://www.bankofengland.co.uk/boeapps/database/_iadb-fromshowcolumns.asp?csv.x=yes&Datefrom=01/Jan/1975&Dateto=now&SeriesCodes=IUDBEDR,IUMBV34,IUMBV37,IUMBV42,IUMBV45,IUM2WTL,IUM5WTL,IUMTLMV&UsingCodes=Y&VPD=Y&VFD=N",2026-08-10
2000-02-29,IUMBV45,0.0,bank_of_england_iadb,"https://www.bankofengland.co.uk/boeapps/database/_iadb-fromshowcolumns.asp?csv.x=yes&Datefrom=01/Jan/1975&Dateto=now&SeriesCodes=IUDBEDR,IUMBV34,IUMBV37,IUMBV42,IUMBV45,IUM2WTL,IUM5WTL,IUMTLMV&UsingCodes=Y&VPD=Y&VFD=N",2026-08-10
2000-02-29,IUM2WTL,6.97,bank_of_england_iadb,"https://www.bankofengland.co.uk/boeapps/database/_iadb-fromshowcolumns.asp?csv.x=yes&Datefrom=01/Jan/1975&Dateto=now&SeriesCodes=IUDBEDR,IUMBV34,IUMBV37,IUMBV42,IUMBV45,IUM2WTL,IUM5WTL,IUMTLMV&UsingCodes=Y&VPD=Y&VFD=N",2026-08-10
2000-02-29,IUM5WTL,7.25,bank_of_england_iadb,"https://www.bankofengland.co.uk/boeapps/database/_iadb-fromshowcolumns.asp?csv.x=yes&Datefrom=01/Jan/1975&Dateto=now&SeriesCodes=IUDBEDR,IUMBV34,IUMBV37,IUMBV42,IUMBV45,IUM2WTL,IUM5WTL,IUMTLMV&UsingCodes=Y&VPD=Y&VFD=N",2026-08-10
2000-02-29,IUMTLMV,7.38,bank_of_england_iadb,"https://www.bankofengland.co.uk/boeapps/database/_iadb-fromshowcolumns.asp?csv.x=yes&Datefrom=01/Jan/1975&Dateto=now&SeriesCodes=IUDBEDR,IUMBV34,IUMBV37,IUMBV42,IUMBV45,IUM2WTL,IUM5WTL,IUMTLMV&UsingCodes=Y&VPD=Y&VFD=N",2026-08-10
2000-03-31,IUMBV34,6.45,bank_of_england_iadb,"https://www.bankofengland.co.uk/boeapps/database/_iadb-fromshowcolumns.asp?csv.x=yes&Datefrom=01/Jan/1975&Dateto=now&SeriesCodes=IUDBEDR,IUMBV34,IUMBV37,IUMBV42,IUMBV45,IUM2WTL,IUM5WTL,IUMTLMV&UsingCodes=Y&VPD=Y&VFD=N",2026-08-10
2000-03-31,IUMBV37,6.7,bank_of_england_iadb,"https://www.bankofengland.co.uk/boeapps/database/_iadb-fromshowcolumns.asp?csv.x=yes&Datefrom=01/Jan/1975&Dateto=now&SeriesCodes=IUDBEDR,IUMBV34,IUMBV37,IUMBV42,IUMBV45,IUM2WTL,IUM5WTL,IUMTLMV&UsingCodes=Y&VPD=Y&VFD=N",2026-08-10
2000-03-31,IUMBV42,6.94,bank_of_england_iadb,"https://www.bankofengland.co.uk/boeapps/database/_iadb-fromshowcolumns.asp?csv.x=yes&Datefrom=01/Jan/1975&Dateto=now&SeriesCodes=IUDBEDR,IUMBV34,IUMBV37,IUMBV42,IUMBV45,IUM2WTL,IUM5WTL,IUMTLMV&UsingCodes=Y&VPD=Y&VFD=N",2026-08-10
2000-03-31,IUMBV45,6.54,bank_of_england_iadb,"https://www.bankofengland.co.uk/boeapps/database/_iadb-fromshowcolumns.asp?csv.x=yes&Datefrom=01/Jan/1975&Dateto=now&SeriesCodes=IUDBEDR,IUMBV34,IUMBV37,IUMBV42,IUMBV45,IUM2WTL,IUM5WTL,IUMTLMV&UsingCodes=Y&VPD=Y&VFD=N",2026-08-10
2000-03-31,IUM2WTL,6.68,bank_of_england_iadb,"https://www.bankofengland.co.uk/boeapps/database/_iadb-fromshowcolumns.asp?csv.x=yes&Datefrom=01/Jan/1975&Dateto=now&SeriesCodes=IUDBEDR,IUMBV34,IUMBV37,IUMBV42,IUMBV45,IUM2WTL,IUM5WTL,IUMTLMV&UsingCodes=Y&VPD=Y&VFD=N",2026-08-10
2000-03-31,IUM5WTL,7.05,bank_of_england_iadb,"https://www.bankofengland.co.uk/boeapps/database/_iadb-fromshowcolumns.asp?csv.x=yes&Datefrom=01/Jan/1975&Dateto=now&SeriesCodes=IUDBEDR,IUMBV34,IUMBV37,IUMBV42,IUMBV45,IUM2WTL,IUM5WTL,IUMTLMV&UsingCodes=Y&VPD=Y&VFD=N",2026-08-10
2000-03-31,IUMTLMV,7.62,bank_of_england_iadb,"https://www.bankofengland.co.uk/boeapps/database/_iadb-fromshowcolumns.asp?csv.x=yes&Datefrom=01/Jan/1975&Dateto=now&SeriesCodes=IUDBEDR,IUMBV34,IUMBV37,IUMBV42,IUMBV45,IUM2WTL,IUM5WTL,IUMTLMV&UsingCodes=Y&VPD=Y&VFD=N",2026-08-10
2000-04-30,IUMBV34,6.31,bank_of_england_iadb,"https://www.bankofengland.co.uk/boeapps/database/_iadb-fromshowcolumns.asp?csv.x=yes&Datefrom=01/Jan/1975&Dateto=now&SeriesCodes=IUDBEDR,IUMBV34,IUMBV37,IUMBV42,IUMBV45,IUM2WTL,IUM5WTL,IUMTLMV&UsingCodes=Y&VPD=Y&VFD=N",2026-08-10
2000-04-30,IUMBV37,6.68,bank_of_england_iadb,"https://www.bankofengland.co.uk/boeapps/database/_iadb-fromshowcolumns.asp?csv.x=yes&Datefrom=01/Jan/1975&Dateto=now&SeriesCodes=IUDBEDR,IUMBV34,IUMBV37,IUMBV42,IUMBV45,IUM2WTL,IUM5WTL,IUMTLMV&UsingCodes=Y&VPD=Y&VFD=N",2026-08-10
2000-04-30,IUMBV42,6.92,bank_of_england_iadb,"https://www.bankofengland.co.uk/boeapps/database/_iadb-fromshowcolumns.asp?csv.x=yes&Datefrom=01/Jan/1975&Dateto=now&SeriesCodes=IUDBEDR,IUMBV34,IUMBV37,IUMBV42,IUMBV45,IUM2WTL,IUM5WTL,IUMTLMV&UsingCodes=Y&VPD=Y&VFD=N",2026-08-10
2000-04-30,IUMBV45,6.54,bank_of_england_iadb,"https://www.bankofengland.co.uk/boeapps/database/_iadb-fromshowcolumns.asp?csv.x=yes&Datefrom=01/Jan/1975&Dateto=now&SeriesCodes=IUDBEDR,IUMBV34,IUMBV37,IUMBV42,IUMBV45,IUM2WTL,IUM5WTL,IUMTLMV&UsingCodes=Y&VPD=Y&VFD=N",2026-08-10
2000-04-30,IUM2WTL,6.64,bank_of_england_iadb,"https://www.bankofengland.co.uk/boeapps/database/_iadb-fromshowcolumns.asp?csv.x=yes&Datefrom=01/Jan/1975&Dateto=now&SeriesCodes=IUDBEDR,IUMBV34,IUMBV37,IUMBV42,IUMBV45,IUM2WTL,IUM5WTL,IUMTLMV&UsingCodes=Y&VPD=Y&VFD=N",2026-08-10
2000-04-30,IUM5WTL,7.04,bank_of_england_iadb,"https://www.bankofengland.co.uk/boeapps/database/_iadb-fromshowcolumns.asp?csv.x=yes&Datefrom=01/Jan/1975&Dateto=now&SeriesCodes=IUDBEDR,IUMBV34,IUMBV37,IUMBV42,IUMBV45,IUM2WTL,IUM5WTL,IUMTLMV&UsingCodes=Y&VPD=Y&VFD=N",2026-08-10
2000-04-30,IUMTLMV,7.63,bank_of_england_iadb,"https://www.bankofengland.co.uk/boeapps/database/_iadb-fromshowcolumns.asp?csv.x=yes&Datefrom=01/Jan/1975&Dateto=now&SeriesCodes=IUDBEDR,IUMBV34,IUMBV37,IUMBV42,IUMBV45,IUM2WTL,IUM5WTL,IUMTLMV&UsingCodes=Y&VPD=Y&VFD=N",2026-08-10
2000-05-31,IUMBV34,6.39,bank_of_england_iadb,"https://www.bankofengland.co.uk/boeapps/database/_iadb-fromshowcolumns.asp?csv.x=yes&Datefrom=01/Jan/1975&Dateto=now&SeriesCodes=IUDBEDR,IUMBV34,IUMBV37,IUMBV42,IUMBV45,IUM2WTL,IUM5WTL,IUMTLMV&UsingCodes=Y&VPD=Y&VFD=N",2026-08-10
2000-05-31,IUMBV37,6.64,bank_of_england_iadb,"https://www.bankofengland.co.uk/boeapps/database/_iadb-fromshowcolumns.asp?csv.x=yes&Datefrom=01/Jan/1975&Dateto=now&SeriesCodes=IUDBEDR,IUMBV34,IUMBV37,IUMBV42,IUMBV45,IUM2WTL,IUM5WTL,IUMTLMV&UsingCodes=Y&VPD=Y&VFD=N",2026-08-10
2000-05-31,IUMBV42,6.9,bank_of_england_iadb,"https://www.bankofengland.co.uk/boeapps/database/_iadb-fromshowcolumns.asp?csv.x=yes&Datefrom=01/Jan/1975&Dateto=now&SeriesCodes=IUDBEDR,IUMBV34,IUMBV37,IUMBV42,IUMBV45,IUM2WTL,IUM5WTL,IUMTLMV&UsingCodes=Y&VPD=Y&VFD=N",2026-08-10
2000-05-31,IUMBV45,6.69,bank_of_england_iadb,"https://www.bankofengland.co.uk/boeapps/database/_iadb-fromshowcolumns.asp?csv.x=yes&Datefrom=01/Jan/1975&Dateto=now&SeriesCodes=IUDBEDR,IUMBV34,IUMBV37,IUMBV42,IUMBV45,IUM2WTL,IUM5WTL,IUMTLMV&UsingCodes=Y&VPD=Y&VFD=N",2026-08-10
2000-05-31,IUM2WTL,6.52,bank_of_england_iadb,"https://www.bankofengland.co.uk/boeapps/database/_iadb-fromshowcolumns.asp?csv.x=yes&Datefrom=01/Jan/1975&Dateto=now&SeriesCodes=IUDBEDR,IUMBV34,IUMBV37,IUMBV42,IUMBV45,IUM2WTL,IUM5WTL,IUMTLMV&UsingCodes=Y&VPD=Y&VFD=N",2026-08-10
2000-05-31,IUM5WTL,6.97,bank_of_england_iadb,"https://www.bankofengland.co.uk/boeapps/database/_iadb-fromshowcolumns.asp?csv.x=yes&Datefrom=01/Jan/1975&Dateto=now&SeriesCodes=IUDBEDR,IUMBV34,IUMBV37,IUMBV42,IUMBV45,IUM2WTL,IUM5WTL,IUMTLMV&UsingCodes=Y&VPD=Y&VFD=N",2026-08-10
2000-05-31,IUMTLMV,7.64,bank_of_england_iadb,"https://www.bankofengland.co.uk/boeapps/database/_iadb-fromshowcolumns.asp?csv.x=yes&Datefrom=01/Jan/1975&Dateto=now&SeriesCodes=IUDBEDR,IUMBV34,IUMBV37,IUMBV42,IUMBV45,IUM2WTL,IUM5WTL,IUMTLMV&UsingCodes=Y&VPD=Y&VFD=N",2026-08-10
2000-06-30,IUMBV34,6.46,bank_of_england_iadb,"https://www.bankofengland.co.uk/boeapps/database/_iadb-fromshowcolumns.asp?csv.x=yes&Datefrom=01/Jan/1975&Dateto=now&SeriesCodes=IUDBEDR,IUMBV34,IUMBV37,IUMBV42,IUMBV45,IUM2WTL,IUM5WTL,IUMTLMV&UsingCodes=Y&VPD=Y&VFD=N",2026-08-10
2000-06-30,IUMBV37,6.6,bank_of_england_iadb,"https://www.bankofengland.co.uk/boeapps/database/_iadb-fromshowcolumns.asp?csv.x=yes&Datefrom=01/Jan/1975&Dateto=now&SeriesCodes=IUDBEDR,IUMBV34,IUMBV37,IUMBV42,IUMBV45,IUM2WTL,IUM5WTL,IUMTLMV&UsingCodes=Y&VPD=Y&VFD=N",2026-08-10
2000-06-30,IUMBV42,6.87,bank_of_england_iadb,"https://www.bankofengland.co.uk/boeapps/database/_iadb-fromshowcolumns.asp?csv.x=yes&Datefrom=01/Jan/1975&Dateto=now&SeriesCodes=IUDBEDR,IUMBV34,IUMBV37,IUMBV42,IUMBV45,IUM2WTL,IUM5WTL,IUMTLMV&UsingCodes=Y&VPD=Y&VFD=N",2026-08-10
2000-06-30,IUMBV45,6.69,bank_of_england_iadb,"https://www.bankofengland.co.uk/boeapps/database/_iadb-fromshowcolumns.asp?csv.x=yes&Datefrom=01/Jan/1975&Dateto=now&SeriesCodes=IUDBEDR,IUMBV34,IUMBV37,IUMBV42,IUMBV45,IUM2WTL,IUM5WTL,IUMTLMV&UsingCodes=Y&VPD=Y&VFD=N",2026-08-10
2000-06-30,IUM2WTL,6.65,bank_of_england_iadb,"https://www.bankofengland.co.uk/boeapps/database/_iadb-fromshowcolumns.asp?csv.x=yes&Datefrom=01/Jan/1975&Dateto=now&SeriesCodes=IUDBEDR,IUMBV34,IUMBV37,IUMBV42,IUMBV45,IUM2WTL,IUM5WTL,IUMTLMV&UsingCodes=Y&VPD=Y&VFD=N",2026-08-10
2000-06-30,IUM5WTL,7.0,bank_of_england_iadb,"https://www.bankofengland.co.uk/boeapps/database/_iadb-fromshowcolumns.asp?csv.x=yes&Datefrom=01/Jan/1975&Dateto=now&SeriesCodes=IUDBEDR,IUMBV34,IUMBV37,IUMBV42,IUMBV45,IUM2WTL,IUM5WTL,IUMTLMV&UsingCodes=Y&VPD=Y&VFD=N",2026-08-10
2000-06-30,IUMTLMV,7.64,bank_of_england_iadb,"https://www.bankofengland.co.uk/boeapps/database/_iadb-fromshowcolumns.asp?csv.x=yes&Datefrom=01/Jan/1975&Dateto=now&SeriesCodes=IUDBEDR,IUMBV34,IUMBV37,IUMBV42,IUMBV45,IUM2WTL,IUM5WTL,IUMTLMV&UsingCodes=Y&VPD=Y&VFD=N",2026-08-10
2000-07-31,IUMBV34,6.37,bank_of_england_iadb,"https://www.bankofengland.co.uk/boeapps/database/_iadb-fromshowcolumns.asp?csv.x=yes&Datefrom=01/Jan/1975&Dateto=now&SeriesCodes=IUDBEDR,IUMBV34,IUMBV37,IUMBV42,IUMBV45,IUM2WTL,IUM5WTL,IUMTLMV&UsingCodes=Y&VPD=Y&VFD=N",2026-08-10
2000-07-31,IUMBV37,6.58,bank_of_england_iadb,"https://www.bankofengland.co.uk/boeapps/database/_iadb-fromshowcolumns.asp?csv.x=yes&Datefrom=01/Jan/1975&Dateto=now&SeriesCodes=IUDBEDR,IUMBV34,IUMBV37,IUMBV42,IUMBV45,IUM2WTL,IUM5WTL,IUMTLMV&UsingCodes=Y&VPD=Y&VFD=N",2026-08-10
2000-07-31,IUMBV42,6.81,bank_of_england_iadb,"https://www.bankofengland.co.uk/boeapps/database/_iadb-fromshowcolumns.asp?csv.x=yes&Datefrom=01/Jan/1975&Dateto=now&SeriesCodes=IUDBEDR,IUMBV34,IUMBV37,IUMBV42,IUMBV45,IUM2WTL,IUM5WTL,IUMTLMV&UsingCodes=Y&VPD=Y&VFD=N",2026-08-10
2000-07-31,IUMBV45,6.69,bank_of_england_iadb,"https://www.bankofengland.co.uk/boeapps/database/_iadb-fromshowcolumns.asp?csv.x=yes&Datefrom=01/Jan/1975&Dateto=now&SeriesCodes=IUDBEDR,IUMBV34,IUMBV37,IUMBV42,IUMBV45,IUM2WTL,IUM5WTL,IUMTLMV&UsingCodes=Y&VPD=Y&VFD=N",2026-08-10
2000-07-31,IUM2WTL,6.59,bank_of_england_iadb,"https://www.bankofengland.co.uk/boeapps/database/_iadb-fromshowcolumns.asp?csv.x=yes&Datefrom=01/Jan/1975&Dateto=now&SeriesCodes=IUDBEDR,IUMBV34,IUMBV37,IUMBV42,IUMBV45,IUM2WTL,IUM5WTL,IUMTLMV&UsingCodes=Y&VPD=Y&VFD=N",2026-08-10
2000-07-31,IUM5WTL,6.97,bank_of_england_iadb,"https://www.bankofengland.co.uk/boeapps/database/_iadb-fromshowcolumns.asp?csv.x=yes&Datefrom=01/Jan/1975&Dateto=now&SeriesCodes=IUDBEDR,IUMBV34,IUMBV37,IUMBV42,IUMBV45,IUM2WTL,IUM5WTL,IUMTLMV&UsingCodes=Y&VPD=Y&VFD=N",2026-08-10
2000-07-31,IUMTLMV,7.64,bank_of_england_iadb,"https://www.bankofengland.co.uk/boeapps/database/_iadb-fromshowcolumns.asp?csv.x=yes&Datefrom=01/Jan/1975&Dateto=now&SeriesCodes=IUDBEDR,IUMBV34,IUMBV37,IUMBV42,IUMBV45,IUM2WTL,IUM5WTL,IUMTLMV&UsingCodes=Y&VPD=Y&VFD=N",2026-08-10
2000-08-31,IUMBV34,6.35,bank_of_england_iadb,"https://www.bankofengland.co.uk/boeapps/database/_iadb-fromshowcolumns.asp?csv.x=yes&Datefrom=01/Jan/1975&Dateto=now&SeriesCodes=IUDBEDR,IUMBV34,IUMBV37,IUMBV42,IUMBV45,IUM2WTL,IUM5WTL,IUMTLMV&UsingCodes=Y&VPD=Y&VFD=N",2026-08-10
2000-08-31,IUMBV37,6.59,bank_of_england_iadb,"https://www.bankofengland.co.uk/boeapps/database/_iadb-fromshowcolumns.asp?csv.x=yes&Datefrom=01/Jan/1975&Dateto=now&SeriesCodes=IUDBEDR,IUMBV34,IUMBV37,IUMBV42,IUMBV45,IUM2WTL,IUM5WTL,IUMTLMV&UsingCodes=Y&VPD=Y&VFD=N",2026-08-10
2000-08-31,IUMBV42,6.76,bank_of_england_iadb,"https://www.bankofengland.co.uk/boeapps/database/_iadb-fromshowcolumns.asp?csv.x=yes&Datefrom=01/Jan/1975&Dateto=now&SeriesCodes=IUDBEDR,IUMBV34,IUMBV37,IUMBV42,IUMBV45,IUM2WTL,IUM5WTL,IUMTLMV&UsingCodes=Y&VPD=Y&VFD=N",2026-08-10
2000-08-31,IUMBV45,6.69,bank_of_england_iadb,"https://www.bankofengland.co.uk/boeapps/database/_iadb-fromshowcolumns.asp?csv.x=yes&Datefrom=01/Jan/1975&Dateto=now&SeriesCodes=IUDBEDR,IUMBV34,IUMBV37,IUMBV42,IUMBV45,IUM2WTL,IUM5WTL,IUMTLMV&UsingCodes=Y&VPD=Y&VFD=N",2026-08-10
2000-08-31,IUM2WTL,6.58,bank_of_england_iadb,"https://www.bankofengland.co.uk/boeapps/database/_iadb-fromshowcolumns.asp?csv.x=yes&Datefrom=01/Jan/1975&Dateto=now&SeriesCodes=IUDBEDR,IUMBV34,IUMBV37,IUMBV42,IUMBV45,IUM2WTL,IUM5WTL,IUMTLMV&UsingCodes=Y&VPD=Y&VFD=N",2026-08-10
2000-08-31,IUM5WTL,6.86,bank_of_england_iadb,"https://www.bankofengland.co.uk/boeapps/database/_iadb-fromshowcolumns.asp?csv.x=yes&Datefrom=01/Jan/1975&Dateto=now&SeriesCodes=IUDBEDR,IUMBV34,IUMBV37,IUMBV42,IUMBV45,IUM2WTL,IUM5WTL,IUMTLMV&UsingCodes=Y&VPD=Y&VFD=N",2026-08-10
2000-08-31,IUMTLMV,7.63,bank_of_england_iadb,"https://www.bankofengland.co.uk/boeapps/database/_iadb-fromshowcolumns.asp?csv.x=yes&Datefrom=01/Jan/1975&Dateto=now&SeriesCodes=IUDBEDR,IUMBV34,IUMBV37,IUMBV42,IUMBV45,IUM2WTL,IUM5WTL,IUMTLMV&UsingCodes=Y&VPD=Y&VFD=N",2026-08-10
2000-09-30,IUMBV34,6.31,bank_of_england_iadb,"https://www.bankofengland.co.uk/boeapps/database/_iadb-fromshowcolumns.asp?csv.x=yes&Datefrom=01/Jan/1975&Dateto=now&SeriesCodes=IUDBEDR,IUMBV34,IUMBV37,IUMBV42,IUMBV45,IUM2WTL,IUM5WTL,IUMTLMV&UsingCodes=Y&VPD=Y&VFD=N",2026-08-10
2000-09-30,IUMBV37,6.56,bank_of_england_iadb,"https://www.bankofengland.co.uk/boeapps/database/_iadb-fromshowcolumns.asp?csv.x=yes&Datefrom=01/Jan/1975&Dateto=now&SeriesCodes=IUDBEDR,IUMBV34,IUMBV37,IUMBV42,IUMBV45,IUM2WTL,IUM5WTL,IUMTLMV&UsingCodes=Y&VPD=Y&VFD=N",2026-08-10
2000-09-30,IUMBV42,6.7,bank_of_england_iadb,"https://www.bankofengland.co.uk/boeapps/database/_iadb-fromshowcolumns.asp?csv.x=yes&Datefrom=01/Jan/1975&Dateto=now&SeriesCodes=IUDBEDR,IUMBV34,IUMBV37,IUMBV42,IUMBV45,IUM2WTL,IUM5WTL,IUMTLMV&UsingCodes=Y&VPD=Y&VFD=N",2026-08-10
2000-09-30,IUMBV45,6.98,bank_of_england_iadb,"https://www.bankofengland.co.uk/boeapps/database/_iadb-fromshowcolumns.asp?csv.x=yes&Datefrom=01/Jan/1975&Dateto=now&SeriesCodes=IUDBEDR,IUMBV34,IUMBV37,IUMBV42,IUMBV45,IUM2WTL,IUM5WTL,IUMTLMV&UsingCodes=Y&VPD=Y&VFD=N",2026-08-10
2000-09-30,IUM2WTL,6.6,bank_of_england_iadb,"https://www.bankofengland.co.uk/boeapps/database/_iadb-fromshowcolumns.asp?csv.x=yes&Datefrom=01/Jan/1975&Dateto=now&SeriesCodes=IUDBEDR,IUMBV34,IUMBV37,IUMBV42,IUMBV45,IUM2WTL,IUM5WTL,IUMTLMV&UsingCodes=Y&VPD=Y&VFD=N",2026-08-10
2000-09-30,IUM5WTL,6.84,bank_of_england_iadb,"https://www.bankofengland.co.uk/boeapps/database/_iadb-fromshowcolumns.asp?csv.x=yes&Datefrom=01/Jan/1975&Dateto=now&SeriesCodes=IUDBEDR,IUMBV34,IUMBV37,IUMBV42,IUMBV45,IUM2WTL,IUM5WTL,IUMTLMV&UsingCodes=Y&VPD=Y&VFD=N",2026-08-10
2000-09-30,IUMTLMV,7.59,bank_of_england_iadb,"https://www.bankofengland.co.uk/boeapps/database/_iadb-fromshowcolumns.asp?csv.x=yes&Datefrom=01/Jan/1975&Dateto=now&SeriesCodes=IUDBEDR,IUMBV34,IUMBV37,IUMBV42,IUMBV45,IUM2WTL,IUM5WTL,IUMTLMV&UsingCodes=Y&VPD=Y&VFD=N",2026-08-10
2000-10-31,IUMBV34,6.05,bank_of_england_iadb,"https://www.bankofengland.co.uk/boeapps/database/_iadb-fromshowcolumns.asp?csv.x=yes&Datefrom=01/Jan/1975&Dateto=now&SeriesCodes=IUDBEDR,IUMBV34,IUMBV37,IUMBV42,IUMBV45,IUM2WTL,IUM5WTL,IUMTLMV&UsingCodes=Y&VPD=Y&VFD=N",2026-08-10
2000-10-31,IUMBV37,6.25,bank_of_england_iadb,"https://www.bankofengland.co.uk/boeapps/database/_iadb-fromshowcolumns.asp?csv.x=yes&Datefrom=01/Jan/1975&Dateto=now&SeriesCodes=IUDBEDR,IUMBV34,IUMBV37,IUMBV42,IUMBV45,IUM2WTL,IUM5WTL,IUMTLMV&UsingCodes=Y&VPD=Y&VFD=N",2026-08-10
2000-10-31,IUMBV42,6.61,bank_of_england_iadb,"https://www.bankofengland.co.uk/boeapps/database/_iadb-fromshowcolumns.asp?csv.x=yes&Datefrom=01/Jan/1975&Dateto=now&SeriesCodes=IUDBEDR,IUMBV34,IUMBV37,IUMBV42,IUMBV45,IUM2WTL,IUM5WTL,IUMTLMV&UsingCodes=Y&VPD=Y&VFD=N",2026-08-10
2000-10-31,IUMBV45,6.99,bank_of_england_iadb,"https://www.bankofengland.co.uk/boeapps/database/_iadb-fromshowcolumns.asp?csv.x=yes&Datefrom=01/Jan/1975&Dateto=now&SeriesCodes=IUDBEDR,IUMBV34,IUMBV37,IUMBV42,IUMBV45,IUM2WTL,IUM5WTL,IUMTLMV&UsingCodes=Y&VPD=Y&VFD=N",2026-08-10
2000-10-31,IUM2WTL,6.45,bank_of_england_iadb,"https://www.bankofengland.co.uk/boeapps/database/_iadb-fromshowcolumns.asp?csv.x=yes&Datefrom=01/Jan/1975&Dateto=now&SeriesCodes=IUDBEDR,IUMBV34,IUMBV37,IUMBV42,IUMBV45,IUM2WTL,IUM5WTL,IUMTLMV&UsingCodes=Y&VPD=Y&VFD=N",2026-08-10
2000-10-31,IUM5WTL,6.82,bank_of_england_iadb,"https://www.bankofengland.co.uk/boeapps/database/_iadb-fromshowcolumns.asp?csv.x=yes&Datefrom=01/Jan/1975&Dateto=now&SeriesCodes=IUDBEDR,IUMBV34,IUMBV37,IUMBV42,IUMBV45,IUM2WTL,IUM5WTL,IUMTLMV&UsingCodes=Y&VPD=Y&VFD=N",2026-08-10
2000-10-31,IUMTLMV,7.59,bank_of_england_iadb,"https://www.bankofengland.co.uk/boeapps/database/_iadb-fromshowcolumns.asp?csv.x=yes&Datefrom=01/Jan/1975&Dateto=now&SeriesCodes=IUDBEDR,IUMBV34,IUMBV37,IUMBV42,IUMBV45,IUM2WTL,IUM5WTL,IUMTLMV&UsingCodes=Y&VPD=Y&VFD=N",2026-08-10
2000-11-30,IUMBV34,6.06,bank_of_england_iadb,"https://www.bankofengland.co.uk/boeapps/database/_iadb-fromshowcolumns.asp?csv.x=yes&Datefrom=01/Jan/1975&Dateto=now&SeriesCodes=IUDBEDR,IUMBV34,IUMBV37,IUMBV42,IUMBV45,IUM2WTL,IUM5WTL,IUMTLMV&UsingCodes=Y&VPD=Y&VFD=N",2026-08-10
2000-11-30,IUMBV37,6.21,bank_of_england_iadb,"https://www.bankofengland.co.uk/boeapps/database/_iadb-fromshowcolumns.asp?csv.x=yes&Datefrom=01/Jan/1975&Dateto=now&SeriesCodes=IUDBEDR,IUMBV34,IUMBV37,IUMBV42,IUMBV45,IUM2WTL,IUM5WTL,IUMTLMV&UsingCodes=Y&VPD=Y&VFD=N",2026-08-10
2000-11-30,IUMBV42,6.58,bank_of_england_iadb,"https://www.bankofengland.co.uk/boeapps/database/_iadb-fromshowcolumns.asp?csv.x=yes&Datefrom=01/Jan/1975&Dateto=now&SeriesCodes=IUDBEDR,IUMBV34,IUMBV37,IUMBV42,IUMBV45,IUM2WTL,IUM5WTL,IUMTLMV&UsingCodes=Y&VPD=Y&VFD=N",2026-08-10
2000-11-30,IUMBV45,6.99,bank_of_england_iadb,"https://www.bankofengland.co.uk/boeapps/database/_iadb-fromshowcolumns.asp?csv.x=yes&Datefrom=01/Jan/1975&Dateto=now&SeriesCodes=IUDBEDR,IUMBV34,IUMBV37,IUMBV42,IUMBV45,IUM2WTL,IUM5WTL,IUMTLMV&UsingCodes=Y&VPD=Y&VFD=N",2026-08-10
2000-11-30,IUM2WTL,6.29,bank_of_england_iadb,"https://www.bankofengland.co.uk/boeapps/database/_iadb-fromshowcolumns.asp?csv.x=yes&Datefrom=01/Jan/1975&Dateto=now&SeriesCodes=IUDBEDR,IUMBV34,IUMBV37,IUMBV42,IUMBV45,IUM2WTL,IUM5WTL,IUMTLMV&UsingCodes=Y&VPD=Y&VFD=N",2026-08-10
2000-11-30,IUM5WTL,6.77,bank_of_england_iadb,"https://www.bankofengland.co.uk/boeapps/database/_iadb-fromshowcolumns.asp?csv.x=yes&Datefrom=01/Jan/1975&Dateto=now&SeriesCodes=IUDBEDR,IUMBV34,IUMBV37,IUMBV42,IUMBV45,IUM2WTL,IUM5WTL,IUMTLMV&UsingCodes=Y&VPD=Y&VFD=N",2026-08-10
2000-11-30,IUMTLMV,7.59,bank_of_england_iadb,"https://www.bankofengland.co.uk/boeapps/database/_iadb-fromshowcolumns.asp?csv.x=yes&Datefrom=01/Jan/1975&Dateto=now&SeriesCodes=IUDBEDR,IUMBV34,IUMBV37,IUMBV42,IUMBV45,IUM2WTL,IUM5WTL,IUMTLMV&UsingCodes=Y&VPD=Y&VFD=N",2026-08-10
2000-12-31,IUMBV34,6.03,bank_of_england_iadb,"https://www.bankofengland.co.uk/boeapps/database/_iadb-fromshowcolumns.asp?csv.x=yes&Datefrom=01/Jan/1975&Dateto=now&SeriesCodes=IUDBEDR,IUMBV34,IUMBV37,IUMBV42,IUMBV45,IUM2WTL,IUM5WTL,IUMTLMV&UsingCodes=Y&VPD=Y&VFD=N",2026-08-10
2000-12-31,IUMBV37,6.23,bank_of_england_iadb,"https://www.bankofengland.co.uk/boeapps/database/_iadb-fromshowcolumns.asp?csv.x=yes&Datefrom=01/Jan/1975&Dateto=now&SeriesCodes=IUDBEDR,IUMBV34,IUMBV37,IUMBV42,IUMBV45,IUM2WTL,IUM5WTL,IUMTLMV&UsingCodes=Y&VPD=Y&VFD=N",2026-08-10
2000-12-31,IUMBV42,6.2,bank_of_england_iadb,"https://www.bankofengland.co.uk/boeapps/database/_iadb-fromshowcolumns.asp?csv.x=yes&Datefrom=01/Jan/1975&Dateto=now&SeriesCodes=IUDBEDR,IUMBV34,IUMBV37,IUMBV42,IUMBV45,IUM2WTL,IUM5WTL,IUMTLMV&UsingCodes=Y&VPD=Y&VFD=N",2026-08-10
2000-12-31,IUMBV45,6.99,bank_of_england_iadb,"https://www.bankofengland.co.uk/boeapps/database/_iadb-fromshowcolumns.asp?csv.x=yes&Datefrom=01/Jan/1975&Dateto=now&SeriesCodes=IUDBEDR,IUMBV34,IUMBV37,IUMBV42,IUMBV45,IUM2WTL,IUM5WTL,IUMTLMV&UsingCodes=Y&VPD=Y&VFD=N",2026-08-10
2000-12-31,IUM2WTL,6.22,bank_of_england_iadb,"https://www.bankofengland.co.uk/boeapps/database/_iadb-fromshowcolumns.asp?csv.x=yes&Datefrom=01/Jan/1975&Dateto=now&SeriesCodes=IUDBEDR,IUMBV34,IUMBV37,IUMBV42,IUMBV45,IUM2WTL,IUM5WTL,IUMTLMV&UsingCodes=Y&VPD=Y&VFD=N",2026-08-10
2000-12-31,IUM5WTL,6.49,bank_of_england_iadb,"https://www.bankofengland.co.uk/boeapps/database/_iadb-fromshowcolumns.asp?csv.x=yes&Datefrom=01/Jan/1975&Dateto=now&SeriesCodes=IUDBEDR,IUMBV34,IUMBV37,IUMBV42,IUMBV45,IUM2WTL,IUM5WTL,IUMTLMV&UsingCodes=Y&VPD=Y&VFD=N",2026-08-10
2000-12-31,IUMTLMV,7.55,bank_of_england_iadb,"https://www.bankofengland.co.uk/boeapps/database/_iadb-fromshowcolumns.asp?csv.x=yes&Datefrom=01/Jan/1975&Dateto=now&SeriesCodes=IUDBEDR,IUMBV34,IUMBV37,IUMBV42,IUMBV45,IUM2WTL,IUM5WTL,IUMTLMV&UsingCodes=Y&VPD=Y&VFD=N",2026-08-10
2001-01-31,IUMBV34,5.78,bank_of_england_iadb,"https://www.bankofengland.co.uk/boeapps/database/_iadb-fromshowcolumns.asp?csv.x=yes&Datefrom=01/Jan/1975&Dateto=now&SeriesCodes=IUDBEDR,IUMBV34,IUMBV37,IUMBV42,IUMBV45,IUM2WTL,IUM5WTL,IUMTLMV&UsingCodes=Y&VPD=Y&VFD=N",2026-08-10
2001-01-31,IUMBV37,6.13,bank_of_england_iadb,"https://www.bankofengland.co.uk/boeapps/database/_iadb-fromshowcolumns.asp?csv.x=yes&Datefrom=01/Jan/1975&Dateto=now&SeriesCodes=IUDBEDR,IUMBV34,IUMBV37,IUMBV42,IUMBV45,IUM2WTL,IUM5WTL,IUMTLMV&UsingCodes=Y&VPD=Y&VFD=N",2026-08-10
2001-01-31,IUMBV42,6.14,bank_of_england_iadb,"https://www.bankofengland.co.uk/boeapps/database/_iadb-fromshowcolumns.asp?csv.x=yes&Datefrom=01/Jan/1975&Dateto=now&SeriesCodes=IUDBEDR,IUMBV34,IUMBV37,IUMBV42,IUMBV45,IUM2WTL,IUM5WTL,IUMTLMV&UsingCodes=Y&VPD=Y&VFD=N",2026-08-10
2001-01-31,IUMBV45,6.78,bank_of_england_iadb,"https://www.bankofengland.co.uk/boeapps/database/_iadb-fromshowcolumns.asp?csv.x=yes&Datefrom=01/Jan/1975&Dateto=now&SeriesCodes=IUDBEDR,IUMBV34,IUMBV37,IUMBV42,IUMBV45,IUM2WTL,IUM5WTL,IUMTLMV&UsingCodes=Y&VPD=Y&VFD=N",2026-08-10
2001-01-31,IUM2WTL,6.0,bank_of_england_iadb,"https://www.bankofengland.co.uk/boeapps/database/_iadb-fromshowcolumns.asp?csv.x=yes&Datefrom=01/Jan/1975&Dateto=now&SeriesCodes=IUDBEDR,IUMBV34,IUMBV37,IUMBV42,IUMBV45,IUM2WTL,IUM5WTL,IUMTLMV&UsingCodes=Y&VPD=Y&VFD=N",2026-08-10
2001-01-31,IUM5WTL,6.29,bank_of_england_iadb,"https://www.bankofengland.co.uk/boeapps/database/_iadb-fromshowcolumns.asp?csv.x=yes&Datefrom=01/Jan/1975&Dateto=now&SeriesCodes=IUDBEDR,IUMBV34,IUMBV37,IUMBV42,IUMBV45,IUM2WTL,IUM5WTL,IUMTLMV&UsingCodes=Y&VPD=Y&VFD=N",2026-08-10
2001-01-31,IUMTLMV,7.56,bank_of_england_iadb,"https://www.bankofengland.co.uk/boeapps/database/_iadb-fromshowcolumns.asp?csv.x=yes&Datefrom=01/Jan/1975&Dateto=now&SeriesCodes=IUDBEDR,IUMBV34,IUMBV37,IUMBV42,IUMBV45,IUM2WTL,IUM5WTL,IUMTLMV&UsingCodes=Y&VPD=Y&VFD=N",2026-08-10
2001-02-28,IUMBV34,5.7,bank_of_england_iadb,"https://www.bankofengland.co.uk/boeapps/database/_iadb-fromshowcolumns.asp?csv.x=yes&Datefrom=01/Jan/1975&Dateto=now&SeriesCodes=IUDBEDR,IUMBV34,IUMBV37,IUMBV42,IUMBV45,IUM2WTL,IUM5WTL,IUMTLMV&UsingCodes=Y&VPD=Y&VFD=N",2026-08-10
2001-02-28,IUMBV37,6.01,bank_of_england_iadb,"https://www.bankofengland.co.uk/boeapps/database/_iadb-fromshowcolumns.asp?csv.x=yes&Datefrom=01/Jan/1975&Dateto=now&SeriesCodes=IUDBEDR,IUMBV34,IUMBV37,IUMBV42,IUMBV45,IUM2WTL,IUM5WTL,IUMTLMV&UsingCodes=Y&VPD=Y&VFD=N",2026-08-10
2001-02-28,IUMBV42,6.0,bank_of_england_iadb,"https://www.bankofengland.co.uk/boeapps/database/_iadb-fromshowcolumns.asp?csv.x=yes&Datefrom=01/Jan/1975&Dateto=now&SeriesCodes=IUDBEDR,IUMBV34,IUMBV37,IUMBV42,IUMBV45,IUM2WTL,IUM5WTL,IUMTLMV&UsingCodes=Y&VPD=Y&VFD=N",2026-08-10
2001-02-28,IUMBV45,6.37,bank_of_england_iadb,"https://www.bankofengland.co.uk/boeapps/database/_iadb-fromshowcolumns.asp?csv.x=yes&Datefrom=01/Jan/1975&Dateto=now&SeriesCodes=IUDBEDR,IUMBV34,IUMBV37,IUMBV42,IUMBV45,IUM2WTL,IUM5WTL,IUMTLMV&UsingCodes=Y&VPD=Y&VFD=N",2026-08-10
2001-02-28,IUM2WTL,5.85,bank_of_england_iadb,"https://www.bankofengland.co.uk/boeapps/database/_iadb-fromshowcolumns.asp?csv.x=yes&Datefrom=01/Jan/1975&Dateto=now&SeriesCodes=IUDBEDR,IUMBV34,IUMBV37,IUMBV42,IUMBV45,IUM2WTL,IUM5WTL,IUMTLMV&UsingCodes=Y&VPD=Y&VFD=N",2026-08-10
2001-02-28,IUM5WTL,6.14,bank_of_england_iadb,"https://www.bankofengland.co.uk/boeapps/database/_iadb-fromshowcolumns.asp?csv.x=yes&Datefrom=01/Jan/1975&Dateto=now&SeriesCodes=IUDBEDR,IUMBV34,IUMBV37,IUMBV42,IUMBV45,IUM2WTL,IUM5WTL,IUMTLMV&UsingCodes=Y&VPD=Y&VFD=N",2026-08-10
2001-02-28,IUMTLMV,7.56,bank_of_england_iadb,"https://www.bankofengland.co.uk/boeapps/database/_iadb-fromshowcolumns.asp?csv.x=yes&Datefrom=01/Jan/1975&Dateto=now&SeriesCodes=IUDBEDR,IUMBV34,IUMBV37,IUMBV42,IUMBV45,IUM2WTL,IUM5WTL,IUMTLMV&UsingCodes=Y&VPD=Y&VFD=N",2026-08-10
2001-03-31,IUMBV34,5.68,bank_of_england_iadb,"https://www.bankofengland.co.uk/boeapps/database/_iadb-fromshowcolumns.asp?csv.x=yes&Datefrom=01/Jan/1975&Dateto=now&SeriesCodes=IUDBEDR,IUMBV34,IUMBV37,IUMBV42,IUMBV45,IUM2WTL,IUM5WTL,IUMTLMV&UsingCodes=Y&VPD=Y&VFD=N",2026-08-10
2001-03-31,IUMBV37,5.95,bank_of_england_iadb,"https://www.bankofengland.co.uk/boeapps/database/_iadb-fromshowcolumns.asp?csv.x=yes&Datefrom=01/Jan/1975&Dateto=now&SeriesCodes=IUDBEDR,IUMBV34,IUMBV37,IUMBV42,IUMBV45,IUM2WTL,IUM5WTL,IUMTLMV&UsingCodes=Y&VPD=Y&VFD=N",2026-08-10
2001-03-31,IUMBV42,5.91,bank_of_england_iadb,"https://www.bankofengland.co.uk/boeapps/database/_iadb-fromshowcolumns.asp?csv.x=yes&Datefrom=01/Jan/1975&Dateto=now&SeriesCodes=IUDBEDR,IUMBV34,IUMBV37,IUMBV42,IUMBV45,IUM2WTL,IUM5WTL,IUMTLMV&UsingCodes=Y&VPD=Y&VFD=N",2026-08-10
2001-03-31,IUMBV45,5.89,bank_of_england_iadb,"https://www.bankofengland.co.uk/boeapps/database/_iadb-fromshowcolumns.asp?csv.x=yes&Datefrom=01/Jan/1975&Dateto=now&SeriesCodes=IUDBEDR,IUMBV34,IUMBV37,IUMBV42,IUMBV45,IUM2WTL,IUM5WTL,IUMTLMV&UsingCodes=Y&VPD=Y&VFD=N",2026-08-10
2001-03-31,IUM2WTL,5.82,bank_of_england_iadb,"https://www.bankofengland.co.uk/boeapps/database/_iadb-fromshowcolumns.asp?csv.x=yes&Datefrom=01/Jan/1975&Dateto=now&SeriesCodes=IUDBEDR,IUMBV34,IUMBV37,IUMBV42,IUMBV45,IUM2WTL,IUM5WTL,IUMTLMV&UsingCodes=Y&VPD=Y&VFD=N",2026-08-10
2001-03-31,IUM5WTL,6.06,bank_of_england_iadb,"https://www.bankofengland.co.uk/boeapps/database/_iadb-fromshowcolumns.asp?csv.x=yes&Datefrom=01/Jan/1975&Dateto=now&SeriesCodes=IUDBEDR,IUMBV34,IUMBV37,IUMBV42,IUMBV45,IUM2WTL,IUM5WTL,IUMTLMV&UsingCodes=Y&VPD=Y&VFD=N",2026-08-10
2001-03-31,IUMTLMV,7.27,bank_of_england_iadb,"https://www.bankofengland.co.uk/boeapps/database/_iadb-fromshowcolumns.asp?csv.x=yes&Datefrom=01/Jan/1975&Dateto=now&SeriesCodes=IUDBEDR,IUMBV34,IUMBV37,IUMBV42,IUMBV45,IUM2WTL,IUM5WTL,IUMTLMV&UsingCodes=Y&VPD=Y&VFD=N",2026-08-10
2001-04-30,IUMBV34,5.63,bank_of_england_iadb,"https://www.bankofengland.co.uk/boeapps/database/_iadb-fromshowcolumns.asp?csv.x=yes&Datefrom=01/Jan/1975&Dateto=now&SeriesCodes=IUDBEDR,IUMBV34,IUMBV37,IUMBV42,IUMBV45,IUM2WTL,IUM5WTL,IUMTLMV&UsingCodes=Y&VPD=Y&VFD=N",2026-08-10
2001-04-30,IUMBV37,5.77,bank_of_england_iadb,"https://www.bankofengland.co.uk/boeapps/database/_iadb-fromshowcolumns.asp?csv.x=yes&Datefrom=01/Jan/1975&Dateto=now&SeriesCodes=IUDBEDR,IUMBV34,IUMBV37,IUMBV42,IUMBV45,IUM2WTL,IUM5WTL,IUMTLMV&UsingCodes=Y&VPD=Y&VFD=N",2026-08-10
2001-04-30,IUMBV42,5.76,bank_of_england_iadb,"https://www.bankofengland.co.uk/boeapps/database/_iadb-fromshowcolumns.asp?csv.x=yes&Datefrom=01/Jan/1975&Dateto=now&SeriesCodes=IUDBEDR,IUMBV34,IUMBV37,IUMBV42,IUMBV45,IUM2WTL,IUM5WTL,IUMTLMV&UsingCodes=Y&VPD=Y&VFD=N",2026-08-10
2001-04-30,IUMBV45,5.89,bank_of_england_iadb,"https://www.bankofengland.co.uk/boeapps/database/_iadb-fromshowcolumns.asp?csv.x=yes&Datefrom=01/Jan/1975&Dateto=now&SeriesCodes=IUDBEDR,IUMBV34,IUMBV37,IUMBV42,IUMBV45,IUM2WTL,IUM5WTL,IUMTLMV&UsingCodes=Y&VPD=Y&VFD=N",2026-08-10
2001-04-30,IUM2WTL,5.76,bank_of_england_iadb,"https://www.bankofengland.co.uk/boeapps/database/_iadb-fromshowcolumns.asp?csv.x=yes&Datefrom=01/Jan/1975&Dateto=now&SeriesCodes=IUDBEDR,IUMBV34,IUMBV37,IUMBV42,IUMBV45,IUM2WTL,IUM5WTL,IUMTLMV&UsingCodes=Y&VPD=Y&VFD=N",2026-08-10
2001-04-30,IUM5WTL,5.92,bank_of_england_iadb,"https://www.bankofengland.co.uk/boeapps/database/_iadb-fromshowcolumns.asp?csv.x=yes&Datefrom=01/Jan/1975&Dateto=now&SeriesCodes=IUDBEDR,IUMBV34,IUMBV37,IUMBV42,IUMBV45,IUM2WTL,IUM5WTL,IUMTLMV&UsingCodes=Y&VPD=Y&VFD=N",2026-08-10
2001-04-30,IUMTLMV,7.3,bank_of_england_iadb,"https://www.bankofengland.co.uk/boeapps/database/_iadb-fromshowcolumns.asp?csv.x=yes&Datefrom=01/Jan/1975&Dateto=now&SeriesCodes=IUDBEDR,IUMBV34,IUMBV37,IUMBV42,IUMBV45,IUM2WTL,IUM5WTL,IUMTLMV&UsingCodes=Y&VPD=Y&VFD=N",2026-08-10
2001-05-31,IUMBV34,5.65,bank_of_england_iadb,"https://www.bankofengland.co.uk/boeapps/database/_iadb-fromshowcolumns.asp?csv.x=yes&Datefrom=01/Jan/1975&Dateto=now&SeriesCodes=IUDBEDR,IUMBV34,IUMBV37,IUMBV42,IUMBV45,IUM2WTL,IUM5WTL,IUMTLMV&UsingCodes=Y&VPD=Y&VFD=N",2026-08-10
2001-05-31,IUMBV37,5.74,bank_of_england_iadb,"https://www.bankofengland.co.uk/boeapps/database/_iadb-fromshowcolumns.asp?csv.x=yes&Datefrom=01/Jan/1975&Dateto=now&SeriesCodes=IUDBEDR,IUMBV34,IUMBV37,IUMBV42,IUMBV45,IUM2WTL,IUM5WTL,IUMTLMV&UsingCodes=Y&VPD=Y&VFD=N",2026-08-10
2001-05-31,IUMBV42,5.78,bank_of_england_iadb,"https://www.bankofengland.co.uk/boeapps/database/_iadb-fromshowcolumns.asp?csv.x=yes&Datefrom=01/Jan/1975&Dateto=now&SeriesCodes=IUDBEDR,IUMBV34,IUMBV37,IUMBV42,IUMBV45,IUM2WTL,IUM5WTL,IUMTLMV&UsingCodes=Y&VPD=Y&VFD=N",2026-08-10
2001-05-31,IUMBV45,5.89,bank_of_england_iadb,"https://www.bankofengland.co.uk/boeapps/database/_iadb-fromshowcolumns.asp?csv.x=yes&Datefrom=01/Jan/1975&Dateto=now&SeriesCodes=IUDBEDR,IUMBV34,IUMBV37,IUMBV42,IUMBV45,IUM2WTL,IUM5WTL,IUMTLMV&UsingCodes=Y&VPD=Y&VFD=N",2026-08-10
2001-05-31,IUM2WTL,5.71,bank_of_england_iadb,"https://www.bankofengland.co.uk/boeapps/database/_iadb-fromshowcolumns.asp?csv.x=yes&Datefrom=01/Jan/1975&Dateto=now&SeriesCodes=IUDBEDR,IUMBV34,IUMBV37,IUMBV42,IUMBV45,IUM2WTL,IUM5WTL,IUMTLMV&UsingCodes=Y&VPD=Y&VFD=N",2026-08-10
2001-05-31,IUM5WTL,5.88,bank_of_england_iadb,"https://www.bankofengland.co.uk/boeapps/database/_iadb-fromshowcolumns.asp?csv.x=yes&Datefrom=01/Jan/1975&Dateto=now&SeriesCodes=IUDBEDR,IUMBV34,IUMBV37,IUMBV42,IUMBV45,IUM2WTL,IUM5WTL,IUMTLMV&UsingCodes=Y&VPD=Y&VFD=N",2026-08-10
2001-05-31,IUMTLMV,7.03,bank_of_england_iadb,"https://www.bankofengland.co.uk/boeapps/database/_iadb-fromshowcolumns.asp?csv.x=yes&Datefrom=01/Jan/1975&Dateto=now&SeriesCodes=IUDBEDR,IUMBV34,IUMBV37,IUMBV42,IUMBV45,IUM2WTL,IUM5WTL,IUMTLMV&UsingCodes=Y&VPD=Y&VFD=N",2026-08-10
2001-06-30,IUMBV34,5.72,bank_of_england_iadb,"https://www.bankofengland.co.uk/boeapps/database/_iadb-fromshowcolumns.asp?csv.x=yes&Datefrom=01/Jan/1975&Dateto=now&SeriesCodes=IUDBEDR,IUMBV34,IUMBV37,IUMBV42,IUMBV45,IUM2WTL,IUM5WTL,IUMTLMV&UsingCodes=Y&VPD=Y&VFD=N",2026-08-10
2001-06-30,IUMBV37,5.84,bank_of_england_iadb,"https://www.bankofengland.co.uk/boeapps/database/_iadb-fromshowcolumns.asp?csv.x=yes&Datefrom=01/Jan/1975&Dateto=now&SeriesCodes=IUDBEDR,IUMBV34,IUMBV37,IUMBV42,IUMBV45,IUM2WTL,IUM5WTL,IUMTLMV&UsingCodes=Y&VPD=Y&VFD=N",2026-08-10
2001-06-30,IUMBV42,5.93,bank_of_england_iadb,"https://www.bankofengland.co.uk/boeapps/database/_iadb-fromshowcolumns.asp?csv.x=yes&Datefrom=01/Jan/1975&Dateto=now&SeriesCodes=IUDBEDR,IUMBV34,IUMBV37,IUMBV42,IUMBV45,IUM2WTL,IUM5WTL,IUMTLMV&UsingCodes=Y&VPD=Y&VFD=N",2026-08-10
2001-06-30,IUMBV45,5.99,bank_of_england_iadb,"https://www.bankofengland.co.uk/boeapps/database/_iadb-fromshowcolumns.asp?csv.x=yes&Datefrom=01/Jan/1975&Dateto=now&SeriesCodes=IUDBEDR,IUMBV34,IUMBV37,IUMBV42,IUMBV45,IUM2WTL,IUM5WTL,IUMTLMV&UsingCodes=Y&VPD=Y&VFD=N",2026-08-10
2001-06-30,IUM2WTL,5.82,bank_of_england_iadb,"https://www.bankofengland.co.uk/boeapps/database/_iadb-fromshowcolumns.asp?csv.x=yes&Datefrom=01/Jan/1975&Dateto=now&SeriesCodes=IUDBEDR,IUMBV34,IUMBV37,IUMBV42,IUMBV45,IUM2WTL,IUM5WTL,IUMTLMV&UsingCodes=Y&VPD=Y&VFD=N",2026-08-10
2001-06-30,IUM5WTL,6.08,bank_of_england_iadb,"https://www.bankofengland.co.uk/boeapps/database/_iadb-fromshowcolumns.asp?csv.x=yes&Datefrom=01/Jan/1975&Dateto=now&SeriesCodes=IUDBEDR,IUMBV34,IUMBV37,IUMBV42,IUMBV45,IUM2WTL,IUM5WTL,IUMTLMV&UsingCodes=Y&VPD=Y&VFD=N",2026-08-10
2001-06-30,IUMTLMV,6.81,bank_of_england_iadb,"https://www.bankofengland.co.uk/boeapps/database/_iadb-fromshowcolumns.asp?csv.x=yes&Datefrom=01/Jan/1975&Dateto=now&SeriesCodes=IUDBEDR,IUMBV34,IUMBV37,IUMBV42,IUMBV45,IUM2WTL,IUM5WTL,IUMTLMV&UsingCodes=Y&VPD=Y&VFD=N",2026-08-10
2001-07-31,IUMBV34,5.92,bank_of_england_iadb,"https://www.bankofengland.co.uk/boeapps/database/_iadb-fromshowcolumns.asp?csv.x=yes&Datefrom=01/Jan/1975&Dateto=now&SeriesCodes=IUDBEDR,IUMBV34,IUMBV37,IUMBV42,IUMBV45,IUM2WTL,IUM5WTL,IUMTLMV&UsingCodes=Y&VPD=Y&VFD=N",2026-08-10
2001-07-31,IUMBV37,5.99,bank_of_england_iadb,"https://www.bankofengland.co.uk/boeapps/database/_iadb-fromshowcolumns.asp?csv.x=yes&Datefrom=01/Jan/1975&Dateto=now&SeriesCodes=IUDBEDR,IUMBV34,IUMBV37,IUMBV42,IUMBV45,IUM2WTL,IUM5WTL,IUMTLMV&UsingCodes=Y&VPD=Y&VFD=N",2026-08-10
2001-07-31,IUMBV42,6.07,bank_of_england_iadb,"https://www.bankofengland.co.uk/boeapps/database/_iadb-fromshowcolumns.asp?csv.x=yes&Datefrom=01/Jan/1975&Dateto=now&SeriesCodes=IUDBEDR,IUMBV34,IUMBV37,IUMBV42,IUMBV45,IUM2WTL,IUM5WTL,IUMTLMV&UsingCodes=Y&VPD=Y&VFD=N",2026-08-10
2001-07-31,IUMBV45,5.99,bank_of_england_iadb,"https://www.bankofengland.co.uk/boeapps/database/_iadb-fromshowcolumns.asp?csv.x=yes&Datefrom=01/Jan/1975&Dateto=now&SeriesCodes=IUDBEDR,IUMBV34,IUMBV37,IUMBV42,IUMBV45,IUM2WTL,IUM5WTL,IUMTLMV&UsingCodes=Y&VPD=Y&VFD=N",2026-08-10
2001-07-31,IUM2WTL,6.16,bank_of_england_iadb,"https://www.bankofengland.co.uk/boeapps/database/_iadb-fromshowcolumns.asp?csv.x=yes&Datefrom=01/Jan/1975&Dateto=now&SeriesCodes=IUDBEDR,IUMBV34,IUMBV37,IUMBV42,IUMBV45,IUM2WTL,IUM5WTL,IUMTLMV&UsingCodes=Y&VPD=Y&VFD=N",2026-08-10
2001-07-31,IUM5WTL,6.26,bank_of_england_iadb,"https://www.bankofengland.co.uk/boeapps/database/_iadb-fromshowcolumns.asp?csv.x=yes&Datefrom=01/Jan/1975&Dateto=now&SeriesCodes=IUDBEDR,IUMBV34,IUMBV37,IUMBV42,IUMBV45,IUM2WTL,IUM5WTL,IUMTLMV&UsingCodes=Y&VPD=Y&VFD=N",2026-08-10
2001-07-31,IUMTLMV,6.81,bank_of_england_iadb,"https://www.bankofengland.co.uk/boeapps/database/_iadb-fromshowcolumns.asp?csv.x=yes&Datefrom=01/Jan/1975&Dateto=now&SeriesCodes=IUDBEDR,IUMBV34,IUMBV37,IUMBV42,IUMBV45,IUM2WTL,IUM5WTL,IUMTLMV&UsingCodes=Y&VPD=Y&VFD=N",2026-08-10
2001-08-31,IUMBV34,5.58,bank_of_england_iadb,"https://www.bankofengland.co.uk/boeapps/database/_iadb-fromshowcolumns.asp?csv.x=yes&Datefrom=01/Jan/1975&Dateto=now&SeriesCodes=IUDBEDR,IUMBV34,IUMBV37,IUMBV42,IUMBV45,IUM2WTL,IUM5WTL,IUMTLMV&UsingCodes=Y&VPD=Y&VFD=N",2026-08-10
2001-08-31,IUMBV37,5.82,bank_of_england_iadb,"https://www.bankofengland.co.uk/boeapps/database/_iadb-fromshowcolumns.asp?csv.x=yes&Datefrom=01/Jan/1975&Dateto=now&SeriesCodes=IUDBEDR,IUMBV34,IUMBV37,IUMBV42,IUMBV45,IUM2WTL,IUM5WTL,IUMTLMV&UsingCodes=Y&VPD=Y&VFD=N",2026-08-10
2001-08-31,IUMBV42,5.91,bank_of_england_iadb,"https://www.bankofengland.co.uk/boeapps/database/_iadb-fromshowcolumns.asp?csv.x=yes&Datefrom=01/Jan/1975&Dateto=now&SeriesCodes=IUDBEDR,IUMBV34,IUMBV37,IUMBV42,IUMBV45,IUM2WTL,IUM5WTL,IUMTLMV&UsingCodes=Y&VPD=Y&VFD=N",2026-08-10
2001-08-31,IUMBV45,5.89,bank_of_england_iadb,"https://www.bankofengland.co.uk/boeapps/database/_iadb-fromshowcolumns.asp?csv.x=yes&Datefrom=01/Jan/1975&Dateto=now&SeriesCodes=IUDBEDR,IUMBV34,IUMBV37,IUMBV42,IUMBV45,IUM2WTL,IUM5WTL,IUMTLMV&UsingCodes=Y&VPD=Y&VFD=N",2026-08-10
2001-08-31,IUM2WTL,6.0,bank_of_england_iadb,"https://www.bankofengland.co.uk/boeapps/database/_iadb-fromshowcolumns.asp?csv.x=yes&Datefrom=01/Jan/1975&Dateto=now&SeriesCodes=IUDBEDR,IUMBV34,IUMBV37,IUMBV42,IUMBV45,IUM2WTL,IUM5WTL,IUMTLMV&UsingCodes=Y&VPD=Y&VFD=N",2026-08-10
2001-08-31,IUM5WTL,6.18,bank_of_england_iadb,"https://www.bankofengland.co.uk/boeapps/database/_iadb-fromshowcolumns.asp?csv.x=yes&Datefrom=01/Jan/1975&Dateto=now&SeriesCodes=IUDBEDR,IUMBV34,IUMBV37,IUMBV42,IUMBV45,IUM2WTL,IUM5WTL,IUMTLMV&UsingCodes=Y&VPD=Y&VFD=N",2026-08-10
2001-08-31,IUMTLMV,6.8,bank_of_england_iadb,"https://www.bankofengland.co.uk/boeapps/database/_iadb-fromshowcolumns.asp?csv.x=yes&Datefrom=01/Jan/1975&Dateto=now&SeriesCodes=IUDBEDR,IUMBV34,IUMBV37,IUMBV42,IUMBV45,IUM2WTL,IUM5WTL,IUMTLMV&UsingCodes=Y&VPD=Y&VFD=N",2026-08-10
2001-09-30,IUMBV34,5.39,bank_of_england_iadb,"https://www.bankofengland.co.uk/boeapps/database/_iadb-fromshowcolumns.asp?csv.x=yes&Datefrom=01/Jan/1975&Dateto=now&SeriesCodes=IUDBEDR,IUMBV34,IUMBV37,IUMBV42,IUMBV45,IUM2WTL,IUM5WTL,IUMTLMV&UsingCodes=Y&VPD=Y&VFD=N",2026-08-10
2001-09-30,IUMBV37,5.68,bank_of_england_iadb,"https://www.bankofengland.co.uk/boeapps/database/_iadb-fromshowcolumns.asp?csv.x=yes&Datefrom=01/Jan/1975&Dateto=now&SeriesCodes=IUDBEDR,IUMBV34,IUMBV37,IUMBV42,IUMBV45,IUM2WTL,IUM5WTL,IUMTLMV&UsingCodes=Y&VPD=Y&VFD=N",2026-08-10
2001-09-30,IUMBV42,5.77,bank_of_england_iadb,"https://www.bankofengland.co.uk/boeapps/database/_iadb-fromshowcolumns.asp?csv.x=yes&Datefrom=01/Jan/1975&Dateto=now&SeriesCodes=IUDBEDR,IUMBV34,IUMBV37,IUMBV42,IUMBV45,IUM2WTL,IUM5WTL,IUMTLMV&UsingCodes=Y&VPD=Y&VFD=N",2026-08-10
2001-09-30,IUMBV45,5.89,bank_of_england_iadb,"https://www.bankofengland.co.uk/boeapps/database/_iadb-fromshowcolumns.asp?csv.x=yes&Datefrom=01/Jan/1975&Dateto=now&SeriesCodes=IUDBEDR,IUMBV34,IUMBV37,IUMBV42,IUMBV45,IUM2WTL,IUM5WTL,IUMTLMV&UsingCodes=Y&VPD=Y&VFD=N",2026-08-10
2001-09-30,IUM2WTL,5.59,bank_of_england_iadb,"https://www.bankofengland.co.uk/boeapps/database/_iadb-fromshowcolumns.asp?csv.x=yes&Datefrom=01/Jan/1975&Dateto=now&SeriesCodes=IUDBEDR,IUMBV34,IUMBV37,IUMBV42,IUMBV45,IUM2WTL,IUM5WTL,IUMTLMV&UsingCodes=Y&VPD=Y&VFD=N",2026-08-10
2001-09-30,IUM5WTL,6.05,bank_of_england_iadb,"https://www.bankofengland.co.uk/boeapps/database/_iadb-fromshowcolumns.asp?csv.x=yes&Datefrom=01/Jan/1975&Dateto=now&SeriesCodes=IUDBEDR,IUMBV34,IUMBV37,IUMBV42,IUMBV45,IUM2WTL,IUM5WTL,IUMTLMV&UsingCodes=Y&VPD=Y&VFD=N",2026-08-10
2001-09-30,IUMTLMV,6.54,bank_of_england_iadb,"https://www.bankofengland.co.uk/boeapps/database/_iadb-fromshowcolumns.asp?csv.x=yes&Datefrom=01/Jan/1975&Dateto=now&SeriesCodes=IUDBEDR,IUMBV34,IUMBV37,IUMBV42,IUMBV45,IUM2WTL,IUM5WTL,IUMTLMV&UsingCodes=Y&VPD=Y&VFD=N",2026-08-10
2001-10-31,IUMBV34,5.06,bank_of_england_iadb,"https://www.bankofengland.co.uk/boeapps/database/_iadb-fromshowcolumns.asp?csv.x=yes&Datefrom=01/Jan/1975&Dateto=now&SeriesCodes=IUDBEDR,IUMBV34,IUMBV37,IUMBV42,IUMBV45,IUM2WTL,IUM5WTL,IUMTLMV&UsingCodes=Y&VPD=Y&VFD=N",2026-08-10
2001-10-31,IUMBV37,5.46,bank_of_england_iadb,"https://www.bankofengland.co.uk/boeapps/database/_iadb-fromshowcolumns.asp?csv.x=yes&Datefrom=01/Jan/1975&Dateto=now&SeriesCodes=IUDBEDR,IUMBV34,IUMBV37,IUMBV42,IUMBV45,IUM2WTL,IUM5WTL,IUMTLMV&UsingCodes=Y&VPD=Y&VFD=N",2026-08-10
2001-10-31,IUMBV42,5.61,bank_of_england_iadb,"https://www.bankofengland.co.uk/boeapps/database/_iadb-fromshowcolumns.asp?csv.x=yes&Datefrom=01/Jan/1975&Dateto=now&SeriesCodes=IUDBEDR,IUMBV34,IUMBV37,IUMBV42,IUMBV45,IUM2WTL,IUM5WTL,IUMTLMV&UsingCodes=Y&VPD=Y&VFD=N",2026-08-10
2001-10-31,IUMBV45,5.59,bank_of_england_iadb,"https://www.bankofengland.co.uk/boeapps/database/_iadb-fromshowcolumns.asp?csv.x=yes&Datefrom=01/Jan/1975&Dateto=now&SeriesCodes=IUDBEDR,IUMBV34,IUMBV37,IUMBV42,IUMBV45,IUM2WTL,IUM5WTL,IUMTLMV&UsingCodes=Y&VPD=Y&VFD=N",2026-08-10
2001-10-31,IUM2WTL,5.53,bank_of_england_iadb,"https://www.bankofengland.co.uk/boeapps/database/_iadb-fromshowcolumns.asp?csv.x=yes&Datefrom=01/Jan/1975&Dateto=now&SeriesCodes=IUDBEDR,IUMBV34,IUMBV37,IUMBV42,IUMBV45,IUM2WTL,IUM5WTL,IUMTLMV&UsingCodes=Y&VPD=Y&VFD=N",2026-08-10
2001-10-31,IUM5WTL,5.92,bank_of_england_iadb,"https://www.bankofengland.co.uk/boeapps/database/_iadb-fromshowcolumns.asp?csv.x=yes&Datefrom=01/Jan/1975&Dateto=now&SeriesCodes=IUDBEDR,IUMBV34,IUMBV37,IUMBV42,IUMBV45,IUM2WTL,IUM5WTL,IUMTLMV&UsingCodes=Y&VPD=Y&VFD=N",2026-08-10
2001-10-31,IUMTLMV,6.32,bank_of_england_iadb,"https://www.bankofengland.co.uk/boeapps/database/_iadb-fromshowcolumns.asp?csv.x=yes&Datefrom=01/Jan/1975&Dateto=now&SeriesCodes=IUDBEDR,IUMBV34,IUMBV37,IUMBV42,IUMBV45,IUM2WTL,IUM5WTL,IUMTLMV&UsingCodes=Y&VPD=Y&VFD=N",2026-08-10
2001-11-30,IUMBV34,4.84,bank_of_england_iadb,"https://www.bankofengland.co.uk/boeapps/database/_iadb-fromshowcolumns.asp?csv.x=yes&Datefrom=01/Jan/1975&Dateto=now&SeriesCodes=IUDBEDR,IUMBV34,IUMBV37,IUMBV42,IUMBV45,IUM2WTL,IUM5WTL,IUMTLMV&UsingCodes=Y&VPD=Y&VFD=N",2026-08-10
2001-11-30,IUMBV37,5.26,bank_of_england_iadb,"https://www.bankofengland.co.uk/boeapps/database/_iadb-fromshowcolumns.asp?csv.x=yes&Datefrom=01/Jan/1975&Dateto=now&SeriesCodes=IUDBEDR,IUMBV34,IUMBV37,IUMBV42,IUMBV45,IUM2WTL,IUM5WTL,IUMTLMV&UsingCodes=Y&VPD=Y&VFD=N",2026-08-10
2001-11-30,IUMBV42,5.49,bank_of_england_iadb,"https://www.bankofengland.co.uk/boeapps/database/_iadb-fromshowcolumns.asp?csv.x=yes&Datefrom=01/Jan/1975&Dateto=now&SeriesCodes=IUDBEDR,IUMBV34,IUMBV37,IUMBV42,IUMBV45,IUM2WTL,IUM5WTL,IUMTLMV&UsingCodes=Y&VPD=Y&VFD=N",2026-08-10
2001-11-30,IUMBV45,5.59,bank_of_england_iadb,"https://www.bankofengland.co.uk/boeapps/database/_iadb-fromshowcolumns.asp?csv.x=yes&Datefrom=01/Jan/1975&Dateto=now&SeriesCodes=IUDBEDR,IUMBV34,IUMBV37,IUMBV42,IUMBV45,IUM2WTL,IUM5WTL,IUMTLMV&UsingCodes=Y&VPD=Y&VFD=N",2026-08-10
2001-11-30,IUM2WTL,5.31,bank_of_england_iadb,"https://www.bankofengland.co.uk/boeapps/database/_iadb-fromshowcolumns.asp?csv.x=yes&Datefrom=01/Jan/1975&Dateto=now&SeriesCodes=IUDBEDR,IUMBV34,IUMBV37,IUMBV42,IUMBV45,IUM2WTL,IUM5WTL,IUMTLMV&UsingCodes=Y&VPD=Y&VFD=N",2026-08-10
2001-11-30,IUM5WTL,5.74,bank_of_england_iadb,"https://www.bankofengland.co.uk/boeapps/database/_iadb-fromshowcolumns.asp?csv.x=yes&Datefrom=01/Jan/1975&Dateto=now&SeriesCodes=IUDBEDR,IUMBV34,IUMBV37,IUMBV42,IUMBV45,IUM2WTL,IUM5WTL,IUMTLMV&UsingCodes=Y&VPD=Y&VFD=N",2026-08-10
2001-11-30,IUMTLMV,6.06,bank_of_england_iadb,"https://www.bankofengland.co.uk/boeapps/database/_iadb-fromshowcolumns.asp?csv.x=yes&Datefrom=01/Jan/1975&Dateto=now&SeriesCodes=IUDBEDR,IUMBV34,IUMBV37,IUMBV42,IUMBV45,IUM2WTL,IUM5WTL,IUMTLMV&UsingCodes=Y&VPD=Y&VFD=N",2026-08-10
2001-12-31,IUMBV34,4.98,bank_of_england_iadb,"https://www.bankofengland.co.uk/boeapps/database/_iadb-fromshowcolumns.asp?csv.x=yes&Datefrom=01/Jan/1975&Dateto=now&SeriesCodes=IUDBEDR,IUMBV34,IUMBV37,IUMBV42,IUMBV45,IUM2WTL,IUM5WTL,IUMTLMV&UsingCodes=Y&VPD=Y&VFD=N",2026-08-10
2001-12-31,IUMBV37,5.39,bank_of_england_iadb,"https://www.bankofengland.co.uk/boeapps/database/_iadb-fromshowcolumns.asp?csv.x=yes&Datefrom=01/Jan/1975&Dateto=now&SeriesCodes=IUDBEDR,IUMBV34,IUMBV37,IUMBV42,IUMBV45,IUM2WTL,IUM5WTL,IUMTLMV&UsingCodes=Y&VPD=Y&VFD=N",2026-08-10
2001-12-31,IUMBV42,5.65,bank_of_england_iadb,"https://www.bankofengland.co.uk/boeapps/database/_iadb-fromshowcolumns.asp?csv.x=yes&Datefrom=01/Jan/1975&Dateto=now&SeriesCodes=IUDBEDR,IUMBV34,IUMBV37,IUMBV42,IUMBV45,IUM2WTL,IUM5WTL,IUMTLMV&UsingCodes=Y&VPD=Y&VFD=N",2026-08-10
2001-12-31,IUMBV45,5.59,bank_of_england_iadb,"https://www.bankofengland.co.uk/boeapps/database/_iadb-fromshowcolumns.asp?csv.x=yes&Datefrom=01/Jan/1975&Dateto=now&SeriesCodes=IUDBEDR,IUMBV34,IUMBV37,IUMBV42,IUMBV45,IUM2WTL,IUM5WTL,IUMTLMV&UsingCodes=Y&VPD=Y&VFD=N",2026-08-10
2001-12-31,IUM2WTL,5.21,bank_of_england_iadb,"https://www.bankofengland.co.uk/boeapps/database/_iadb-fromshowcolumns.asp?csv.x=yes&Datefrom=01/Jan/1975&Dateto=now&SeriesCodes=IUDBEDR,IUMBV34,IUMBV37,IUMBV42,IUMBV45,IUM2WTL,IUM5WTL,IUMTLMV&UsingCodes=Y&VPD=Y&VFD=N",2026-08-10
2001-12-31,IUM5WTL,5.72,bank_of_england_iadb,"https://www.bankofengland.co.uk/boeapps/database/_iadb-fromshowcolumns.asp?csv.x=yes&Datefrom=01/Jan/1975&Dateto=now&SeriesCodes=IUDBEDR,IUMBV34,IUMBV37,IUMBV42,IUMBV45,IUM2WTL,IUM5WTL,IUMTLMV&UsingCodes=Y&VPD=Y&VFD=N",2026-08-10
2001-12-31,IUMTLMV,5.67,bank_of_england_iadb,"https://www.bankofengland.co.uk/boeapps/database/_iadb-fromshowcolumns.asp?csv.x=yes&Datefrom=01/Jan/1975&Dateto=now&SeriesCodes=IUDBEDR,IUMBV34,IUMBV37,IUMBV42,IUMBV45,IUM2WTL,IUM5WTL,IUMTLMV&UsingCodes=Y&VPD=Y&VFD=N",2026-08-10
2002-01-31,IUMBV34,5.06,bank_of_england_iadb,"https://www.bankofengland.co.uk/boeapps/database/_iadb-fromshowcolumns.asp?csv.x=yes&Datefrom=01/Jan/1975&Dateto=now&SeriesCodes=IUDBEDR,IUMBV34,IUMBV37,IUMBV42,IUMBV45,IUM2WTL,IUM5WTL,IUMTLMV&UsingCodes=Y&VPD=Y&VFD=N",2026-08-10
2002-01-31,IUMBV37,5.47,bank_of_england_iadb,"https://www.bankofengland.co.uk/boeapps/database/_iadb-fromshowcolumns.asp?csv.x=yes&Datefrom=01/Jan/1975&Dateto=now&SeriesCodes=IUDBEDR,IUMBV34,IUMBV37,IUMBV42,IUMBV45,IUM2WTL,IUM5WTL,IUMTLMV&UsingCodes=Y&VPD=Y&VFD=N",2026-08-10
2002-01-31,IUMBV42,5.66,bank_of_england_iadb,"https://www.bankofengland.co.uk/boeapps/database/_iadb-fromshowcolumns.asp?csv.x=yes&Datefrom=01/Jan/1975&Dateto=now&SeriesCodes=IUDBEDR,IUMBV34,IUMBV37,IUMBV42,IUMBV45,IUM2WTL,IUM5WTL,IUMTLMV&UsingCodes=Y&VPD=Y&VFD=N",2026-08-10
2002-01-31,IUMBV45,5.59,bank_of_england_iadb,"https://www.bankofengland.co.uk/boeapps/database/_iadb-fromshowcolumns.asp?csv.x=yes&Datefrom=01/Jan/1975&Dateto=now&SeriesCodes=IUDBEDR,IUMBV34,IUMBV37,IUMBV42,IUMBV45,IUM2WTL,IUM5WTL,IUMTLMV&UsingCodes=Y&VPD=Y&VFD=N",2026-08-10
2002-01-31,IUM2WTL,5.34,bank_of_england_iadb,"https://www.bankofengland.co.uk/boeapps/database/_iadb-fromshowcolumns.asp?csv.x=yes&Datefrom=01/Jan/1975&Dateto=now&SeriesCodes=IUDBEDR,IUMBV34,IUMBV37,IUMBV42,IUMBV45,IUM2WTL,IUM5WTL,IUMTLMV&UsingCodes=Y&VPD=Y&VFD=N",2026-08-10
2002-01-31,IUM5WTL,5.89,bank_of_england_iadb,"https://www.bankofengland.co.uk/boeapps/database/_iadb-fromshowcolumns.asp?csv.x=yes&Datefrom=01/Jan/1975&Dateto=now&SeriesCodes=IUDBEDR,IUMBV34,IUMBV37,IUMBV42,IUMBV45,IUM2WTL,IUM5WTL,IUMTLMV&UsingCodes=Y&VPD=Y&VFD=N",2026-08-10
2002-01-31,IUMTLMV,5.66,bank_of_england_iadb,"https://www.bankofengland.co.uk/boeapps/database/_iadb-fromshowcolumns.asp?csv.x=yes&Datefrom=01/Jan/1975&Dateto=now&SeriesCodes=IUDBEDR,IUMBV34,IUMBV37,IUMBV42,IUMBV45,IUM2WTL,IUM5WTL,IUMTLMV&UsingCodes=Y&VPD=Y&VFD=N",2026-08-10
2002-02-28,IUMBV34,5.14,bank_of_england_iadb,"https://www.bankofengland.co.uk/boeapps/database/_iadb-fromshowcolumns.asp?csv.x=yes&Datefrom=01/Jan/1975&Dateto=now&SeriesCodes=IUDBEDR,IUMBV34,IUMBV37,IUMBV42,IUMBV45,IUM2WTL,IUM5WTL,IUMTLMV&UsingCodes=Y&VPD=Y&VFD=N",2026-08-10
2002-02-28,IUMBV37,5.53,bank_of_england_iadb,"https://www.bankofengland.co.uk/boeapps/database/_iadb-fromshowcolumns.asp?csv.x=yes&Datefrom=01/Jan/1975&Dateto=now&SeriesCodes=IUDBEDR,IUMBV34,IUMBV37,IUMBV42,IUMBV45,IUM2WTL,IUM5WTL,IUMTLMV&UsingCodes=Y&VPD=Y&VFD=N",2026-08-10
2002-02-28,IUMBV42,5.69,bank_of_england_iadb,"https://www.bankofengland.co.uk/boeapps/database/_iadb-fromshowcolumns.asp?csv.x=yes&Datefrom=01/Jan/1975&Dateto=now&SeriesCodes=IUDBEDR,IUMBV34,IUMBV37,IUMBV42,IUMBV45,IUM2WTL,IUM5WTL,IUMTLMV&UsingCodes=Y&VPD=Y&VFD=N",2026-08-10
2002-02-28,IUMBV45,5.59,bank_of_england_iadb,"https://www.bankofengland.co.uk/boeapps/database/_iadb-fromshowcolumns.asp?csv.x=yes&Datefrom=01/Jan/1975&Dateto=now&SeriesCodes=IUDBEDR,IUMBV34,IUMBV37,IUMBV42,IUMBV45,IUM2WTL,IUM5WTL,IUMTLMV&UsingCodes=Y&VPD=Y&VFD=N",2026-08-10
2002-02-28,IUM2WTL,5.47,bank_of_england_iadb,"https://www.bankofengland.co.uk/boeapps/database/_iadb-fromshowcolumns.asp?csv.x=yes&Datefrom=01/Jan/1975&Dateto=now&SeriesCodes=IUDBEDR,IUMBV34,IUMBV37,IUMBV42,IUMBV45,IUM2WTL,IUM5WTL,IUMTLMV&UsingCodes=Y&VPD=Y&VFD=N",2026-08-10
2002-02-28,IUM5WTL,5.86,bank_of_england_iadb,"https://www.bankofengland.co.uk/boeapps/database/_iadb-fromshowcolumns.asp?csv.x=yes&Datefrom=01/Jan/1975&Dateto=now&SeriesCodes=IUDBEDR,IUMBV34,IUMBV37,IUMBV42,IUMBV45,IUM2WTL,IUM5WTL,IUMTLMV&UsingCodes=Y&VPD=Y&VFD=N",2026-08-10
2002-02-28,IUMTLMV,5.66,bank_of_england_iadb,"https://www.bankofengland.co.uk/boeapps/database/_iadb-fromshowcolumns.asp?csv.x=yes&Datefrom=01/Jan/1975&Dateto=now&SeriesCodes=IUDBEDR,IUMBV34,IUMBV37,IUMBV42,IUMBV45,IUM2WTL,IUM5WTL,IUMTLMV&UsingCodes=Y&VPD=Y&VFD=N",2026-08-10
2002-03-31,IUMBV34,5.22,bank_of_england_iadb,"https://www.bankofengland.co.uk/boeapps/database/_iadb-fromshowcolumns.asp?csv.x=yes&Datefrom=01/Jan/1975&Dateto=now&SeriesCodes=IUDBEDR,IUMBV34,IUMBV37,IUMBV42,IUMBV45,IUM2WTL,IUM5WTL,IUMTLMV&UsingCodes=Y&VPD=Y&VFD=N",2026-08-10
2002-03-31,IUMBV37,5.62,bank_of_england_iadb,"https://www.bankofengland.co.uk/boeapps/database/_iadb-fromshowcolumns.asp?csv.x=yes&Datefrom=01/Jan/1975&Dateto=now&SeriesCodes=IUDBEDR,IUMBV34,IUMBV37,IUMBV42,IUMBV45,IUM2WTL,IUM5WTL,IUMTLMV&UsingCodes=Y&VPD=Y&VFD=N",2026-08-10
2002-03-31,IUMBV42,5.79,bank_of_england_iadb,"https://www.bankofengland.co.uk/boeapps/database/_iadb-fromshowcolumns.asp?csv.x=yes&Datefrom=01/Jan/1975&Dateto=now&SeriesCodes=IUDBEDR,IUMBV34,IUMBV37,IUMBV42,IUMBV45,IUM2WTL,IUM5WTL,IUMTLMV&UsingCodes=Y&VPD=Y&VFD=N",2026-08-10
2002-03-31,IUMBV45,5.79,bank_of_england_iadb,"https://www.bankofengland.co.uk/boeapps/database/_iadb-fromshowcolumns.asp?csv.x=yes&Datefrom=01/Jan/1975&Dateto=now&SeriesCodes=IUDBEDR,IUMBV34,IUMBV37,IUMBV42,IUMBV45,IUM2WTL,IUM5WTL,IUMTLMV&UsingCodes=Y&VPD=Y&VFD=N",2026-08-10
2002-03-31,IUM2WTL,5.47,bank_of_england_iadb,"https://www.bankofengland.co.uk/boeapps/database/_iadb-fromshowcolumns.asp?csv.x=yes&Datefrom=01/Jan/1975&Dateto=now&SeriesCodes=IUDBEDR,IUMBV34,IUMBV37,IUMBV42,IUMBV45,IUM2WTL,IUM5WTL,IUMTLMV&UsingCodes=Y&VPD=Y&VFD=N",2026-08-10
2002-03-31,IUM5WTL,5.94,bank_of_england_iadb,"https://www.bankofengland.co.uk/boeapps/database/_iadb-fromshowcolumns.asp?csv.x=yes&Datefrom=01/Jan/1975&Dateto=now&SeriesCodes=IUDBEDR,IUMBV34,IUMBV37,IUMBV42,IUMBV45,IUM2WTL,IUM5WTL,IUMTLMV&UsingCodes=Y&VPD=Y&VFD=N",2026-08-10
2002-03-31,IUMTLMV,5.65,bank_of_england_iadb,"https://www.bankofengland.co.uk/boeapps/database/_iadb-fromshowcolumns.asp?csv.x=yes&Datefrom=01/Jan/1975&Dateto=now&SeriesCodes=IUDBEDR,IUMBV34,IUMBV37,IUMBV42,IUMBV45,IUM2WTL,IUM5WTL,IUMTLMV&UsingCodes=Y&VPD=Y&VFD=N",2026-08-10
2002-04-30,IUMBV34,5.35,bank_of_england_iadb,"https://www.bankofengland.co.uk/boeapps/database/_iadb-fromshowcolumns.asp?csv.x=yes&Datefrom=01/Jan/1975&Dateto=now&SeriesCodes=IUDBEDR,IUMBV34,IUMBV37,IUMBV42,IUMBV45,IUM2WTL,IUM5WTL,IUMTLMV&UsingCodes=Y&VPD=Y&VFD=N",2026-08-10
2002-04-30,IUMBV37,5.74,bank_of_england_iadb,"https://www.bankofengland.co.uk/boeapps/database/_iadb-fromshowcolumns.asp?csv.x=yes&Datefrom=01/Jan/1975&Dateto=now&SeriesCodes=IUDBEDR,IUMBV34,IUMBV37,IUMBV42,IUMBV45,IUM2WTL,IUM5WTL,IUMTLMV&UsingCodes=Y&VPD=Y&VFD=N",2026-08-10
2002-04-30,IUMBV42,5.86,bank_of_england_iadb,"https://www.bankofengland.co.uk/boeapps/database/_iadb-fromshowcolumns.asp?csv.x=yes&Datefrom=01/Jan/1975&Dateto=now&SeriesCodes=IUDBEDR,IUMBV34,IUMBV37,IUMBV42,IUMBV45,IUM2WTL,IUM5WTL,IUMTLMV&UsingCodes=Y&VPD=Y&VFD=N",2026-08-10
2002-04-30,IUMBV45,5.89,bank_of_england_iadb,"https://www.bankofengland.co.uk/boeapps/database/_iadb-fromshowcolumns.asp?csv.x=yes&Datefrom=01/Jan/1975&Dateto=now&SeriesCodes=IUDBEDR,IUMBV34,IUMBV37,IUMBV42,IUMBV45,IUM2WTL,IUM5WTL,IUMTLMV&UsingCodes=Y&VPD=Y&VFD=N",2026-08-10
2002-04-30,IUM2WTL,5.62,bank_of_england_iadb,"https://www.bankofengland.co.uk/boeapps/database/_iadb-fromshowcolumns.asp?csv.x=yes&Datefrom=01/Jan/1975&Dateto=now&SeriesCodes=IUDBEDR,IUMBV34,IUMBV37,IUMBV42,IUMBV45,IUM2WTL,IUM5WTL,IUMTLMV&UsingCodes=Y&VPD=Y&VFD=N",2026-08-10
2002-04-30,IUM5WTL,6.02,bank_of_england_iadb,"https://www.bankofengland.co.uk/boeapps/database/_iadb-fromshowcolumns.asp?csv.x=yes&Datefrom=01/Jan/1975&Dateto=now&SeriesCodes=IUDBEDR,IUMBV34,IUMBV37,IUMBV42,IUMBV45,IUM2WTL,IUM5WTL,IUMTLMV&UsingCodes=Y&VPD=Y&VFD=N",2026-08-10
2002-04-30,IUMTLMV,5.65,bank_of_england_iadb,"https://www.bankofengland.co.uk/boeapps/database/_iadb-fromshowcolumns.asp?csv.x=yes&Datefrom=01/Jan/1975&Dateto=now&SeriesCodes=IUDBEDR,IUMBV34,IUMBV37,IUMBV42,IUMBV45,IUM2WTL,IUM5WTL,IUMTLMV&UsingCodes=Y&VPD=Y&VFD=N",2026-08-10
2002-05-31,IUMBV34,5.43,bank_of_england_iadb,"https://www.bankofengland.co.uk/boeapps/database/_iadb-fromshowcolumns.asp?csv.x=yes&Datefrom=01/Jan/1975&Dateto=now&SeriesCodes=IUDBEDR,IUMBV34,IUMBV37,IUMBV42,IUMBV45,IUM2WTL,IUM5WTL,IUMTLMV&UsingCodes=Y&VPD=Y&VFD=N",2026-08-10
2002-05-31,IUMBV37,5.76,bank_of_england_iadb,"https://www.bankofengland.co.uk/boeapps/database/_iadb-fromshowcolumns.asp?csv.x=yes&Datefrom=01/Jan/1975&Dateto=now&SeriesCodes=IUDBEDR,IUMBV34,IUMBV37,IUMBV42,IUMBV45,IUM2WTL,IUM5WTL,IUMTLMV&UsingCodes=Y&VPD=Y&VFD=N",2026-08-10
2002-05-31,IUMBV42,5.87,bank_of_england_iadb,"https://www.bankofengland.co.uk/boeapps/database/_iadb-fromshowcolumns.asp?csv.x=yes&Datefrom=01/Jan/1975&Dateto=now&SeriesCodes=IUDBEDR,IUMBV34,IUMBV37,IUMBV42,IUMBV45,IUM2WTL,IUM5WTL,IUMTLMV&UsingCodes=Y&VPD=Y&VFD=N",2026-08-10
2002-05-31,IUMBV45,5.89,bank_of_england_iadb,"https://www.bankofengland.co.uk/boeapps/database/_iadb-fromshowcolumns.asp?csv.x=yes&Datefrom=01/Jan/1975&Dateto=now&SeriesCodes=IUDBEDR,IUMBV34,IUMBV37,IUMBV42,IUMBV45,IUM2WTL,IUM5WTL,IUMTLMV&UsingCodes=Y&VPD=Y&VFD=N",2026-08-10
2002-05-31,IUM2WTL,5.67,bank_of_england_iadb,"https://www.bankofengland.co.uk/boeapps/database/_iadb-fromshowcolumns.asp?csv.x=yes&Datefrom=01/Jan/1975&Dateto=now&SeriesCodes=IUDBEDR,IUMBV34,IUMBV37,IUMBV42,IUMBV45,IUM2WTL,IUM5WTL,IUMTLMV&UsingCodes=Y&VPD=Y&VFD=N",2026-08-10
2002-05-31,IUM5WTL,6.04,bank_of_england_iadb,"https://www.bankofengland.co.uk/boeapps/database/_iadb-fromshowcolumns.asp?csv.x=yes&Datefrom=01/Jan/1975&Dateto=now&SeriesCodes=IUDBEDR,IUMBV34,IUMBV37,IUMBV42,IUMBV45,IUM2WTL,IUM5WTL,IUMTLMV&UsingCodes=Y&VPD=Y&VFD=N",2026-08-10
2002-05-31,IUMTLMV,5.66,bank_of_england_iadb,"https://www.bankofengland.co.uk/boeapps/database/_iadb-fromshowcolumns.asp?csv.x=yes&Datefrom=01/Jan/1975&Dateto=now&SeriesCodes=IUDBEDR,IUMBV34,IUMBV37,IUMBV42,IUMBV45,IUM2WTL,IUM5WTL,IUMTLMV&UsingCodes=Y&VPD=Y&VFD=N",2026-08-10
2002-06-30,IUMBV34,5.41,bank_of_england_iadb,"https://www.bankofengland.co.uk/boeapps/database/_iadb-fromshowcolumns.asp?csv.x=yes&Datefrom=01/Jan/1975&Dateto=now&SeriesCodes=IUDBEDR,IUMBV34,IUMBV37,IUMBV42,IUMBV45,IUM2WTL,IUM5WTL,IUMTLMV&UsingCodes=Y&VPD=Y&VFD=N",2026-08-10
2002-06-30,IUMBV37,5.7,bank_of_england_iadb,"https://www.bankofengland.co.uk/boeapps/database/_iadb-fromshowcolumns.asp?csv.x=yes&Datefrom=01/Jan/1975&Dateto=now&SeriesCodes=IUDBEDR,IUMBV34,IUMBV37,IUMBV42,IUMBV45,IUM2WTL,IUM5WTL,IUMTLMV&UsingCodes=Y&VPD=Y&VFD=N",2026-08-10
2002-06-30,IUMBV42,5.81,bank_of_england_iadb,"https://www.bankofengland.co.uk/boeapps/database/_iadb-fromshowcolumns.asp?csv.x=yes&Datefrom=01/Jan/1975&Dateto=now&SeriesCodes=IUDBEDR,IUMBV34,IUMBV37,IUMBV42,IUMBV45,IUM2WTL,IUM5WTL,IUMTLMV&UsingCodes=Y&VPD=Y&VFD=N",2026-08-10
2002-06-30,IUMBV45,5.77,bank_of_england_iadb,"https://www.bankofengland.co.uk/boeapps/database/_iadb-fromshowcolumns.asp?csv.x=yes&Datefrom=01/Jan/1975&Dateto=now&SeriesCodes=IUDBEDR,IUMBV34,IUMBV37,IUMBV42,IUMBV45,IUM2WTL,IUM5WTL,IUMTLMV&UsingCodes=Y&VPD=Y&VFD=N",2026-08-10
2002-06-30,IUM2WTL,5.65,bank_of_england_iadb,"https://www.bankofengland.co.uk/boeapps/database/_iadb-fromshowcolumns.asp?csv.x=yes&Datefrom=01/Jan/1975&Dateto=now&SeriesCodes=IUDBEDR,IUMBV34,IUMBV37,IUMBV42,IUMBV45,IUM2WTL,IUM5WTL,IUMTLMV&UsingCodes=Y&VPD=Y&VFD=N",2026-08-10
2002-06-30,IUM5WTL,6.01,bank_of_england_iadb,"https://www.bankofengland.co.uk/boeapps/database/_iadb-fromshowcolumns.asp?csv.x=yes&Datefrom=01/Jan/1975&Dateto=now&SeriesCodes=IUDBEDR,IUMBV34,IUMBV37,IUMBV42,IUMBV45,IUM2WTL,IUM5WTL,IUMTLMV&UsingCodes=Y&VPD=Y&VFD=N",2026-08-10
2002-06-30,IUMTLMV,5.66,bank_of_england_iadb,"https://www.bankofengland.co.uk/boeapps/database/_iadb-fromshowcolumns.asp?csv.x=yes&Datefrom=01/Jan/1975&Dateto=now&SeriesCodes=IUDBEDR,IUMBV34,IUMBV37,IUMBV42,IUMBV45,IUM2WTL,IUM5WTL,IUMTLMV&UsingCodes=Y&VPD=Y&VFD=N",2026-08-10
2002-07-31,IUMBV34,5.3,bank_of_england_iadb,"https://www.bankofengland.co.uk/boeapps/database/_iadb-fromshowcolumns.asp?csv.x=yes&Datefrom=01/Jan/1975&Dateto=now&SeriesCodes=IUDBEDR,IUMBV34,IUMBV37,IUMBV42,IUMBV45,IUM2WTL,IUM5WTL,IUMTLMV&UsingCodes=Y&VPD=Y&VFD=N",2026-08-10
2002-07-31,IUMBV37,5.64,bank_of_england_iadb,"https://www.bankofengland.co.uk/boeapps/database/_iadb-fromshowcolumns.asp?csv.x=yes&Datefrom=01/Jan/1975&Dateto=now&SeriesCodes=IUDBEDR,IUMBV34,IUMBV37,IUMBV42,IUMBV45,IUM2WTL,IUM5WTL,IUMTLMV&UsingCodes=Y&VPD=Y&VFD=N",2026-08-10
2002-07-31,IUMBV42,5.72,bank_of_england_iadb,"https://www.bankofengland.co.uk/boeapps/database/_iadb-fromshowcolumns.asp?csv.x=yes&Datefrom=01/Jan/1975&Dateto=now&SeriesCodes=IUDBEDR,IUMBV34,IUMBV37,IUMBV42,IUMBV45,IUM2WTL,IUM5WTL,IUMTLMV&UsingCodes=Y&VPD=Y&VFD=N",2026-08-10
2002-07-31,IUMBV45,5.76,bank_of_england_iadb,"https://www.bankofengland.co.uk/boeapps/database/_iadb-fromshowcolumns.asp?csv.x=yes&Datefrom=01/Jan/1975&Dateto=now&SeriesCodes=IUDBEDR,IUMBV34,IUMBV37,IUMBV42,IUMBV45,IUM2WTL,IUM5WTL,IUMTLMV&UsingCodes=Y&VPD=Y&VFD=N",2026-08-10
2002-07-31,IUM2WTL,5.55,bank_of_england_iadb,"https://www.bankofengland.co.uk/boeapps/database/_iadb-fromshowcolumns.asp?csv.x=yes&Datefrom=01/Jan/1975&Dateto=now&SeriesCodes=IUDBEDR,IUMBV34,IUMBV37,IUMBV42,IUMBV45,IUM2WTL,IUM5WTL,IUMTLMV&UsingCodes=Y&VPD=Y&VFD=N",2026-08-10
2002-07-31,IUM5WTL,5.93,bank_of_england_iadb,"https://www.bankofengland.co.uk/boeapps/database/_iadb-fromshowcolumns.asp?csv.x=yes&Datefrom=01/Jan/1975&Dateto=now&SeriesCodes=IUDBEDR,IUMBV34,IUMBV37,IUMBV42,IUMBV45,IUM2WTL,IUM5WTL,IUMTLMV&UsingCodes=Y&VPD=Y&VFD=N",2026-08-10
2002-07-31,IUMTLMV,5.66,bank_of_england_iadb,"https://www.bankofengland.co.uk/boeapps/database/_iadb-fromshowcolumns.asp?csv.x=yes&Datefrom=01/Jan/1975&Dateto=now&SeriesCodes=IUDBEDR,IUMBV34,IUMBV37,IUMBV42,IUMBV45,IUM2WTL,IUM5WTL,IUMTLMV&UsingCodes=Y&VPD=Y&VFD=N",2026-08-10
2002-08-31,IUMBV34,4.59,bank_of_england_iadb,"https://www.bankofengland.co.uk/boeapps/database/_iadb-fromshowcolumns.asp?csv.x=yes&Datefrom=01/Jan/1975&Dateto=now&SeriesCodes=IUDBEDR,IUMBV34,IUMBV37,IUMBV42,IUMBV45,IUM2WTL,IUM5WTL,IUMTLMV&UsingCodes=Y&VPD=Y&VFD=N",2026-08-10
2002-08-31,IUMBV37,5.16,bank_of_england_iadb,"https://www.bankofengland.co.uk/boeapps/database/_iadb-fromshowcolumns.asp?csv.x=yes&Datefrom=01/Jan/1975&Dateto=now&SeriesCodes=IUDBEDR,IUMBV34,IUMBV37,IUMBV42,IUMBV45,IUM2WTL,IUM5WTL,IUMTLMV&UsingCodes=Y&VPD=Y&VFD=N",2026-08-10
2002-08-31,IUMBV42,5.27,bank_of_england_iadb,"https://www.bankofengland.co.uk/boeapps/database/_iadb-fromshowcolumns.asp?csv.x=yes&Datefrom=01/Jan/1975&Dateto=now&SeriesCodes=IUDBEDR,IUMBV34,IUMBV37,IUMBV42,IUMBV45,IUM2WTL,IUM5WTL,IUMTLMV&UsingCodes=Y&VPD=Y&VFD=N",2026-08-10
2002-08-31,IUMBV45,5.6,bank_of_england_iadb,"https://www.bankofengland.co.uk/boeapps/database/_iadb-fromshowcolumns.asp?csv.x=yes&Datefrom=01/Jan/1975&Dateto=now&SeriesCodes=IUDBEDR,IUMBV34,IUMBV37,IUMBV42,IUMBV45,IUM2WTL,IUM5WTL,IUMTLMV&UsingCodes=Y&VPD=Y&VFD=N",2026-08-10
2002-08-31,IUM2WTL,4.92,bank_of_england_iadb,"https://www.bankofengland.co.uk/boeapps/database/_iadb-fromshowcolumns.asp?csv.x=yes&Datefrom=01/Jan/1975&Dateto=now&SeriesCodes=IUDBEDR,IUMBV34,IUMBV37,IUMBV42,IUMBV45,IUM2WTL,IUM5WTL,IUMTLMV&UsingCodes=Y&VPD=Y&VFD=N",2026-08-10
2002-08-31,IUM5WTL,5.51,bank_of_england_iadb,"https://www.bankofengland.co.uk/boeapps/database/_iadb-fromshowcolumns.asp?csv.x=yes&Datefrom=01/Jan/1975&Dateto=now&SeriesCodes=IUDBEDR,IUMBV34,IUMBV37,IUMBV42,IUMBV45,IUM2WTL,IUM5WTL,IUMTLMV&UsingCodes=Y&VPD=Y&VFD=N",2026-08-10
2002-08-31,IUMTLMV,5.66,bank_of_england_iadb,"https://www.bankofengland.co.uk/boeapps/database/_iadb-fromshowcolumns.asp?csv.x=yes&Datefrom=01/Jan/1975&Dateto=now&SeriesCodes=IUDBEDR,IUMBV34,IUMBV37,IUMBV42,IUMBV45,IUM2WTL,IUM5WTL,IUMTLMV&UsingCodes=Y&VPD=Y&VFD=N",2026-08-10
2002-09-30,IUMBV34,4.5,bank_of_england_iadb,"https://www.bankofengland.co.uk/boeapps/database/_iadb-fromshowcolumns.asp?csv.x=yes&Datefrom=01/Jan/1975&Dateto=now&SeriesCodes=IUDBEDR,IUMBV34,IUMBV37,IUMBV42,IUMBV45,IUM2WTL,IUM5WTL,IUMTLMV&UsingCodes=Y&VPD=Y&VFD=N",2026-08-10
2002-09-30,IUMBV37,4.91,bank_of_england_iadb,"https://www.bankofengland.co.uk/boeapps/database/_iadb-fromshowcolumns.asp?csv.x=yes&Datefrom=01/Jan/1975&Dateto=now&SeriesCodes=IUDBEDR,IUMBV34,IUMBV37,IUMBV42,IUMBV45,IUM2WTL,IUM5WTL,IUMTLMV&UsingCodes=Y&VPD=Y&VFD=N",2026-08-10
2002-09-30,IUMBV42,5.06,bank_of_england_iadb,"https://www.bankofengland.co.uk/boeapps/database/_iadb-fromshowcolumns.asp?csv.x=yes&Datefrom=01/Jan/1975&Dateto=now&SeriesCodes=IUDBEDR,IUMBV34,IUMBV37,IUMBV42,IUMBV45,IUM2WTL,IUM5WTL,IUMTLMV&UsingCodes=Y&VPD=Y&VFD=N",2026-08-10
2002-09-30,IUMBV45,5.46,bank_of_england_iadb,"https://www.bankofengland.co.uk/boeapps/database/_iadb-fromshowcolumns.asp?csv.x=yes&Datefrom=01/Jan/1975&Dateto=now&SeriesCodes=IUDBEDR,IUMBV34,IUMBV37,IUMBV42,IUMBV45,IUM2WTL,IUM5WTL,IUMTLMV&UsingCodes=Y&VPD=Y&VFD=N",2026-08-10
2002-09-30,IUM2WTL,4.72,bank_of_england_iadb,"https://www.bankofengland.co.uk/boeapps/database/_iadb-fromshowcolumns.asp?csv.x=yes&Datefrom=01/Jan/1975&Dateto=now&SeriesCodes=IUDBEDR,IUMBV34,IUMBV37,IUMBV42,IUMBV45,IUM2WTL,IUM5WTL,IUMTLMV&UsingCodes=Y&VPD=Y&VFD=N",2026-08-10
2002-09-30,IUM5WTL,5.22,bank_of_england_iadb,"https://www.bankofengland.co.uk/boeapps/database/_iadb-fromshowcolumns.asp?csv.x=yes&Datefrom=01/Jan/1975&Dateto=now&SeriesCodes=IUDBEDR,IUMBV34,IUMBV37,IUMBV42,IUMBV45,IUM2WTL,IUM5WTL,IUMTLMV&UsingCodes=Y&VPD=Y&VFD=N",2026-08-10
2002-09-30,IUMTLMV,5.65,bank_of_england_iadb,"https://www.bankofengland.co.uk/boeapps/database/_iadb-fromshowcolumns.asp?csv.x=yes&Datefrom=01/Jan/1975&Dateto=now&SeriesCodes=IUDBEDR,IUMBV34,IUMBV37,IUMBV42,IUMBV45,IUM2WTL,IUM5WTL,IUMTLMV&UsingCodes=Y&VPD=Y&VFD=N",2026-08-10
2002-10-31,IUMBV34,4.43,bank_of_england_iadb,"https://www.bankofengland.co.uk/boeapps/database/_iadb-fromshowcolumns.asp?csv.x=yes&Datefrom=01/Jan/1975&Dateto=now&SeriesCodes=IUDBEDR,IUMBV34,IUMBV37,IUMBV42,IUMBV45,IUM2WTL,IUM5WTL,IUMTLMV&UsingCodes=Y&VPD=Y&VFD=N",2026-08-10
2002-10-31,IUMBV37,4.8,bank_of_england_iadb,"https://www.bankofengland.co.uk/boeapps/database/_iadb-fromshowcolumns.asp?csv.x=yes&Datefrom=01/Jan/1975&Dateto=now&SeriesCodes=IUDBEDR,IUMBV34,IUMBV37,IUMBV42,IUMBV45,IUM2WTL,IUM5WTL,IUMTLMV&UsingCodes=Y&VPD=Y&VFD=N",2026-08-10
2002-10-31,IUMBV42,4.98,bank_of_england_iadb,"https://www.bankofengland.co.uk/boeapps/database/_iadb-fromshowcolumns.asp?csv.x=yes&Datefrom=01/Jan/1975&Dateto=now&SeriesCodes=IUDBEDR,IUMBV34,IUMBV37,IUMBV42,IUMBV45,IUM2WTL,IUM5WTL,IUMTLMV&UsingCodes=Y&VPD=Y&VFD=N",2026-08-10
2002-10-31,IUMBV45,5.7,bank_of_england_iadb,"https://www.bankofengland.co.uk/boeapps/database/_iadb-fromshowcolumns.asp?csv.x=yes&Datefrom=01/Jan/1975&Dateto=now&SeriesCodes=IUDBEDR,IUMBV34,IUMBV37,IUMBV42,IUMBV45,IUM2WTL,IUM5WTL,IUMTLMV&UsingCodes=Y&VPD=Y&VFD=N",2026-08-10
2002-10-31,IUM2WTL,4.69,bank_of_england_iadb,"https://www.bankofengland.co.uk/boeapps/database/_iadb-fromshowcolumns.asp?csv.x=yes&Datefrom=01/Jan/1975&Dateto=now&SeriesCodes=IUDBEDR,IUMBV34,IUMBV37,IUMBV42,IUMBV45,IUM2WTL,IUM5WTL,IUMTLMV&UsingCodes=Y&VPD=Y&VFD=N",2026-08-10
2002-10-31,IUM5WTL,5.12,bank_of_england_iadb,"https://www.bankofengland.co.uk/boeapps/database/_iadb-fromshowcolumns.asp?csv.x=yes&Datefrom=01/Jan/1975&Dateto=now&SeriesCodes=IUDBEDR,IUMBV34,IUMBV37,IUMBV42,IUMBV45,IUM2WTL,IUM5WTL,IUMTLMV&UsingCodes=Y&VPD=Y&VFD=N",2026-08-10
2002-10-31,IUMTLMV,5.66,bank_of_england_iadb,"https://www.bankofengland.co.uk/boeapps/database/_iadb-fromshowcolumns.asp?csv.x=yes&Datefrom=01/Jan/1975&Dateto=now&SeriesCodes=IUDBEDR,IUMBV34,IUMBV37,IUMBV42,IUMBV45,IUM2WTL,IUM5WTL,IUMTLMV&UsingCodes=Y&VPD=Y&VFD=N",2026-08-10
2002-11-30,IUMBV34,4.45,bank_of_england_iadb,"https://www.bankofengland.co.uk/boeapps/database/_iadb-fromshowcolumns.asp?csv.x=yes&Datefrom=01/Jan/1975&Dateto=now&SeriesCodes=IUDBEDR,IUMBV34,IUMBV37,IUMBV42,IUMBV45,IUM2WTL,IUM5WTL,IUMTLMV&UsingCodes=Y&VPD=Y&VFD=N",2026-08-10
2002-11-30,IUMBV37,4.82,bank_of_england_iadb,"https://www.bankofengland.co.uk/boeapps/database/_iadb-fromshowcolumns.asp?csv.x=yes&Datefrom=01/Jan/1975&Dateto=now&SeriesCodes=IUDBEDR,IUMBV34,IUMBV37,IUMBV42,IUMBV45,IUM2WTL,IUM5WTL,IUMTLMV&UsingCodes=Y&VPD=Y&VFD=N",2026-08-10
2002-11-30,IUMBV42,5.01,bank_of_england_iadb,"https://www.bankofengland.co.uk/boeapps/database/_iadb-fromshowcolumns.asp?csv.x=yes&Datefrom=01/Jan/1975&Dateto=now&SeriesCodes=IUDBEDR,IUMBV34,IUMBV37,IUMBV42,IUMBV45,IUM2WTL,IUM5WTL,IUMTLMV&UsingCodes=Y&VPD=Y&VFD=N",2026-08-10
2002-11-30,IUMBV45,5.75,bank_of_england_iadb,"https://www.bankofengland.co.uk/boeapps/database/_iadb-fromshowcolumns.asp?csv.x=yes&Datefrom=01/Jan/1975&Dateto=now&SeriesCodes=IUDBEDR,IUMBV34,IUMBV37,IUMBV42,IUMBV45,IUM2WTL,IUM5WTL,IUMTLMV&UsingCodes=Y&VPD=Y&VFD=N",2026-08-10
2002-11-30,IUM2WTL,4.68,bank_of_england_iadb,"https://www.bankofengland.co.uk/boeapps/database/_iadb-fromshowcolumns.asp?csv.x=yes&Datefrom=01/Jan/1975&Dateto=now&SeriesCodes=IUDBEDR,IUMBV34,IUMBV37,IUMBV42,IUMBV45,IUM2WTL,IUM5WTL,IUMTLMV&UsingCodes=Y&VPD=Y&VFD=N",2026-08-10
2002-11-30,IUM5WTL,5.15,bank_of_england_iadb,"https://www.bankofengland.co.uk/boeapps/database/_iadb-fromshowcolumns.asp?csv.x=yes&Datefrom=01/Jan/1975&Dateto=now&SeriesCodes=IUDBEDR,IUMBV34,IUMBV37,IUMBV42,IUMBV45,IUM2WTL,IUM5WTL,IUMTLMV&UsingCodes=Y&VPD=Y&VFD=N",2026-08-10
2002-11-30,IUMTLMV,5.65,bank_of_england_iadb,"https://www.bankofengland.co.uk/boeapps/database/_iadb-fromshowcolumns.asp?csv.x=yes&Datefrom=01/Jan/1975&Dateto=now&SeriesCodes=IUDBEDR,IUMBV34,IUMBV37,IUMBV42,IUMBV45,IUM2WTL,IUM5WTL,IUMTLMV&UsingCodes=Y&VPD=Y&VFD=N",2026-08-10
2002-12-31,IUMBV34,4.62,bank_of_england_iadb,"https://www.bankofengland.co.uk/boeapps/database/_iadb-fromshowcolumns.asp?csv.x=yes&Datefrom=01/Jan/1975&Dateto=now&SeriesCodes=IUDBEDR,IUMBV34,IUMBV37,IUMBV42,IUMBV45,IUM2WTL,IUM5WTL,IUMTLMV&UsingCodes=Y&VPD=Y&VFD=N",2026-08-10
2002-12-31,IUMBV37,5.04,bank_of_england_iadb,"https://www.bankofengland.co.uk/boeapps/database/_iadb-fromshowcolumns.asp?csv.x=yes&Datefrom=01/Jan/1975&Dateto=now&SeriesCodes=IUDBEDR,IUMBV34,IUMBV37,IUMBV42,IUMBV45,IUM2WTL,IUM5WTL,IUMTLMV&UsingCodes=Y&VPD=Y&VFD=N",2026-08-10
2002-12-31,IUMBV42,5.1,bank_of_england_iadb,"https://www.bankofengland.co.uk/boeapps/database/_iadb-fromshowcolumns.asp?csv.x=yes&Datefrom=01/Jan/1975&Dateto=now&SeriesCodes=IUDBEDR,IUMBV34,IUMBV37,IUMBV42,IUMBV45,IUM2WTL,IUM5WTL,IUMTLMV&UsingCodes=Y&VPD=Y&VFD=N",2026-08-10
2002-12-31,IUMBV45,5.76,bank_of_england_iadb,"https://www.bankofengland.co.uk/boeapps/database/_iadb-fromshowcolumns.asp?csv.x=yes&Datefrom=01/Jan/1975&Dateto=now&SeriesCodes=IUDBEDR,IUMBV34,IUMBV37,IUMBV42,IUMBV45,IUM2WTL,IUM5WTL,IUMTLMV&UsingCodes=Y&VPD=Y&VFD=N",2026-08-10
2002-12-31,IUM2WTL,4.86,bank_of_england_iadb,"https://www.bankofengland.co.uk/boeapps/database/_iadb-fromshowcolumns.asp?csv.x=yes&Datefrom=01/Jan/1975&Dateto=now&SeriesCodes=IUDBEDR,IUMBV34,IUMBV37,IUMBV42,IUMBV45,IUM2WTL,IUM5WTL,IUMTLMV&UsingCodes=Y&VPD=Y&VFD=N",2026-08-10
2002-12-31,IUM5WTL,5.27,bank_of_england_iadb,"https://www.bankofengland.co.uk/boeapps/database/_iadb-fromshowcolumns.asp?csv.x=yes&Datefrom=01/Jan/1975&Dateto=now&SeriesCodes=IUDBEDR,IUMBV34,IUMBV37,IUMBV42,IUMBV45,IUM2WTL,IUM5WTL,IUMTLMV&UsingCodes=Y&VPD=Y&VFD=N",2026-08-10
2002-12-31,IUMTLMV,5.64,bank_of_england_iadb,"https://www.bankofengland.co.uk/boeapps/database/_iadb-fromshowcolumns.asp?csv.x=yes&Datefrom=01/Jan/1975&Dateto=now&SeriesCodes=IUDBEDR,IUMBV34,IUMBV37,IUMBV42,IUMBV45,IUM2WTL,IUM5WTL,IUMTLMV&UsingCodes=Y&VPD=Y&VFD=N",2026-08-10
2003-01-31,IUMBV34,4.5,bank_of_england_iadb,"https://www.bankofengland.co.uk/boeapps/database/_iadb-fromshowcolumns.asp?csv.x=yes&Datefrom=01/Jan/1975&Dateto=now&SeriesCodes=IUDBEDR,IUMBV34,IUMBV37,IUMBV42,IUMBV45,IUM2WTL,IUM5WTL,IUMTLMV&UsingCodes=Y&VPD=Y&VFD=N",2026-08-10
2003-01-31,IUMBV37,4.88,bank_of_england_iadb,"https://www.bankofengland.co.uk/boeapps/database/_iadb-fromshowcolumns.asp?csv.x=yes&Datefrom=01/Jan/1975&Dateto=now&SeriesCodes=IUDBEDR,IUMBV34,IUMBV37,IUMBV42,IUMBV45,IUM2WTL,IUM5WTL,IUMTLMV&UsingCodes=Y&VPD=Y&VFD=N",2026-08-10
2003-01-31,IUMBV42,4.99,bank_of_england_iadb,"https://www.bankofengland.co.uk/boeapps/database/_iadb-fromshowcolumns.asp?csv.x=yes&Datefrom=01/Jan/1975&Dateto=now&SeriesCodes=IUDBEDR,IUMBV34,IUMBV37,IUMBV42,IUMBV45,IUM2WTL,IUM5WTL,IUMTLMV&UsingCodes=Y&VPD=Y&VFD=N",2026-08-10
2003-01-31,IUMBV45,5.62,bank_of_england_iadb,"https://www.bankofengland.co.uk/boeapps/database/_iadb-fromshowcolumns.asp?csv.x=yes&Datefrom=01/Jan/1975&Dateto=now&SeriesCodes=IUDBEDR,IUMBV34,IUMBV37,IUMBV42,IUMBV45,IUM2WTL,IUM5WTL,IUMTLMV&UsingCodes=Y&VPD=Y&VFD=N",2026-08-10
2003-01-31,IUM2WTL,4.69,bank_of_england_iadb,"https://www.bankofengland.co.uk/boeapps/database/_iadb-fromshowcolumns.asp?csv.x=yes&Datefrom=01/Jan/1975&Dateto=now&SeriesCodes=IUDBEDR,IUMBV34,IUMBV37,IUMBV42,IUMBV45,IUM2WTL,IUM5WTL,IUMTLMV&UsingCodes=Y&VPD=Y&VFD=N",2026-08-10
2003-01-31,IUM5WTL,5.12,bank_of_england_iadb,"https://www.bankofengland.co.uk/boeapps/database/_iadb-fromshowcolumns.asp?csv.x=yes&Datefrom=01/Jan/1975&Dateto=now&SeriesCodes=IUDBEDR,IUMBV34,IUMBV37,IUMBV42,IUMBV45,IUM2WTL,IUM5WTL,IUMTLMV&UsingCodes=Y&VPD=Y&VFD=N",2026-08-10
2003-01-31,IUMTLMV,5.64,bank_of_england_iadb,"https://www.bankofengland.co.uk/boeapps/database/_iadb-fromshowcolumns.asp?csv.x=yes&Datefrom=01/Jan/1975&Dateto=now&SeriesCodes=IUDBEDR,IUMBV34,IUMBV37,IUMBV42,IUMBV45,IUM2WTL,IUM5WTL,IUMTLMV&UsingCodes=Y&VPD=Y&VFD=N",2026-08-10
2003-02-28,IUMBV34,4.14,bank_of_england_iadb,"https://www.bankofengland.co.uk/boeapps/database/_iadb-fromshowcolumns.asp?csv.x=yes&Datefrom=01/Jan/1975&Dateto=now&SeriesCodes=IUDBEDR,IUMBV34,IUMBV37,IUMBV42,IUMBV45,IUM2WTL,IUM5WTL,IUMTLMV&UsingCodes=Y&VPD=Y&VFD=N",2026-08-10
2003-02-28,IUMBV37,4.51,bank_of_england_iadb,"https://www.bankofengland.co.uk/boeapps/database/_iadb-fromshowcolumns.asp?csv.x=yes&Datefrom=01/Jan/1975&Dateto=now&SeriesCodes=IUDBEDR,IUMBV34,IUMBV37,IUMBV42,IUMBV45,IUM2WTL,IUM5WTL,IUMTLMV&UsingCodes=Y&VPD=Y&VFD=N",2026-08-10
2003-02-28,IUMBV42,4.74,bank_of_england_iadb,"https://www.bankofengland.co.uk/boeapps/database/_iadb-fromshowcolumns.asp?csv.x=yes&Datefrom=01/Jan/1975&Dateto=now&SeriesCodes=IUDBEDR,IUMBV34,IUMBV37,IUMBV42,IUMBV45,IUM2WTL,IUM5WTL,IUMTLMV&UsingCodes=Y&VPD=Y&VFD=N",2026-08-10
2003-02-28,IUMBV45,5.42,bank_of_england_iadb,"https://www.bankofengland.co.uk/boeapps/database/_iadb-fromshowcolumns.asp?csv.x=yes&Datefrom=01/Jan/1975&Dateto=now&SeriesCodes=IUDBEDR,IUMBV34,IUMBV37,IUMBV42,IUMBV45,IUM2WTL,IUM5WTL,IUMTLMV&UsingCodes=Y&VPD=Y&VFD=N",2026-08-10
2003-02-28,IUM2WTL,4.36,bank_of_england_iadb,"https://www.bankofengland.co.uk/boeapps/database/_iadb-fromshowcolumns.asp?csv.x=yes&Datefrom=01/Jan/1975&Dateto=now&SeriesCodes=IUDBEDR,IUMBV34,IUMBV37,IUMBV42,IUMBV45,IUM2WTL,IUM5WTL,IUMTLMV&UsingCodes=Y&VPD=Y&VFD=N",2026-08-10
2003-02-28,IUM5WTL,4.81,bank_of_england_iadb,"https://www.bankofengland.co.uk/boeapps/database/_iadb-fromshowcolumns.asp?csv.x=yes&Datefrom=01/Jan/1975&Dateto=now&SeriesCodes=IUDBEDR,IUMBV34,IUMBV37,IUMBV42,IUMBV45,IUM2WTL,IUM5WTL,IUMTLMV&UsingCodes=Y&VPD=Y&VFD=N",2026-08-10
2003-02-28,IUMTLMV,5.63,bank_of_england_iadb,"https://www.bankofengland.co.uk/boeapps/database/_iadb-fromshowcolumns.asp?csv.x=yes&Datefrom=01/Jan/1975&Dateto=now&SeriesCodes=IUDBEDR,IUMBV34,IUMBV37,IUMBV42,IUMBV45,IUM2WTL,IUM5WTL,IUMTLMV&UsingCodes=Y&VPD=Y&VFD=N",2026-08-10
2003-03-31,IUMBV34,4.06,bank_of_england_iadb,"https://www.bankofengland.co.uk/boeapps/database/_iadb-fromshowcolumns.asp?csv.x=yes&Datefrom=01/Jan/1975&Dateto=now&SeriesCodes=IUDBEDR,IUMBV34,IUMBV37,IUMBV42,IUMBV45,IUM2WTL,IUM5WTL,IUMTLMV&UsingCodes=Y&VPD=Y&VFD=N",2026-08-10
2003-03-31,IUMBV37,4.59,bank_of_england_iadb,"https://www.bankofengland.co.uk/boeapps/database/_iadb-fromshowcolumns.asp?csv.x=yes&Datefrom=01/Jan/1975&Dateto=now&SeriesCodes=IUDBEDR,IUMBV34,IUMBV37,IUMBV42,IUMBV45,IUM2WTL,IUM5WTL,IUMTLMV&UsingCodes=Y&VPD=Y&VFD=N",2026-08-10
2003-03-31,IUMBV42,4.76,bank_of_england_iadb,"https://www.bankofengland.co.uk/boeapps/database/_iadb-fromshowcolumns.asp?csv.x=yes&Datefrom=01/Jan/1975&Dateto=now&SeriesCodes=IUDBEDR,IUMBV34,IUMBV37,IUMBV42,IUMBV45,IUM2WTL,IUM5WTL,IUMTLMV&UsingCodes=Y&VPD=Y&VFD=N",2026-08-10
2003-03-31,IUMBV45,5.22,bank_of_england_iadb,"https://www.bankofengland.co.uk/boeapps/database/_iadb-fromshowcolumns.asp?csv.x=yes&Datefrom=01/Jan/1975&Dateto=now&SeriesCodes=IUDBEDR,IUMBV34,IUMBV37,IUMBV42,IUMBV45,IUM2WTL,IUM5WTL,IUMTLMV&UsingCodes=Y&VPD=Y&VFD=N",2026-08-10
2003-03-31,IUM2WTL,4.2,bank_of_england_iadb,"https://www.bankofengland.co.uk/boeapps/database/_iadb-fromshowcolumns.asp?csv.x=yes&Datefrom=01/Jan/1975&Dateto=now&SeriesCodes=IUDBEDR,IUMBV34,IUMBV37,IUMBV42,IUMBV45,IUM2WTL,IUM5WTL,IUMTLMV&UsingCodes=Y&VPD=Y&VFD=N",2026-08-10
2003-03-31,IUM5WTL,4.88,bank_of_england_iadb,"https://www.bankofengland.co.uk/boeapps/database/_iadb-fromshowcolumns.asp?csv.x=yes&Datefrom=01/Jan/1975&Dateto=now&SeriesCodes=IUDBEDR,IUMBV34,IUMBV37,IUMBV42,IUMBV45,IUM2WTL,IUM5WTL,IUMTLMV&UsingCodes=Y&VPD=Y&VFD=N",2026-08-10
2003-03-31,IUMTLMV,5.49,bank_of_england_iadb,"https://www.bankofengland.co.uk/boeapps/database/_iadb-fromshowcolumns.asp?csv.x=yes&Datefrom=01/Jan/1975&Dateto=now&SeriesCodes=IUDBEDR,IUMBV34,IUMBV37,IUMBV42,IUMBV45,IUM2WTL,IUM5WTL,IUMTLMV&UsingCodes=Y&VPD=Y&VFD=N",2026-08-10
2003-04-30,IUMBV34,4.06,bank_of_england_iadb,"https://www.bankofengland.co.uk/boeapps/database/_iadb-fromshowcolumns.asp?csv.x=yes&Datefrom=01/Jan/1975&Dateto=now&SeriesCodes=IUDBEDR,IUMBV34,IUMBV37,IUMBV42,IUMBV45,IUM2WTL,IUM5WTL,IUMTLMV&UsingCodes=Y&VPD=Y&VFD=N",2026-08-10
2003-04-30,IUMBV37,4.57,bank_of_england_iadb,"https://www.bankofengland.co.uk/boeapps/database/_iadb-fromshowcolumns.asp?csv.x=yes&Datefrom=01/Jan/1975&Dateto=now&SeriesCodes=IUDBEDR,IUMBV34,IUMBV37,IUMBV42,IUMBV45,IUM2WTL,IUM5WTL,IUMTLMV&UsingCodes=Y&VPD=Y&VFD=N",2026-08-10
2003-04-30,IUMBV42,4.75,bank_of_england_iadb,"https://www.bankofengland.co.uk/boeapps/database/_iadb-fromshowcolumns.asp?csv.x=yes&Datefrom=01/Jan/1975&Dateto=now&SeriesCodes=IUDBEDR,IUMBV34,IUMBV37,IUMBV42,IUMBV45,IUM2WTL,IUM5WTL,IUMTLMV&UsingCodes=Y&VPD=Y&VFD=N",2026-08-10
2003-04-30,IUMBV45,5.42,bank_of_england_iadb,"https://www.bankofengland.co.uk/boeapps/database/_iadb-fromshowcolumns.asp?csv.x=yes&Datefrom=01/Jan/1975&Dateto=now&SeriesCodes=IUDBEDR,IUMBV34,IUMBV37,IUMBV42,IUMBV45,IUM2WTL,IUM5WTL,IUMTLMV&UsingCodes=Y&VPD=Y&VFD=N",2026-08-10
2003-04-30,IUM2WTL,4.31,bank_of_england_iadb,"https://www.bankofengland.co.uk/boeapps/database/_iadb-fromshowcolumns.asp?csv.x=yes&Datefrom=01/Jan/1975&Dateto=now&SeriesCodes=IUDBEDR,IUMBV34,IUMBV37,IUMBV42,IUMBV45,IUM2WTL,IUM5WTL,IUMTLMV&UsingCodes=Y&VPD=Y&VFD=N",2026-08-10
2003-04-30,IUM5WTL,4.92,bank_of_england_iadb,"https://www.bankofengland.co.uk/boeapps/database/_iadb-fromshowcolumns.asp?csv.x=yes&Datefrom=01/Jan/1975&Dateto=now&SeriesCodes=IUDBEDR,IUMBV34,IUMBV37,IUMBV42,IUMBV45,IUM2WTL,IUM5WTL,IUMTLMV&UsingCodes=Y&VPD=Y&VFD=N",2026-08-10
2003-04-30,IUMTLMV,5.51,bank_of_england_iadb,"https://www.bankofengland.co.uk/boeapps/database/_iadb-fromshowcolumns.asp?csv.x=yes&Datefrom=01/Jan/1975&Dateto=now&SeriesCodes=IUDBEDR,IUMBV34,IUMBV37,IUMBV42,IUMBV45,IUM2WTL,IUM5WTL,IUMTLMV&UsingCodes=Y&VPD=Y&VFD=N",2026-08-10
2003-05-31,IUMBV34,3.91,bank_of_england_iadb,"https://www.bankofengland.co.uk/boeapps/database/_iadb-fromshowcolumns.asp?csv.x=yes&Datefrom=01/Jan/1975&Dateto=now&SeriesCodes=IUDBEDR,IUMBV34,IUMBV37,IUMBV42,IUMBV45,IUM2WTL,IUM5WTL,IUMTLMV&UsingCodes=Y&VPD=Y&VFD=N",2026-08-10
2003-05-31,IUMBV37,4.38,bank_of_england_iadb,"https://www.bankofengland.co.uk/boeapps/database/_iadb-fromshowcolumns.asp?csv.x=yes&Datefrom=01/Jan/1975&Dateto=now&SeriesCodes=IUDBEDR,IUMBV34,IUMBV37,IUMBV42,IUMBV45,IUM2WTL,IUM5WTL,IUMTLMV&UsingCodes=Y&VPD=Y&VFD=N",2026-08-10
2003-05-31,IUMBV42,4.64,bank_of_england_iadb,"https://www.bankofengland.co.uk/boeapps/database/_iadb-fromshowcolumns.asp?csv.x=yes&Datefrom=01/Jan/1975&Dateto=now&SeriesCodes=IUDBEDR,IUMBV34,IUMBV37,IUMBV42,IUMBV45,IUM2WTL,IUM5WTL,IUMTLMV&UsingCodes=Y&VPD=Y&VFD=N",2026-08-10
2003-05-31,IUMBV45,5.29,bank_of_england_iadb,"https://www.bankofengland.co.uk/boeapps/database/_iadb-fromshowcolumns.asp?csv.x=yes&Datefrom=01/Jan/1975&Dateto=now&SeriesCodes=IUDBEDR,IUMBV34,IUMBV37,IUMBV42,IUMBV45,IUM2WTL,IUM5WTL,IUMTLMV&UsingCodes=Y&VPD=Y&VFD=N",2026-08-10
2003-05-31,IUM2WTL,4.18,bank_of_england_iadb,"https://www.bankofengland.co.uk/boeapps/database/_iadb-fromshowcolumns.asp?csv.x=yes&Datefrom=01/Jan/1975&Dateto=now&SeriesCodes=IUDBEDR,IUMBV34,IUMBV37,IUMBV42,IUMBV45,IUM2WTL,IUM5WTL,IUMTLMV&UsingCodes=Y&VPD=Y&VFD=N",2026-08-10
2003-05-31,IUM5WTL,4.81,bank_of_england_iadb,"https://www.bankofengland.co.uk/boeapps/database/_iadb-fromshowcolumns.asp?csv.x=yes&Datefrom=01/Jan/1975&Dateto=now&SeriesCodes=IUDBEDR,IUMBV34,IUMBV37,IUMBV42,IUMBV45,IUM2WTL,IUM5WTL,IUMTLMV&UsingCodes=Y&VPD=Y&VFD=N",2026-08-10
2003-05-31,IUMTLMV,5.5,bank_of_england_iadb,"https://www.bankofengland.co.uk/boeapps/database/_iadb-fromshowcolumns.asp?csv.x=yes&Datefrom=01/Jan/1975&Dateto=now&SeriesCodes=IUDBEDR,IUMBV34,IUMBV37,IUMBV42,IUMBV45,IUM2WTL,IUM5WTL,IUMTLMV&UsingCodes=Y&VPD=Y&VFD=N",2026-08-10
2003-06-30,IUMBV34,3.85,bank_of_england_iadb,"https://www.bankofengland.co.uk/boeapps/database/_iadb-fromshowcolumns.asp?csv.x=yes&Datefrom=01/Jan/1975&Dateto=now&SeriesCodes=IUDBEDR,IUMBV34,IUMBV37,IUMBV42,IUMBV45,IUM2WTL,IUM5WTL,IUMTLMV&UsingCodes=Y&VPD=Y&VFD=N",2026-08-10
2003-06-30,IUMBV37,4.2,bank_of_england_iadb,"https://www.bankofengland.co.uk/boeapps/database/_iadb-fromshowcolumns.asp?csv.x=yes&Datefrom=01/Jan/1975&Dateto=now&SeriesCodes=IUDBEDR,IUMBV34,IUMBV37,IUMBV42,IUMBV45,IUM2WTL,IUM5WTL,IUMTLMV&UsingCodes=Y&VPD=Y&VFD=N",2026-08-10
2003-06-30,IUMBV42,4.36,bank_of_england_iadb,"https://www.bankofengland.co.uk/boeapps/database/_iadb-fromshowcolumns.asp?csv.x=yes&Datefrom=01/Jan/1975&Dateto=now&SeriesCodes=IUDBEDR,IUMBV34,IUMBV37,IUMBV42,IUMBV45,IUM2WTL,IUM5WTL,IUMTLMV&UsingCodes=Y&VPD=Y&VFD=N",2026-08-10
2003-06-30,IUMBV45,4.94,bank_of_england_iadb,"https://www.bankofengland.co.uk/boeapps/database/_iadb-fromshowcolumns.asp?csv.x=yes&Datefrom=01/Jan/1975&Dateto=now&SeriesCodes=IUDBEDR,IUMBV34,IUMBV37,IUMBV42,IUMBV45,IUM2WTL,IUM5WTL,IUMTLMV&UsingCodes=Y&VPD=Y&VFD=N",2026-08-10
2003-06-30,IUM2WTL,4.04,bank_of_england_iadb,"https://www.bankofengland.co.uk/boeapps/database/_iadb-fromshowcolumns.asp?csv.x=yes&Datefrom=01/Jan/1975&Dateto=now&SeriesCodes=IUDBEDR,IUMBV34,IUMBV37,IUMBV42,IUMBV45,IUM2WTL,IUM5WTL,IUMTLMV&UsingCodes=Y&VPD=Y&VFD=N",2026-08-10
2003-06-30,IUM5WTL,4.53,bank_of_england_iadb,"https://www.bankofengland.co.uk/boeapps/database/_iadb-fromshowcolumns.asp?csv.x=yes&Datefrom=01/Jan/1975&Dateto=now&SeriesCodes=IUDBEDR,IUMBV34,IUMBV37,IUMBV42,IUMBV45,IUM2WTL,IUM5WTL,IUMTLMV&UsingCodes=Y&VPD=Y&VFD=N",2026-08-10
2003-06-30,IUMTLMV,5.5,bank_of_england_iadb,"https://www.bankofengland.co.uk/boeapps/database/_iadb-fromshowcolumns.asp?csv.x=yes&Datefrom=01/Jan/1975&Dateto=now&SeriesCodes=IUDBEDR,IUMBV34,IUMBV37,IUMBV42,IUMBV45,IUM2WTL,IUM5WTL,IUMTLMV&UsingCodes=Y&VPD=Y&VFD=N",2026-08-10
2003-07-31,IUMBV34,3.87,bank_of_england_iadb,"https://www.bankofengland.co.uk/boeapps/database/_iadb-fromshowcolumns.asp?csv.x=yes&Datefrom=01/Jan/1975&Dateto=now&SeriesCodes=IUDBEDR,IUMBV34,IUMBV37,IUMBV42,IUMBV45,IUM2WTL,IUM5WTL,IUMTLMV&UsingCodes=Y&VPD=Y&VFD=N",2026-08-10
2003-07-31,IUMBV37,4.28,bank_of_england_iadb,"https://www.bankofengland.co.uk/boeapps/database/_iadb-fromshowcolumns.asp?csv.x=yes&Datefrom=01/Jan/1975&Dateto=now&SeriesCodes=IUDBEDR,IUMBV34,IUMBV37,IUMBV42,IUMBV45,IUM2WTL,IUM5WTL,IUMTLMV&UsingCodes=Y&VPD=Y&VFD=N",2026-08-10
2003-07-31,IUMBV42,4.48,bank_of_england_iadb,"https://www.bankofengland.co.uk/boeapps/database/_iadb-fromshowcolumns.asp?csv.x=yes&Datefrom=01/Jan/1975&Dateto=now&SeriesCodes=IUDBEDR,IUMBV34,IUMBV37,IUMBV42,IUMBV45,IUM2WTL,IUM5WTL,IUMTLMV&UsingCodes=Y&VPD=Y&VFD=N",2026-08-10
2003-07-31,IUMBV45,5.11,bank_of_england_iadb,"https://www.bankofengland.co.uk/boeapps/database/_iadb-fromshowcolumns.asp?csv.x=yes&Datefrom=01/Jan/1975&Dateto=now&SeriesCodes=IUDBEDR,IUMBV34,IUMBV37,IUMBV42,IUMBV45,IUM2WTL,IUM5WTL,IUMTLMV&UsingCodes=Y&VPD=Y&VFD=N",2026-08-10
2003-07-31,IUM2WTL,4.08,bank_of_england_iadb,"https://www.bankofengland.co.uk/boeapps/database/_iadb-fromshowcolumns.asp?csv.x=yes&Datefrom=01/Jan/1975&Dateto=now&SeriesCodes=IUDBEDR,IUMBV34,IUMBV37,IUMBV42,IUMBV45,IUM2WTL,IUM5WTL,IUMTLMV&UsingCodes=Y&VPD=Y&VFD=N",2026-08-10
2003-07-31,IUM5WTL,4.66,bank_of_england_iadb,"https://www.bankofengland.co.uk/boeapps/database/_iadb-fromshowcolumns.asp?csv.x=yes&Datefrom=01/Jan/1975&Dateto=now&SeriesCodes=IUDBEDR,IUMBV34,IUMBV37,IUMBV42,IUMBV45,IUM2WTL,IUM5WTL,IUMTLMV&UsingCodes=Y&VPD=Y&VFD=N",2026-08-10
2003-07-31,IUMTLMV,5.5,bank_of_england_iadb,"https://www.bankofengland.co.uk/boeapps/database/_iadb-fromshowcolumns.asp?csv.x=yes&Datefrom=01/Jan/1975&Dateto=now&SeriesCodes=IUDBEDR,IUMBV34,IUMBV37,IUMBV42,IUMBV45,IUM2WTL,IUM5WTL,IUMTLMV&UsingCodes=Y&VPD=Y&VFD=N",2026-08-10
2003-08-31,IUMBV34,4.32,bank_of_england_iadb,"https://www.bankofengland.co.uk/boeapps/database/_iadb-fromshowcolumns.asp?csv.x=yes&Datefrom=01/Jan/1975&Dateto=now&SeriesCodes=IUDBEDR,IUMBV34,IUMBV37,IUMBV42,IUMBV45,IUM2WTL,IUM5WTL,IUMTLMV&UsingCodes=Y&VPD=Y&VFD=N",2026-08-10
2003-08-31,IUMBV37,4.73,bank_of_england_iadb,"https://www.bankofengland.co.uk/boeapps/database/_iadb-fromshowcolumns.asp?csv.x=yes&Datefrom=01/Jan/1975&Dateto=now&SeriesCodes=IUDBEDR,IUMBV34,IUMBV37,IUMBV42,IUMBV45,IUM2WTL,IUM5WTL,IUMTLMV&UsingCodes=Y&VPD=Y&VFD=N",2026-08-10
2003-08-31,IUMBV42,4.81,bank_of_england_iadb,"https://www.bankofengland.co.uk/boeapps/database/_iadb-fromshowcolumns.asp?csv.x=yes&Datefrom=01/Jan/1975&Dateto=now&SeriesCodes=IUDBEDR,IUMBV34,IUMBV37,IUMBV42,IUMBV45,IUM2WTL,IUM5WTL,IUMTLMV&UsingCodes=Y&VPD=Y&VFD=N",2026-08-10
2003-08-31,IUMBV45,5.49,bank_of_england_iadb,"https://www.bankofengland.co.uk/boeapps/database/_iadb-fromshowcolumns.asp?csv.x=yes&Datefrom=01/Jan/1975&Dateto=now&SeriesCodes=IUDBEDR,IUMBV34,IUMBV37,IUMBV42,IUMBV45,IUM2WTL,IUM5WTL,IUMTLMV&UsingCodes=Y&VPD=Y&VFD=N",2026-08-10
2003-08-31,IUM2WTL,4.63,bank_of_england_iadb,"https://www.bankofengland.co.uk/boeapps/database/_iadb-fromshowcolumns.asp?csv.x=yes&Datefrom=01/Jan/1975&Dateto=now&SeriesCodes=IUDBEDR,IUMBV34,IUMBV37,IUMBV42,IUMBV45,IUM2WTL,IUM5WTL,IUMTLMV&UsingCodes=Y&VPD=Y&VFD=N",2026-08-10
2003-08-31,IUM5WTL,4.97,bank_of_england_iadb,"https://www.bankofengland.co.uk/boeapps/database/_iadb-fromshowcolumns.asp?csv.x=yes&Datefrom=01/Jan/1975&Dateto=now&SeriesCodes=IUDBEDR,IUMBV34,IUMBV37,IUMBV42,IUMBV45,IUM2WTL,IUM5WTL,IUMTLMV&UsingCodes=Y&VPD=Y&VFD=N",2026-08-10
2003-08-31,IUMTLMV,5.32,bank_of_england_iadb,"https://www.bankofengland.co.uk/boeapps/database/_iadb-fromshowcolumns.asp?csv.x=yes&Datefrom=01/Jan/1975&Dateto=now&SeriesCodes=IUDBEDR,IUMBV34,IUMBV37,IUMBV42,IUMBV45,IUM2WTL,IUM5WTL,IUMTLMV&UsingCodes=Y&VPD=Y&VFD=N",2026-08-10
2003-09-30,IUMBV34,4.56,bank_of_england_iadb,"https://www.bankofengland.co.uk/boeapps/database/_iadb-fromshowcolumns.asp?csv.x=yes&Datefrom=01/Jan/1975&Dateto=now&SeriesCodes=IUDBEDR,IUMBV34,IUMBV37,IUMBV42,IUMBV45,IUM2WTL,IUM5WTL,IUMTLMV&UsingCodes=Y&VPD=Y&VFD=N",2026-08-10
2003-09-30,IUMBV37,5.02,bank_of_england_iadb,"https://www.bankofengland.co.uk/boeapps/database/_iadb-fromshowcolumns.asp?csv.x=yes&Datefrom=01/Jan/1975&Dateto=now&SeriesCodes=IUDBEDR,IUMBV34,IUMBV37,IUMBV42,IUMBV45,IUM2WTL,IUM5WTL,IUMTLMV&UsingCodes=Y&VPD=Y&VFD=N",2026-08-10
2003-09-30,IUMBV42,5.05,bank_of_england_iadb,"https://www.bankofengland.co.uk/boeapps/database/_iadb-fromshowcolumns.asp?csv.x=yes&Datefrom=01/Jan/1975&Dateto=now&SeriesCodes=IUDBEDR,IUMBV34,IUMBV37,IUMBV42,IUMBV45,IUM2WTL,IUM5WTL,IUMTLMV&UsingCodes=Y&VPD=Y&VFD=N",2026-08-10
2003-09-30,IUMBV45,5.69,bank_of_england_iadb,"https://www.bankofengland.co.uk/boeapps/database/_iadb-fromshowcolumns.asp?csv.x=yes&Datefrom=01/Jan/1975&Dateto=now&SeriesCodes=IUDBEDR,IUMBV34,IUMBV37,IUMBV42,IUMBV45,IUM2WTL,IUM5WTL,IUMTLMV&UsingCodes=Y&VPD=Y&VFD=N",2026-08-10
2003-09-30,IUM2WTL,4.86,bank_of_england_iadb,"https://www.bankofengland.co.uk/boeapps/database/_iadb-fromshowcolumns.asp?csv.x=yes&Datefrom=01/Jan/1975&Dateto=now&SeriesCodes=IUDBEDR,IUMBV34,IUMBV37,IUMBV42,IUMBV45,IUM2WTL,IUM5WTL,IUMTLMV&UsingCodes=Y&VPD=Y&VFD=N",2026-08-10
2003-09-30,IUM5WTL,5.2,bank_of_england_iadb,"https://www.bankofengland.co.uk/boeapps/database/_iadb-fromshowcolumns.asp?csv.x=yes&Datefrom=01/Jan/1975&Dateto=now&SeriesCodes=IUDBEDR,IUMBV34,IUMBV37,IUMBV42,IUMBV45,IUM2WTL,IUM5WTL,IUMTLMV&UsingCodes=Y&VPD=Y&VFD=N",2026-08-10
2003-09-30,IUMTLMV,5.31,bank_of_england_iadb,"https://www.bankofengland.co.uk/boeapps/database/_iadb-fromshowcolumns.asp?csv.x=yes&Datefrom=01/Jan/1975&Dateto=now&SeriesCodes=IUDBEDR,IUMBV34,IUMBV37,IUMBV42,IUMBV45,IUM2WTL,IUM5WTL,IUMTLMV&UsingCodes=Y&VPD=Y&VFD=N",2026-08-10
2003-10-31,IUMBV34,4.98,bank_of_england_iadb,"https://www.bankofengland.co.uk/boeapps/database/_iadb-fromshowcolumns.asp?csv.x=yes&Datefrom=01/Jan/1975&Dateto=now&SeriesCodes=IUDBEDR,IUMBV34,IUMBV37,IUMBV42,IUMBV45,IUM2WTL,IUM5WTL,IUMTLMV&UsingCodes=Y&VPD=Y&VFD=N",2026-08-10
2003-10-31,IUMBV37,5.37,bank_of_england_iadb,"https://www.bankofengland.co.uk/boeapps/database/_iadb-fromshowcolumns.asp?csv.x=yes&Datefrom=01/Jan/1975&Dateto=now&SeriesCodes=IUDBEDR,IUMBV34,IUMBV37,IUMBV42,IUMBV45,IUM2WTL,IUM5WTL,IUMTLMV&UsingCodes=Y&VPD=Y&VFD=N",2026-08-10
2003-10-31,IUMBV42,5.41,bank_of_england_iadb,"https://www.bankofengland.co.uk/boeapps/database/_iadb-fromshowcolumns.asp?csv.x=yes&Datefrom=01/Jan/1975&Dateto=now&SeriesCodes=IUDBEDR,IUMBV34,IUMBV37,IUMBV42,IUMBV45,IUM2WTL,IUM5WTL,IUMTLMV&UsingCodes=Y&VPD=Y&VFD=N",2026-08-10
2003-10-31,IUMBV45,5.9,bank_of_england_iadb,"https://www.bankofengland.co.uk/boeapps/database/_iadb-fromshowcolumns.asp?csv.x=yes&Datefrom=01/Jan/1975&Dateto=now&SeriesCodes=IUDBEDR,IUMBV34,IUMBV37,IUMBV42,IUMBV45,IUM2WTL,IUM5WTL,IUMTLMV&UsingCodes=Y&VPD=Y&VFD=N",2026-08-10
2003-10-31,IUM2WTL,5.21,bank_of_england_iadb,"https://www.bankofengland.co.uk/boeapps/database/_iadb-fromshowcolumns.asp?csv.x=yes&Datefrom=01/Jan/1975&Dateto=now&SeriesCodes=IUDBEDR,IUMBV34,IUMBV37,IUMBV42,IUMBV45,IUM2WTL,IUM5WTL,IUMTLMV&UsingCodes=Y&VPD=Y&VFD=N",2026-08-10
2003-10-31,IUM5WTL,5.42,bank_of_england_iadb,"https://www.bankofengland.co.uk/boeapps/database/_iadb-fromshowcolumns.asp?csv.x=yes&Datefrom=01/Jan/1975&Dateto=now&SeriesCodes=IUDBEDR,IUMBV34,IUMBV37,IUMBV42,IUMBV45,IUM2WTL,IUM5WTL,IUMTLMV&UsingCodes=Y&VPD=Y&VFD=N",2026-08-10
2003-10-31,IUMTLMV,5.3,bank_of_england_iadb,"https://www.bankofengland.co.uk/boeapps/database/_iadb-fromshowcolumns.asp?csv.x=yes&Datefrom=01/Jan/1975&Dateto=now&SeriesCodes=IUDBEDR,IUMBV34,IUMBV37,IUMBV42,IUMBV45,IUM2WTL,IUM5WTL,IUMTLMV&UsingCodes=Y&VPD=Y&VFD=N",2026-08-10
2003-11-30,IUMBV34,5.1,bank_of_england_iadb,"https://www.bankofengland.co.uk/boeapps/database/_iadb-fromshowcolumns.asp?csv.x=yes&Datefrom=01/Jan/1975&Dateto=now&SeriesCodes=IUDBEDR,IUMBV34,IUMBV37,IUMBV42,IUMBV45,IUM2WTL,IUM5WTL,IUMTLMV&UsingCodes=Y&VPD=Y&VFD=N",2026-08-10
2003-11-30,IUMBV37,5.47,bank_of_england_iadb,"https://www.bankofengland.co.uk/boeapps/database/_iadb-fromshowcolumns.asp?csv.x=yes&Datefrom=01/Jan/1975&Dateto=now&SeriesCodes=IUDBEDR,IUMBV34,IUMBV37,IUMBV42,IUMBV45,IUM2WTL,IUM5WTL,IUMTLMV&UsingCodes=Y&VPD=Y&VFD=N",2026-08-10
2003-11-30,IUMBV42,5.54,bank_of_england_iadb,"https://www.bankofengland.co.uk/boeapps/database/_iadb-fromshowcolumns.asp?csv.x=yes&Datefrom=01/Jan/1975&Dateto=now&SeriesCodes=IUDBEDR,IUMBV34,IUMBV37,IUMBV42,IUMBV45,IUM2WTL,IUM5WTL,IUMTLMV&UsingCodes=Y&VPD=Y&VFD=N",2026-08-10
2003-11-30,IUMBV45,5.93,bank_of_england_iadb,"https://www.bankofengland.co.uk/boeapps/database/_iadb-fromshowcolumns.asp?csv.x=yes&Datefrom=01/Jan/1975&Dateto=now&SeriesCodes=IUDBEDR,IUMBV34,IUMBV37,IUMBV42,IUMBV45,IUM2WTL,IUM5WTL,IUMTLMV&UsingCodes=Y&VPD=Y&VFD=N",2026-08-10
2003-11-30,IUM2WTL,5.34,bank_of_england_iadb,"https://www.bankofengland.co.uk/boeapps/database/_iadb-fromshowcolumns.asp?csv.x=yes&Datefrom=01/Jan/1975&Dateto=now&SeriesCodes=IUDBEDR,IUMBV34,IUMBV37,IUMBV42,IUMBV45,IUM2WTL,IUM5WTL,IUMTLMV&UsingCodes=Y&VPD=Y&VFD=N",2026-08-10
2003-11-30,IUM5WTL,5.59,bank_of_england_iadb,"https://www.bankofengland.co.uk/boeapps/database/_iadb-fromshowcolumns.asp?csv.x=yes&Datefrom=01/Jan/1975&Dateto=now&SeriesCodes=IUDBEDR,IUMBV34,IUMBV37,IUMBV42,IUMBV45,IUM2WTL,IUM5WTL,IUMTLMV&UsingCodes=Y&VPD=Y&VFD=N",2026-08-10
2003-11-30,IUMTLMV,5.32,bank_of_england_iadb,"https://www.bankofengland.co.uk/boeapps/database/_iadb-fromshowcolumns.asp?csv.x=yes&Datefrom=01/Jan/1975&Dateto=now&SeriesCodes=IUDBEDR,IUMBV34,IUMBV37,IUMBV42,IUMBV45,IUM2WTL,IUM5WTL,IUMTLMV&UsingCodes=Y&VPD=Y&VFD=N",2026-08-10
2003-12-31,IUMBV34,5.05,bank_of_england_iadb,"https://www.bankofengland.co.uk/boeapps/database/_iadb-fromshowcolumns.asp?csv.x=yes&Datefrom=01/Jan/1975&Dateto=now&SeriesCodes=IUDBEDR,IUMBV34,IUMBV37,IUMBV42,IUMBV45,IUM2WTL,IUM5WTL,IUMTLMV&UsingCodes=Y&VPD=Y&VFD=N",2026-08-10
2003-12-31,IUMBV37,5.4,bank_of_england_iadb,"https://www.bankofengland.co.uk/boeapps/database/_iadb-fromshowcolumns.asp?csv.x=yes&Datefrom=01/Jan/1975&Dateto=now&SeriesCodes=IUDBEDR,IUMBV34,IUMBV37,IUMBV42,IUMBV45,IUM2WTL,IUM5WTL,IUMTLMV&UsingCodes=Y&VPD=Y&VFD=N",2026-08-10
2003-12-31,IUMBV42,5.53,bank_of_england_iadb,"https://www.bankofengland.co.uk/boeapps/database/_iadb-fromshowcolumns.asp?csv.x=yes&Datefrom=01/Jan/1975&Dateto=now&SeriesCodes=IUDBEDR,IUMBV34,IUMBV37,IUMBV42,IUMBV45,IUM2WTL,IUM5WTL,IUMTLMV&UsingCodes=Y&VPD=Y&VFD=N",2026-08-10
2003-12-31,IUMBV45,5.55,bank_of_england_iadb,"https://www.bankofengland.co.uk/boeapps/database/_iadb-fromshowcolumns.asp?csv.x=yes&Datefrom=01/Jan/1975&Dateto=now&SeriesCodes=IUDBEDR,IUMBV34,IUMBV37,IUMBV42,IUMBV45,IUM2WTL,IUM5WTL,IUMTLMV&UsingCodes=Y&VPD=Y&VFD=N",2026-08-10
2003-12-31,IUM2WTL,5.32,bank_of_england_iadb,"https://www.bankofengland.co.uk/boeapps/database/_iadb-fromshowcolumns.asp?csv.x=yes&Datefrom=01/Jan/1975&Dateto=now&SeriesCodes=IUDBEDR,IUMBV34,IUMBV37,IUMBV42,IUMBV45,IUM2WTL,IUM5WTL,IUMTLMV&UsingCodes=Y&VPD=Y&VFD=N",2026-08-10
2003-12-31,IUM5WTL,5.71,bank_of_england_iadb,"https://www.bankofengland.co.uk/boeapps/database/_iadb-fromshowcolumns.asp?csv.x=yes&Datefrom=01/Jan/1975&Dateto=now&SeriesCodes=IUDBEDR,IUMBV34,IUMBV37,IUMBV42,IUMBV45,IUM2WTL,IUM5WTL,IUMTLMV&UsingCodes=Y&VPD=Y&VFD=N",2026-08-10
2003-12-31,IUMTLMV,5.59,bank_of_england_iadb,"https://www.bankofengland.co.uk/boeapps/database/_iadb-fromshowcolumns.asp?csv.x=yes&Datefrom=01/Jan/1975&Dateto=now&SeriesCodes=IUDBEDR,IUMBV34,IUMBV37,IUMBV42,IUMBV45,IUM2WTL,IUM5WTL,IUMTLMV&UsingCodes=Y&VPD=Y&VFD=N",2026-08-10
2004-01-31,IUMBV34,4.95,bank_of_england_iadb,"https://www.bankofengland.co.uk/boeapps/database/_iadb-fromshowcolumns.asp?csv.x=yes&Datefrom=01/Jan/1975&Dateto=now&SeriesCodes=IUDBEDR,IUMBV34,IUMBV37,IUMBV42,IUMBV45,IUM2WTL,IUM5WTL,IUMTLMV&UsingCodes=Y&VPD=Y&VFD=N",2026-08-10
2004-01-31,IUMBV37,5.38,bank_of_england_iadb,"https://www.bankofengland.co.uk/boeapps/database/_iadb-fromshowcolumns.asp?csv.x=yes&Datefrom=01/Jan/1975&Dateto=now&SeriesCodes=IUDBEDR,IUMBV34,IUMBV37,IUMBV42,IUMBV45,IUM2WTL,IUM5WTL,IUMTLMV&UsingCodes=Y&VPD=Y&VFD=N",2026-08-10
2004-01-31,IUMBV42,5.43,bank_of_england_iadb,"https://www.bankofengland.co.uk/boeapps/database/_iadb-fromshowcolumns.asp?csv.x=yes&Datefrom=01/Jan/1975&Dateto=now&SeriesCodes=IUDBEDR,IUMBV34,IUMBV37,IUMBV42,IUMBV45,IUM2WTL,IUM5WTL,IUMTLMV&UsingCodes=Y&VPD=Y&VFD=N",2026-08-10
2004-01-31,IUMBV45,5.71,bank_of_england_iadb,"https://www.bankofengland.co.uk/boeapps/database/_iadb-fromshowcolumns.asp?csv.x=yes&Datefrom=01/Jan/1975&Dateto=now&SeriesCodes=IUDBEDR,IUMBV34,IUMBV37,IUMBV42,IUMBV45,IUM2WTL,IUM5WTL,IUMTLMV&UsingCodes=Y&VPD=Y&VFD=N",2026-08-10
2004-01-31,IUM2WTL,5.19,bank_of_england_iadb,"https://www.bankofengland.co.uk/boeapps/database/_iadb-fromshowcolumns.asp?csv.x=yes&Datefrom=01/Jan/1975&Dateto=now&SeriesCodes=IUDBEDR,IUMBV34,IUMBV37,IUMBV42,IUMBV45,IUM2WTL,IUM5WTL,IUMTLMV&UsingCodes=Y&VPD=Y&VFD=N",2026-08-10
2004-01-31,IUM5WTL,5.59,bank_of_england_iadb,"https://www.bankofengland.co.uk/boeapps/database/_iadb-fromshowcolumns.asp?csv.x=yes&Datefrom=01/Jan/1975&Dateto=now&SeriesCodes=IUDBEDR,IUMBV34,IUMBV37,IUMBV42,IUMBV45,IUM2WTL,IUM5WTL,IUMTLMV&UsingCodes=Y&VPD=Y&VFD=N",2026-08-10
2004-01-31,IUMTLMV,5.59,bank_of_england_iadb,"https://www.bankofengland.co.uk/boeapps/database/_iadb-fromshowcolumns.asp?csv.x=yes&Datefrom=01/Jan/1975&Dateto=now&SeriesCodes=IUDBEDR,IUMBV34,IUMBV37,IUMBV42,IUMBV45,IUM2WTL,IUM5WTL,IUMTLMV&UsingCodes=Y&VPD=Y&VFD=N",2026-08-10
2004-02-29,IUMBV34,4.89,bank_of_england_iadb,"https://www.bankofengland.co.uk/boeapps/database/_iadb-fromshowcolumns.asp?csv.x=yes&Datefrom=01/Jan/1975&Dateto=now&SeriesCodes=IUDBEDR,IUMBV34,IUMBV37,IUMBV42,IUMBV45,IUM2WTL,IUM5WTL,IUMTLMV&UsingCodes=Y&VPD=Y&VFD=N",2026-08-10
2004-02-29,IUMBV37,5.22,bank_of_england_iadb,"https://www.bankofengland.co.uk/boeapps/database/_iadb-fromshowcolumns.asp?csv.x=yes&Datefrom=01/Jan/1975&Dateto=now&SeriesCodes=IUDBEDR,IUMBV34,IUMBV37,IUMBV42,IUMBV45,IUM2WTL,IUM5WTL,IUMTLMV&UsingCodes=Y&VPD=Y&VFD=N",2026-08-10
2004-02-29,IUMBV42,5.38,bank_of_england_iadb,"https://www.bankofengland.co.uk/boeapps/database/_iadb-fromshowcolumns.asp?csv.x=yes&Datefrom=01/Jan/1975&Dateto=now&SeriesCodes=IUDBEDR,IUMBV34,IUMBV37,IUMBV42,IUMBV45,IUM2WTL,IUM5WTL,IUMTLMV&UsingCodes=Y&VPD=Y&VFD=N",2026-08-10
2004-02-29,IUMBV45,5.72,bank_of_england_iadb,"https://www.bankofengland.co.uk/boeapps/database/_iadb-fromshowcolumns.asp?csv.x=yes&Datefrom=01/Jan/1975&Dateto=now&SeriesCodes=IUDBEDR,IUMBV34,IUMBV37,IUMBV42,IUMBV45,IUM2WTL,IUM5WTL,IUMTLMV&UsingCodes=Y&VPD=Y&VFD=N",2026-08-10
2004-02-29,IUM2WTL,5.12,bank_of_england_iadb,"https://www.bankofengland.co.uk/boeapps/database/_iadb-fromshowcolumns.asp?csv.x=yes&Datefrom=01/Jan/1975&Dateto=now&SeriesCodes=IUDBEDR,IUMBV34,IUMBV37,IUMBV42,IUMBV45,IUM2WTL,IUM5WTL,IUMTLMV&UsingCodes=Y&VPD=Y&VFD=N",2026-08-10
2004-02-29,IUM5WTL,5.54,bank_of_england_iadb,"https://www.bankofengland.co.uk/boeapps/database/_iadb-fromshowcolumns.asp?csv.x=yes&Datefrom=01/Jan/1975&Dateto=now&SeriesCodes=IUDBEDR,IUMBV34,IUMBV37,IUMBV42,IUMBV45,IUM2WTL,IUM5WTL,IUMTLMV&UsingCodes=Y&VPD=Y&VFD=N",2026-08-10
2004-02-29,IUMTLMV,5.59,bank_of_england_iadb,"https://www.bankofengland.co.uk/boeapps/database/_iadb-fromshowcolumns.asp?csv.x=yes&Datefrom=01/Jan/1975&Dateto=now&SeriesCodes=IUDBEDR,IUMBV34,IUMBV37,IUMBV42,IUMBV45,IUM2WTL,IUM5WTL,IUMTLMV&UsingCodes=Y&VPD=Y&VFD=N",2026-08-10
2004-03-31,IUMBV34,4.9,bank_of_england_iadb,"https://www.bankofengland.co.uk/boeapps/database/_iadb-fromshowcolumns.asp?csv.x=yes&Datefrom=01/Jan/1975&Dateto=now&SeriesCodes=IUDBEDR,IUMBV34,IUMBV37,IUMBV42,IUMBV45,IUM2WTL,IUM5WTL,IUMTLMV&UsingCodes=Y&VPD=Y&VFD=N",2026-08-10
2004-03-31,IUMBV37,5.23,bank_of_england_iadb,"https://www.bankofengland.co.uk/boeapps/database/_iadb-fromshowcolumns.asp?csv.x=yes&Datefrom=01/Jan/1975&Dateto=now&SeriesCodes=IUDBEDR,IUMBV34,IUMBV37,IUMBV42,IUMBV45,IUM2WTL,IUM5WTL,IUMTLMV&UsingCodes=Y&VPD=Y&VFD=N",2026-08-10
2004-03-31,IUMBV42,5.39,bank_of_england_iadb,"https://www.bankofengland.co.uk/boeapps/database/_iadb-fromshowcolumns.asp?csv.x=yes&Datefrom=01/Jan/1975&Dateto=now&SeriesCodes=IUDBEDR,IUMBV34,IUMBV37,IUMBV42,IUMBV45,IUM2WTL,IUM5WTL,IUMTLMV&UsingCodes=Y&VPD=Y&VFD=N",2026-08-10
2004-03-31,IUMBV45,5.79,bank_of_england_iadb,"https://www.bankofengland.co.uk/boeapps/database/_iadb-fromshowcolumns.asp?csv.x=yes&Datefrom=01/Jan/1975&Dateto=now&SeriesCodes=IUDBEDR,IUMBV34,IUMBV37,IUMBV42,IUMBV45,IUM2WTL,IUM5WTL,IUMTLMV&UsingCodes=Y&VPD=Y&VFD=N",2026-08-10
2004-03-31,IUM2WTL,5.17,bank_of_england_iadb,"https://www.bankofengland.co.uk/boeapps/database/_iadb-fromshowcolumns.asp?csv.x=yes&Datefrom=01/Jan/1975&Dateto=now&SeriesCodes=IUDBEDR,IUMBV34,IUMBV37,IUMBV42,IUMBV45,IUM2WTL,IUM5WTL,IUMTLMV&UsingCodes=Y&VPD=Y&VFD=N",2026-08-10
2004-03-31,IUM5WTL,5.56,bank_of_england_iadb,"https://www.bankofengland.co.uk/boeapps/database/_iadb-fromshowcolumns.asp?csv.x=yes&Datefrom=01/Jan/1975&Dateto=now&SeriesCodes=IUDBEDR,IUMBV34,IUMBV37,IUMBV42,IUMBV45,IUM2WTL,IUM5WTL,IUMTLMV&UsingCodes=Y&VPD=Y&VFD=N",2026-08-10
2004-03-31,IUMTLMV,5.81,bank_of_england_iadb,"https://www.bankofengland.co.uk/boeapps/database/_iadb-fromshowcolumns.asp?csv.x=yes&Datefrom=01/Jan/1975&Dateto=now&SeriesCodes=IUDBEDR,IUMBV34,IUMBV37,IUMBV42,IUMBV45,IUM2WTL,IUM5WTL,IUMTLMV&UsingCodes=Y&VPD=Y&VFD=N",2026-08-10
2004-04-30,IUMBV34,5.11,bank_of_england_iadb,"https://www.bankofengland.co.uk/boeapps/database/_iadb-fromshowcolumns.asp?csv.x=yes&Datefrom=01/Jan/1975&Dateto=now&SeriesCodes=IUDBEDR,IUMBV34,IUMBV37,IUMBV42,IUMBV45,IUM2WTL,IUM5WTL,IUMTLMV&UsingCodes=Y&VPD=Y&VFD=N",2026-08-10
2004-04-30,IUMBV37,5.36,bank_of_england_iadb,"https://www.bankofengland.co.uk/boeapps/database/_iadb-fromshowcolumns.asp?csv.x=yes&Datefrom=01/Jan/1975&Dateto=now&SeriesCodes=IUDBEDR,IUMBV34,IUMBV37,IUMBV42,IUMBV45,IUM2WTL,IUM5WTL,IUMTLMV&UsingCodes=Y&VPD=Y&VFD=N",2026-08-10
2004-04-30,IUMBV42,5.52,bank_of_england_iadb,"https://www.bankofengland.co.uk/boeapps/database/_iadb-fromshowcolumns.asp?csv.x=yes&Datefrom=01/Jan/1975&Dateto=now&SeriesCodes=IUDBEDR,IUMBV34,IUMBV37,IUMBV42,IUMBV45,IUM2WTL,IUM5WTL,IUMTLMV&UsingCodes=Y&VPD=Y&VFD=N",2026-08-10
2004-04-30,IUMBV45,5.91,bank_of_england_iadb,"https://www.bankofengland.co.uk/boeapps/database/_iadb-fromshowcolumns.asp?csv.x=yes&Datefrom=01/Jan/1975&Dateto=now&SeriesCodes=IUDBEDR,IUMBV34,IUMBV37,IUMBV42,IUMBV45,IUM2WTL,IUM5WTL,IUMTLMV&UsingCodes=Y&VPD=Y&VFD=N",2026-08-10
2004-04-30,IUM2WTL,5.37,bank_of_england_iadb,"https://www.bankofengland.co.uk/boeapps/database/_iadb-fromshowcolumns.asp?csv.x=yes&Datefrom=01/Jan/1975&Dateto=now&SeriesCodes=IUDBEDR,IUMBV34,IUMBV37,IUMBV42,IUMBV45,IUM2WTL,IUM5WTL,IUMTLMV&UsingCodes=Y&VPD=Y&VFD=N",2026-08-10
2004-04-30,IUM5WTL,5.69,bank_of_england_iadb,"https://www.bankofengland.co.uk/boeapps/database/_iadb-fromshowcolumns.asp?csv.x=yes&Datefrom=01/Jan/1975&Dateto=now&SeriesCodes=IUDBEDR,IUMBV34,IUMBV37,IUMBV42,IUMBV45,IUM2WTL,IUM5WTL,IUMTLMV&UsingCodes=Y&VPD=Y&VFD=N",2026-08-10
2004-04-30,IUMTLMV,5.81,bank_of_england_iadb,"https://www.bankofengland.co.uk/boeapps/database/_iadb-fromshowcolumns.asp?csv.x=yes&Datefrom=01/Jan/1975&Dateto=now&SeriesCodes=IUDBEDR,IUMBV34,IUMBV37,IUMBV42,IUMBV45,IUM2WTL,IUM5WTL,IUMTLMV&UsingCodes=Y&VPD=Y&VFD=N",2026-08-10
2004-05-31,IUMBV34,5.18,bank_of_england_iadb,"https://www.bankofengland.co.uk/boeapps/database/_iadb-fromshowcolumns.asp?csv.x=yes&Datefrom=01/Jan/1975&Dateto=now&SeriesCodes=IUDBEDR,IUMBV34,IUMBV37,IUMBV42,IUMBV45,IUM2WTL,IUM5WTL,IUMTLMV&UsingCodes=Y&VPD=Y&VFD=N",2026-08-10
2004-05-31,IUMBV37,5.44,bank_of_england_iadb,"https://www.bankofengland.co.uk/boeapps/database/_iadb-fromshowcolumns.asp?csv.x=yes&Datefrom=01/Jan/1975&Dateto=now&SeriesCodes=IUDBEDR,IUMBV34,IUMBV37,IUMBV42,IUMBV45,IUM2WTL,IUM5WTL,IUMTLMV&UsingCodes=Y&VPD=Y&VFD=N",2026-08-10
2004-05-31,IUMBV42,5.57,bank_of_england_iadb,"https://www.bankofengland.co.uk/boeapps/database/_iadb-fromshowcolumns.asp?csv.x=yes&Datefrom=01/Jan/1975&Dateto=now&SeriesCodes=IUDBEDR,IUMBV34,IUMBV37,IUMBV42,IUMBV45,IUM2WTL,IUM5WTL,IUMTLMV&UsingCodes=Y&VPD=Y&VFD=N",2026-08-10
2004-05-31,IUMBV45,5.97,bank_of_england_iadb,"https://www.bankofengland.co.uk/boeapps/database/_iadb-fromshowcolumns.asp?csv.x=yes&Datefrom=01/Jan/1975&Dateto=now&SeriesCodes=IUDBEDR,IUMBV34,IUMBV37,IUMBV42,IUMBV45,IUM2WTL,IUM5WTL,IUMTLMV&UsingCodes=Y&VPD=Y&VFD=N",2026-08-10
2004-05-31,IUM2WTL,5.33,bank_of_england_iadb,"https://www.bankofengland.co.uk/boeapps/database/_iadb-fromshowcolumns.asp?csv.x=yes&Datefrom=01/Jan/1975&Dateto=now&SeriesCodes=IUDBEDR,IUMBV34,IUMBV37,IUMBV42,IUMBV45,IUM2WTL,IUM5WTL,IUMTLMV&UsingCodes=Y&VPD=Y&VFD=N",2026-08-10
2004-05-31,IUM5WTL,5.68,bank_of_england_iadb,"https://www.bankofengland.co.uk/boeapps/database/_iadb-fromshowcolumns.asp?csv.x=yes&Datefrom=01/Jan/1975&Dateto=now&SeriesCodes=IUDBEDR,IUMBV34,IUMBV37,IUMBV42,IUMBV45,IUM2WTL,IUM5WTL,IUMTLMV&UsingCodes=Y&VPD=Y&VFD=N",2026-08-10
2004-05-31,IUMTLMV,5.82,bank_of_england_iadb,"https://www.bankofengland.co.uk/boeapps/database/_iadb-fromshowcolumns.asp?csv.x=yes&Datefrom=01/Jan/1975&Dateto=now&SeriesCodes=IUDBEDR,IUMBV34,IUMBV37,IUMBV42,IUMBV45,IUM2WTL,IUM5WTL,IUMTLMV&UsingCodes=Y&VPD=Y&VFD=N",2026-08-10
2004-06-30,IUMBV34,5.52,bank_of_england_iadb,"https://www.bankofengland.co.uk/boeapps/database/_iadb-fromshowcolumns.asp?csv.x=yes&Datefrom=01/Jan/1975&Dateto=now&SeriesCodes=IUDBEDR,IUMBV34,IUMBV37,IUMBV42,IUMBV45,IUM2WTL,IUM5WTL,IUMTLMV&UsingCodes=Y&VPD=Y&VFD=N",2026-08-10
2004-06-30,IUMBV37,5.93,bank_of_england_iadb,"https://www.bankofengland.co.uk/boeapps/database/_iadb-fromshowcolumns.asp?csv.x=yes&Datefrom=01/Jan/1975&Dateto=now&SeriesCodes=IUDBEDR,IUMBV34,IUMBV37,IUMBV42,IUMBV45,IUM2WTL,IUM5WTL,IUMTLMV&UsingCodes=Y&VPD=Y&VFD=N",2026-08-10
2004-06-30,IUMBV42,5.87,bank_of_england_iadb,"https://www.bankofengland.co.uk/boeapps/database/_iadb-fromshowcolumns.asp?csv.x=yes&Datefrom=01/Jan/1975&Dateto=now&SeriesCodes=IUDBEDR,IUMBV34,IUMBV37,IUMBV42,IUMBV45,IUM2WTL,IUM5WTL,IUMTLMV&UsingCodes=Y&VPD=Y&VFD=N",2026-08-10
2004-06-30,IUMBV45,6.15,bank_of_england_iadb,"https://www.bankofengland.co.uk/boeapps/database/_iadb-fromshowcolumns.asp?csv.x=yes&Datefrom=01/Jan/1975&Dateto=now&SeriesCodes=IUDBEDR,IUMBV34,IUMBV37,IUMBV42,IUMBV45,IUM2WTL,IUM5WTL,IUMTLMV&UsingCodes=Y&VPD=Y&VFD=N",2026-08-10
2004-06-30,IUM2WTL,5.76,bank_of_england_iadb,"https://www.bankofengland.co.uk/boeapps/database/_iadb-fromshowcolumns.asp?csv.x=yes&Datefrom=01/Jan/1975&Dateto=now&SeriesCodes=IUDBEDR,IUMBV34,IUMBV37,IUMBV42,IUMBV45,IUM2WTL,IUM5WTL,IUMTLMV&UsingCodes=Y&VPD=Y&VFD=N",2026-08-10
2004-06-30,IUM5WTL,6.04,bank_of_england_iadb,"https://www.bankofengland.co.uk/boeapps/database/_iadb-fromshowcolumns.asp?csv.x=yes&Datefrom=01/Jan/1975&Dateto=now&SeriesCodes=IUDBEDR,IUMBV34,IUMBV37,IUMBV42,IUMBV45,IUM2WTL,IUM5WTL,IUMTLMV&UsingCodes=Y&VPD=Y&VFD=N",2026-08-10
2004-06-30,IUMTLMV,6.08,bank_of_england_iadb,"https://www.bankofengland.co.uk/boeapps/database/_iadb-fromshowcolumns.asp?csv.x=yes&Datefrom=01/Jan/1975&Dateto=now&SeriesCodes=IUDBEDR,IUMBV34,IUMBV37,IUMBV42,IUMBV45,IUM2WTL,IUM5WTL,IUMTLMV&UsingCodes=Y&VPD=Y&VFD=N",2026-08-10
2004-07-31,IUMBV34,5.53,bank_of_england_iadb,"https://www.bankofengland.co.uk/boeapps/database/_iadb-fromshowcolumns.asp?csv.x=yes&Datefrom=01/Jan/1975&Dateto=now&SeriesCodes=IUDBEDR,IUMBV34,IUMBV37,IUMBV42,IUMBV45,IUM2WTL,IUM5WTL,IUMTLMV&UsingCodes=Y&VPD=Y&VFD=N",2026-08-10
2004-07-31,IUMBV37,5.88,bank_of_england_iadb,"https://www.bankofengland.co.uk/boeapps/database/_iadb-fromshowcolumns.asp?csv.x=yes&Datefrom=01/Jan/1975&Dateto=now&SeriesCodes=IUDBEDR,IUMBV34,IUMBV37,IUMBV42,IUMBV45,IUM2WTL,IUM5WTL,IUMTLMV&UsingCodes=Y&VPD=Y&VFD=N",2026-08-10
2004-07-31,IUMBV42,5.88,bank_of_england_iadb,"https://www.bankofengland.co.uk/boeapps/database/_iadb-fromshowcolumns.asp?csv.x=yes&Datefrom=01/Jan/1975&Dateto=now&SeriesCodes=IUDBEDR,IUMBV34,IUMBV37,IUMBV42,IUMBV45,IUM2WTL,IUM5WTL,IUMTLMV&UsingCodes=Y&VPD=Y&VFD=N",2026-08-10
2004-07-31,IUMBV45,6.09,bank_of_england_iadb,"https://www.bankofengland.co.uk/boeapps/database/_iadb-fromshowcolumns.asp?csv.x=yes&Datefrom=01/Jan/1975&Dateto=now&SeriesCodes=IUDBEDR,IUMBV34,IUMBV37,IUMBV42,IUMBV45,IUM2WTL,IUM5WTL,IUMTLMV&UsingCodes=Y&VPD=Y&VFD=N",2026-08-10
2004-07-31,IUM2WTL,5.69,bank_of_england_iadb,"https://www.bankofengland.co.uk/boeapps/database/_iadb-fromshowcolumns.asp?csv.x=yes&Datefrom=01/Jan/1975&Dateto=now&SeriesCodes=IUDBEDR,IUMBV34,IUMBV37,IUMBV42,IUMBV45,IUM2WTL,IUM5WTL,IUMTLMV&UsingCodes=Y&VPD=Y&VFD=N",2026-08-10
2004-07-31,IUM5WTL,6.01,bank_of_england_iadb,"https://www.bankofengland.co.uk/boeapps/database/_iadb-fromshowcolumns.asp?csv.x=yes&Datefrom=01/Jan/1975&Dateto=now&SeriesCodes=IUDBEDR,IUMBV34,IUMBV37,IUMBV42,IUMBV45,IUM2WTL,IUM5WTL,IUMTLMV&UsingCodes=Y&VPD=Y&VFD=N",2026-08-10
2004-07-31,IUMTLMV,6.32,bank_of_england_iadb,"https://www.bankofengland.co.uk/boeapps/database/_iadb-fromshowcolumns.asp?csv.x=yes&Datefrom=01/Jan/1975&Dateto=now&SeriesCodes=IUDBEDR,IUMBV34,IUMBV37,IUMBV42,IUMBV45,IUM2WTL,IUM5WTL,IUMTLMV&UsingCodes=Y&VPD=Y&VFD=N",2026-08-10
2004-08-31,IUMBV34,5.47,bank_of_england_iadb,"https://www.bankofengland.co.uk/boeapps/database/_iadb-fromshowcolumns.asp?csv.x=yes&Datefrom=01/Jan/1975&Dateto=now&SeriesCodes=IUDBEDR,IUMBV34,IUMBV37,IUMBV42,IUMBV45,IUM2WTL,IUM5WTL,IUMTLMV&UsingCodes=Y&VPD=Y&VFD=N",2026-08-10
2004-08-31,IUMBV37,5.79,bank_of_england_iadb,"https://www.bankofengland.co.uk/boeapps/database/_iadb-fromshowcolumns.asp?csv.x=yes&Datefrom=01/Jan/1975&Dateto=now&SeriesCodes=IUDBEDR,IUMBV34,IUMBV37,IUMBV42,IUMBV45,IUM2WTL,IUM5WTL,IUMTLMV&UsingCodes=Y&VPD=Y&VFD=N",2026-08-10
2004-08-31,IUMBV42,5.84,bank_of_england_iadb,"https://www.bankofengland.co.uk/boeapps/database/_iadb-fromshowcolumns.asp?csv.x=yes&Datefrom=01/Jan/1975&Dateto=now&SeriesCodes=IUDBEDR,IUMBV34,IUMBV37,IUMBV42,IUMBV45,IUM2WTL,IUM5WTL,IUMTLMV&UsingCodes=Y&VPD=Y&VFD=N",2026-08-10
2004-08-31,IUMBV45,6.09,bank_of_england_iadb,"https://www.bankofengland.co.uk/boeapps/database/_iadb-fromshowcolumns.asp?csv.x=yes&Datefrom=01/Jan/1975&Dateto=now&SeriesCodes=IUDBEDR,IUMBV34,IUMBV37,IUMBV42,IUMBV45,IUM2WTL,IUM5WTL,IUMTLMV&UsingCodes=Y&VPD=Y&VFD=N",2026-08-10
2004-08-31,IUM2WTL,5.66,bank_of_england_iadb,"https://www.bankofengland.co.uk/boeapps/database/_iadb-fromshowcolumns.asp?csv.x=yes&Datefrom=01/Jan/1975&Dateto=now&SeriesCodes=IUDBEDR,IUMBV34,IUMBV37,IUMBV42,IUMBV45,IUM2WTL,IUM5WTL,IUMTLMV&UsingCodes=Y&VPD=Y&VFD=N",2026-08-10
2004-08-31,IUM5WTL,5.95,bank_of_england_iadb,"https://www.bankofengland.co.uk/boeapps/database/_iadb-fromshowcolumns.asp?csv.x=yes&Datefrom=01/Jan/1975&Dateto=now&SeriesCodes=IUDBEDR,IUMBV34,IUMBV37,IUMBV42,IUMBV45,IUM2WTL,IUM5WTL,IUMTLMV&UsingCodes=Y&VPD=Y&VFD=N",2026-08-10
2004-08-31,IUMTLMV,6.32,bank_of_england_iadb,"https://www.bankofengland.co.uk/boeapps/database/_iadb-fromshowcolumns.asp?csv.x=yes&Datefrom=01/Jan/1975&Dateto=now&SeriesCodes=IUDBEDR,IUMBV34,IUMBV37,IUMBV42,IUMBV45,IUM2WTL,IUM5WTL,IUMTLMV&UsingCodes=Y&VPD=Y&VFD=N",2026-08-10
2004-09-30,IUMBV34,5.33,bank_of_england_iadb,"https://www.bankofengland.co.uk/boeapps/database/_iadb-fromshowcolumns.asp?csv.x=yes&Datefrom=01/Jan/1975&Dateto=now&SeriesCodes=IUDBEDR,IUMBV34,IUMBV37,IUMBV42,IUMBV45,IUM2WTL,IUM5WTL,IUMTLMV&UsingCodes=Y&VPD=Y&VFD=N",2026-08-10
2004-09-30,IUMBV37,5.63,bank_of_england_iadb,"https://www.bankofengland.co.uk/boeapps/database/_iadb-fromshowcolumns.asp?csv.x=yes&Datefrom=01/Jan/1975&Dateto=now&SeriesCodes=IUDBEDR,IUMBV34,IUMBV37,IUMBV42,IUMBV45,IUM2WTL,IUM5WTL,IUMTLMV&UsingCodes=Y&VPD=Y&VFD=N",2026-08-10
2004-09-30,IUMBV42,5.79,bank_of_england_iadb,"https://www.bankofengland.co.uk/boeapps/database/_iadb-fromshowcolumns.asp?csv.x=yes&Datefrom=01/Jan/1975&Dateto=now&SeriesCodes=IUDBEDR,IUMBV34,IUMBV37,IUMBV42,IUMBV45,IUM2WTL,IUM5WTL,IUMTLMV&UsingCodes=Y&VPD=Y&VFD=N",2026-08-10
2004-09-30,IUMBV45,6.09,bank_of_england_iadb,"https://www.bankofengland.co.uk/boeapps/database/_iadb-fromshowcolumns.asp?csv.x=yes&Datefrom=01/Jan/1975&Dateto=now&SeriesCodes=IUDBEDR,IUMBV34,IUMBV37,IUMBV42,IUMBV45,IUM2WTL,IUM5WTL,IUMTLMV&UsingCodes=Y&VPD=Y&VFD=N",2026-08-10
2004-09-30,IUM2WTL,5.63,bank_of_england_iadb,"https://www.bankofengland.co.uk/boeapps/database/_iadb-fromshowcolumns.asp?csv.x=yes&Datefrom=01/Jan/1975&Dateto=now&SeriesCodes=IUDBEDR,IUMBV34,IUMBV37,IUMBV42,IUMBV45,IUM2WTL,IUM5WTL,IUMTLMV&UsingCodes=Y&VPD=Y&VFD=N",2026-08-10
2004-09-30,IUM5WTL,5.97,bank_of_england_iadb,"https://www.bankofengland.co.uk/boeapps/database/_iadb-fromshowcolumns.asp?csv.x=yes&Datefrom=01/Jan/1975&Dateto=now&SeriesCodes=IUDBEDR,IUMBV34,IUMBV37,IUMBV42,IUMBV45,IUM2WTL,IUM5WTL,IUMTLMV&UsingCodes=Y&VPD=Y&VFD=N",2026-08-10
2004-09-30,IUMTLMV,6.59,bank_of_england_iadb,"https://www.bankofengland.co.uk/boeapps/database/_iadb-fromshowcolumns.asp?csv.x=yes&Datefrom=01/Jan/1975&Dateto=now&SeriesCodes=IUDBEDR,IUMBV34,IUMBV37,IUMBV42,IUMBV45,IUM2WTL,IUM5WTL,IUMTLMV&UsingCodes=Y&VPD=Y&VFD=N",2026-08-10
2004-10-31,IUMBV34,5.29,bank_of_england_iadb,"https://www.bankofengland.co.uk/boeapps/database/_iadb-fromshowcolumns.asp?csv.x=yes&Datefrom=01/Jan/1975&Dateto=now&SeriesCodes=IUDBEDR,IUMBV34,IUMBV37,IUMBV42,IUMBV45,IUM2WTL,IUM5WTL,IUMTLMV&UsingCodes=Y&VPD=Y&VFD=N",2026-08-10
2004-10-31,IUMBV37,5.59,bank_of_england_iadb,"https://www.bankofengland.co.uk/boeapps/database/_iadb-fromshowcolumns.asp?csv.x=yes&Datefrom=01/Jan/1975&Dateto=now&SeriesCodes=IUDBEDR,IUMBV34,IUMBV37,IUMBV42,IUMBV45,IUM2WTL,IUM5WTL,IUMTLMV&UsingCodes=Y&VPD=Y&VFD=N",2026-08-10
2004-10-31,IUMBV42,5.68,bank_of_england_iadb,"https://www.bankofengland.co.uk/boeapps/database/_iadb-fromshowcolumns.asp?csv.x=yes&Datefrom=01/Jan/1975&Dateto=now&SeriesCodes=IUDBEDR,IUMBV34,IUMBV37,IUMBV42,IUMBV45,IUM2WTL,IUM5WTL,IUMTLMV&UsingCodes=Y&VPD=Y&VFD=N",2026-08-10
2004-10-31,IUMBV45,6.03,bank_of_england_iadb,"https://www.bankofengland.co.uk/boeapps/database/_iadb-fromshowcolumns.asp?csv.x=yes&Datefrom=01/Jan/1975&Dateto=now&SeriesCodes=IUDBEDR,IUMBV34,IUMBV37,IUMBV42,IUMBV45,IUM2WTL,IUM5WTL,IUMTLMV&UsingCodes=Y&VPD=Y&VFD=N",2026-08-10
2004-10-31,IUM2WTL,5.6,bank_of_england_iadb,"https://www.bankofengland.co.uk/boeapps/database/_iadb-fromshowcolumns.asp?csv.x=yes&Datefrom=01/Jan/1975&Dateto=now&SeriesCodes=IUDBEDR,IUMBV34,IUMBV37,IUMBV42,IUMBV45,IUM2WTL,IUM5WTL,IUMTLMV&UsingCodes=Y&VPD=Y&VFD=N",2026-08-10
2004-10-31,IUM5WTL,5.84,bank_of_england_iadb,"https://www.bankofengland.co.uk/boeapps/database/_iadb-fromshowcolumns.asp?csv.x=yes&Datefrom=01/Jan/1975&Dateto=now&SeriesCodes=IUDBEDR,IUMBV34,IUMBV37,IUMBV42,IUMBV45,IUM2WTL,IUM5WTL,IUMTLMV&UsingCodes=Y&VPD=Y&VFD=N",2026-08-10
2004-10-31,IUMTLMV,6.61,bank_of_england_iadb,"https://www.bankofengland.co.uk/boeapps/database/_iadb-fromshowcolumns.asp?csv.x=yes&Datefrom=01/Jan/1975&Dateto=now&SeriesCodes=IUDBEDR,IUMBV34,IUMBV37,IUMBV42,IUMBV45,IUM2WTL,IUM5WTL,IUMTLMV&UsingCodes=Y&VPD=Y&VFD=N",2026-08-10
2004-11-30,IUMBV34,5.06,bank_of_england_iadb,"https://www.bankofengland.co.uk/boeapps/database/_iadb-fromshowcolumns.asp?csv.x=yes&Datefrom=01/Jan/1975&Dateto=now&SeriesCodes=IUDBEDR,IUMBV34,IUMBV37,IUMBV42,IUMBV45,IUM2WTL,IUM5WTL,IUMTLMV&UsingCodes=Y&VPD=Y&VFD=N",2026-08-10
2004-11-30,IUMBV37,5.4,bank_of_england_iadb,"https://www.bankofengland.co.uk/boeapps/database/_iadb-fromshowcolumns.asp?csv.x=yes&Datefrom=01/Jan/1975&Dateto=now&SeriesCodes=IUDBEDR,IUMBV34,IUMBV37,IUMBV42,IUMBV45,IUM2WTL,IUM5WTL,IUMTLMV&UsingCodes=Y&VPD=Y&VFD=N",2026-08-10
2004-11-30,IUMBV42,5.49,bank_of_england_iadb,"https://www.bankofengland.co.uk/boeapps/database/_iadb-fromshowcolumns.asp?csv.x=yes&Datefrom=01/Jan/1975&Dateto=now&SeriesCodes=IUDBEDR,IUMBV34,IUMBV37,IUMBV42,IUMBV45,IUM2WTL,IUM5WTL,IUMTLMV&UsingCodes=Y&VPD=Y&VFD=N",2026-08-10
2004-11-30,IUMBV45,5.79,bank_of_england_iadb,"https://www.bankofengland.co.uk/boeapps/database/_iadb-fromshowcolumns.asp?csv.x=yes&Datefrom=01/Jan/1975&Dateto=now&SeriesCodes=IUDBEDR,IUMBV34,IUMBV37,IUMBV42,IUMBV45,IUM2WTL,IUM5WTL,IUMTLMV&UsingCodes=Y&VPD=Y&VFD=N",2026-08-10
2004-11-30,IUM2WTL,5.42,bank_of_england_iadb,"https://www.bankofengland.co.uk/boeapps/database/_iadb-fromshowcolumns.asp?csv.x=yes&Datefrom=01/Jan/1975&Dateto=now&SeriesCodes=IUDBEDR,IUMBV34,IUMBV37,IUMBV42,IUMBV45,IUM2WTL,IUM5WTL,IUMTLMV&UsingCodes=Y&VPD=Y&VFD=N",2026-08-10
2004-11-30,IUM5WTL,5.72,bank_of_england_iadb,"https://www.bankofengland.co.uk/boeapps/database/_iadb-fromshowcolumns.asp?csv.x=yes&Datefrom=01/Jan/1975&Dateto=now&SeriesCodes=IUDBEDR,IUMBV34,IUMBV37,IUMBV42,IUMBV45,IUM2WTL,IUM5WTL,IUMTLMV&UsingCodes=Y&VPD=Y&VFD=N",2026-08-10
2004-11-30,IUMTLMV,6.6,bank_of_england_iadb,"https://www.bankofengland.co.uk/boeapps/database/_iadb-fromshowcolumns.asp?csv.x=yes&Datefrom=01/Jan/1975&Dateto=now&SeriesCodes=IUDBEDR,IUMBV34,IUMBV37,IUMBV42,IUMBV45,IUM2WTL,IUM5WTL,IUMTLMV&UsingCodes=Y&VPD=Y&VFD=N",2026-08-10
2004-12-31,IUMBV34,5.07,bank_of_england_iadb,"https://www.bankofengland.co.uk/boeapps/database/_iadb-fromshowcolumns.asp?csv.x=yes&Datefrom=01/Jan/1975&Dateto=now&SeriesCodes=IUDBEDR,IUMBV34,IUMBV37,IUMBV42,IUMBV45,IUM2WTL,IUM5WTL,IUMTLMV&UsingCodes=Y&VPD=Y&VFD=N",2026-08-10
2004-12-31,IUMBV37,5.28,bank_of_england_iadb,"https://www.bankofengland.co.uk/boeapps/database/_iadb-fromshowcolumns.asp?csv.x=yes&Datefrom=01/Jan/1975&Dateto=now&SeriesCodes=IUDBEDR,IUMBV34,IUMBV37,IUMBV42,IUMBV45,IUM2WTL,IUM5WTL,IUMTLMV&UsingCodes=Y&VPD=Y&VFD=N",2026-08-10
2004-12-31,IUMBV42,5.37,bank_of_england_iadb,"https://www.bankofengland.co.uk/boeapps/database/_iadb-fromshowcolumns.asp?csv.x=yes&Datefrom=01/Jan/1975&Dateto=now&SeriesCodes=IUDBEDR,IUMBV34,IUMBV37,IUMBV42,IUMBV45,IUM2WTL,IUM5WTL,IUMTLMV&UsingCodes=Y&VPD=Y&VFD=N",2026-08-10
2004-12-31,IUMBV45,5.65,bank_of_england_iadb,"https://www.bankofengland.co.uk/boeapps/database/_iadb-fromshowcolumns.asp?csv.x=yes&Datefrom=01/Jan/1975&Dateto=now&SeriesCodes=IUDBEDR,IUMBV34,IUMBV37,IUMBV42,IUMBV45,IUM2WTL,IUM5WTL,IUMTLMV&UsingCodes=Y&VPD=Y&VFD=N",2026-08-10
2004-12-31,IUM2WTL,5.31,bank_of_england_iadb,"https://www.bankofengland.co.uk/boeapps/database/_iadb-fromshowcolumns.asp?csv.x=yes&Datefrom=01/Jan/1975&Dateto=now&SeriesCodes=IUDBEDR,IUMBV34,IUMBV37,IUMBV42,IUMBV45,IUM2WTL,IUM5WTL,IUMTLMV&UsingCodes=Y&VPD=Y&VFD=N",2026-08-10
2004-12-31,IUM5WTL,5.54,bank_of_england_iadb,"https://www.bankofengland.co.uk/boeapps/database/_iadb-fromshowcolumns.asp?csv.x=yes&Datefrom=01/Jan/1975&Dateto=now&SeriesCodes=IUDBEDR,IUMBV34,IUMBV37,IUMBV42,IUMBV45,IUM2WTL,IUM5WTL,IUMTLMV&UsingCodes=Y&VPD=Y&VFD=N",2026-08-10
2004-12-31,IUMTLMV,6.6,bank_of_england_iadb,"https://www.bankofengland.co.uk/boeapps/database/_iadb-fromshowcolumns.asp?csv.x=yes&Datefrom=01/Jan/1975&Dateto=now&SeriesCodes=IUDBEDR,IUMBV34,IUMBV37,IUMBV42,IUMBV45,IUM2WTL,IUM5WTL,IUMTLMV&UsingCodes=Y&VPD=Y&VFD=N",2026-08-10
2005-01-31,IUMBV34,4.99,bank_of_england_iadb,"https://www.bankofengland.co.uk/boeapps/database/_iadb-fromshowcolumns.asp?csv.x=yes&Datefrom=01/Jan/1975&Dateto=now&SeriesCodes=IUDBEDR,IUMBV34,IUMBV37,IUMBV42,IUMBV45,IUM2WTL,IUM5WTL,IUMTLMV&UsingCodes=Y&VPD=Y&VFD=N",2026-08-10
2005-01-31,IUMBV37,5.09,bank_of_england_iadb,"https://www.bankofengland.co.uk/boeapps/database/_iadb-fromshowcolumns.asp?csv.x=yes&Datefrom=01/Jan/1975&Dateto=now&SeriesCodes=IUDBEDR,IUMBV34,IUMBV37,IUMBV42,IUMBV45,IUM2WTL,IUM5WTL,IUMTLMV&UsingCodes=Y&VPD=Y&VFD=N",2026-08-10
2005-01-31,IUMBV42,5.2,bank_of_england_iadb,"https://www.bankofengland.co.uk/boeapps/database/_iadb-fromshowcolumns.asp?csv.x=yes&Datefrom=01/Jan/1975&Dateto=now&SeriesCodes=IUDBEDR,IUMBV34,IUMBV37,IUMBV42,IUMBV45,IUM2WTL,IUM5WTL,IUMTLMV&UsingCodes=Y&VPD=Y&VFD=N",2026-08-10
2005-01-31,IUMBV45,5.63,bank_of_england_iadb,"https://www.bankofengland.co.uk/boeapps/database/_iadb-fromshowcolumns.asp?csv.x=yes&Datefrom=01/Jan/1975&Dateto=now&SeriesCodes=IUDBEDR,IUMBV34,IUMBV37,IUMBV42,IUMBV45,IUM2WTL,IUM5WTL,IUMTLMV&UsingCodes=Y&VPD=Y&VFD=N",2026-08-10
2005-01-31,IUM2WTL,5.3,bank_of_england_iadb,"https://www.bankofengland.co.uk/boeapps/database/_iadb-fromshowcolumns.asp?csv.x=yes&Datefrom=01/Jan/1975&Dateto=now&SeriesCodes=IUDBEDR,IUMBV34,IUMBV37,IUMBV42,IUMBV45,IUM2WTL,IUM5WTL,IUMTLMV&UsingCodes=Y&VPD=Y&VFD=N",2026-08-10
2005-01-31,IUM5WTL,5.41,bank_of_england_iadb,"https://www.bankofengland.co.uk/boeapps/database/_iadb-fromshowcolumns.asp?csv.x=yes&Datefrom=01/Jan/1975&Dateto=now&SeriesCodes=IUDBEDR,IUMBV34,IUMBV37,IUMBV42,IUMBV45,IUM2WTL,IUM5WTL,IUMTLMV&UsingCodes=Y&VPD=Y&VFD=N",2026-08-10
2005-01-31,IUMTLMV,6.61,bank_of_england_iadb,"https://www.bankofengland.co.uk/boeapps/database/_iadb-fromshowcolumns.asp?csv.x=yes&Datefrom=01/Jan/1975&Dateto=now&SeriesCodes=IUDBEDR,IUMBV34,IUMBV37,IUMBV42,IUMBV45,IUM2WTL,IUM5WTL,IUMTLMV&UsingCodes=Y&VPD=Y&VFD=N",2026-08-10
2005-02-28,IUMBV34,5.07,bank_of_england_iadb,"https://www.bankofengland.co.uk/boeapps/database/_iadb-fromshowcolumns.asp?csv.x=yes&Datefrom=01/Jan/1975&Dateto=now&SeriesCodes=IUDBEDR,IUMBV34,IUMBV37,IUMBV42,IUMBV45,IUM2WTL,IUM5WTL,IUMTLMV&UsingCodes=Y&VPD=Y&VFD=N",2026-08-10
2005-02-28,IUMBV37,5.32,bank_of_england_iadb,"https://www.bankofengland.co.uk/boeapps/database/_iadb-fromshowcolumns.asp?csv.x=yes&Datefrom=01/Jan/1975&Dateto=now&SeriesCodes=IUDBEDR,IUMBV34,IUMBV37,IUMBV42,IUMBV45,IUM2WTL,IUM5WTL,IUMTLMV&UsingCodes=Y&VPD=Y&VFD=N",2026-08-10
2005-02-28,IUMBV42,5.25,bank_of_england_iadb,"https://www.bankofengland.co.uk/boeapps/database/_iadb-fromshowcolumns.asp?csv.x=yes&Datefrom=01/Jan/1975&Dateto=now&SeriesCodes=IUDBEDR,IUMBV34,IUMBV37,IUMBV42,IUMBV45,IUM2WTL,IUM5WTL,IUMTLMV&UsingCodes=Y&VPD=Y&VFD=N",2026-08-10
2005-02-28,IUMBV45,5.68,bank_of_england_iadb,"https://www.bankofengland.co.uk/boeapps/database/_iadb-fromshowcolumns.asp?csv.x=yes&Datefrom=01/Jan/1975&Dateto=now&SeriesCodes=IUDBEDR,IUMBV34,IUMBV37,IUMBV42,IUMBV45,IUM2WTL,IUM5WTL,IUMTLMV&UsingCodes=Y&VPD=Y&VFD=N",2026-08-10
2005-02-28,IUM2WTL,5.31,bank_of_england_iadb,"https://www.bankofengland.co.uk/boeapps/database/_iadb-fromshowcolumns.asp?csv.x=yes&Datefrom=01/Jan/1975&Dateto=now&SeriesCodes=IUDBEDR,IUMBV34,IUMBV37,IUMBV42,IUMBV45,IUM2WTL,IUM5WTL,IUMTLMV&UsingCodes=Y&VPD=Y&VFD=N",2026-08-10
2005-02-28,IUM5WTL,5.39,bank_of_england_iadb,"https://www.bankofengland.co.uk/boeapps/database/_iadb-fromshowcolumns.asp?csv.x=yes&Datefrom=01/Jan/1975&Dateto=now&SeriesCodes=IUDBEDR,IUMBV34,IUMBV37,IUMBV42,IUMBV45,IUM2WTL,IUM5WTL,IUMTLMV&UsingCodes=Y&VPD=Y&VFD=N",2026-08-10
2005-02-28,IUMTLMV,6.61,bank_of_england_iadb,"https://www.bankofengland.co.uk/boeapps/database/_iadb-fromshowcolumns.asp?csv.x=yes&Datefrom=01/Jan/1975&Dateto=now&SeriesCodes=IUDBEDR,IUMBV34,IUMBV37,IUMBV42,IUMBV45,IUM2WTL,IUM5WTL,IUMTLMV&UsingCodes=Y&VPD=Y&VFD=N",2026-08-10
2005-03-31,IUMBV34,5.2,bank_of_england_iadb,"https://www.bankofengland.co.uk/boeapps/database/_iadb-fromshowcolumns.asp?csv.x=yes&Datefrom=01/Jan/1975&Dateto=now&SeriesCodes=IUDBEDR,IUMBV34,IUMBV37,IUMBV42,IUMBV45,IUM2WTL,IUM5WTL,IUMTLMV&UsingCodes=Y&VPD=Y&VFD=N",2026-08-10
2005-03-31,IUMBV37,5.24,bank_of_england_iadb,"https://www.bankofengland.co.uk/boeapps/database/_iadb-fromshowcolumns.asp?csv.x=yes&Datefrom=01/Jan/1975&Dateto=now&SeriesCodes=IUDBEDR,IUMBV34,IUMBV37,IUMBV42,IUMBV45,IUM2WTL,IUM5WTL,IUMTLMV&UsingCodes=Y&VPD=Y&VFD=N",2026-08-10
2005-03-31,IUMBV42,5.28,bank_of_england_iadb,"https://www.bankofengland.co.uk/boeapps/database/_iadb-fromshowcolumns.asp?csv.x=yes&Datefrom=01/Jan/1975&Dateto=now&SeriesCodes=IUDBEDR,IUMBV34,IUMBV37,IUMBV42,IUMBV45,IUM2WTL,IUM5WTL,IUMTLMV&UsingCodes=Y&VPD=Y&VFD=N",2026-08-10
2005-03-31,IUMBV45,5.62,bank_of_england_iadb,"https://www.bankofengland.co.uk/boeapps/database/_iadb-fromshowcolumns.asp?csv.x=yes&Datefrom=01/Jan/1975&Dateto=now&SeriesCodes=IUDBEDR,IUMBV34,IUMBV37,IUMBV42,IUMBV45,IUM2WTL,IUM5WTL,IUMTLMV&UsingCodes=Y&VPD=Y&VFD=N",2026-08-10
2005-03-31,IUM2WTL,5.48,bank_of_england_iadb,"https://www.bankofengland.co.uk/boeapps/database/_iadb-fromshowcolumns.asp?csv.x=yes&Datefrom=01/Jan/1975&Dateto=now&SeriesCodes=IUDBEDR,IUMBV34,IUMBV37,IUMBV42,IUMBV45,IUM2WTL,IUM5WTL,IUMTLMV&UsingCodes=Y&VPD=Y&VFD=N",2026-08-10
2005-03-31,IUM5WTL,5.49,bank_of_england_iadb,"https://www.bankofengland.co.uk/boeapps/database/_iadb-fromshowcolumns.asp?csv.x=yes&Datefrom=01/Jan/1975&Dateto=now&SeriesCodes=IUDBEDR,IUMBV34,IUMBV37,IUMBV42,IUMBV45,IUM2WTL,IUM5WTL,IUMTLMV&UsingCodes=Y&VPD=Y&VFD=N",2026-08-10
2005-03-31,IUMTLMV,6.61,bank_of_england_iadb,"https://www.bankofengland.co.uk/boeapps/database/_iadb-fromshowcolumns.asp?csv.x=yes&Datefrom=01/Jan/1975&Dateto=now&SeriesCodes=IUDBEDR,IUMBV34,IUMBV37,IUMBV42,IUMBV45,IUM2WTL,IUM5WTL,IUMTLMV&UsingCodes=Y&VPD=Y&VFD=N",2026-08-10
2005-04-30,IUMBV34,5.16,bank_of_england_iadb,"https://www.bankofengland.co.uk/boeapps/database/_iadb-fromshowcolumns.asp?csv.x=yes&Datefrom=01/Jan/1975&Dateto=now&SeriesCodes=IUDBEDR,IUMBV34,IUMBV37,IUMBV42,IUMBV45,IUM2WTL,IUM5WTL,IUMTLMV&UsingCodes=Y&VPD=Y&VFD=N",2026-08-10
2005-04-30,IUMBV37,5.25,bank_of_england_iadb,"https://www.bankofengland.co.uk/boeapps/database/_iadb-fromshowcolumns.asp?csv.x=yes&Datefrom=01/Jan/1975&Dateto=now&SeriesCodes=IUDBEDR,IUMBV34,IUMBV37,IUMBV42,IUMBV45,IUM2WTL,IUM5WTL,IUMTLMV&UsingCodes=Y&VPD=Y&VFD=N",2026-08-10
2005-04-30,IUMBV42,5.23,bank_of_england_iadb,"https://www.bankofengland.co.uk/boeapps/database/_iadb-fromshowcolumns.asp?csv.x=yes&Datefrom=01/Jan/1975&Dateto=now&SeriesCodes=IUDBEDR,IUMBV34,IUMBV37,IUMBV42,IUMBV45,IUM2WTL,IUM5WTL,IUMTLMV&UsingCodes=Y&VPD=Y&VFD=N",2026-08-10
2005-04-30,IUMBV45,5.42,bank_of_england_iadb,"https://www.bankofengland.co.uk/boeapps/database/_iadb-fromshowcolumns.asp?csv.x=yes&Datefrom=01/Jan/1975&Dateto=now&SeriesCodes=IUDBEDR,IUMBV34,IUMBV37,IUMBV42,IUMBV45,IUM2WTL,IUM5WTL,IUMTLMV&UsingCodes=Y&VPD=Y&VFD=N",2026-08-10
2005-04-30,IUM2WTL,5.43,bank_of_england_iadb,"https://www.bankofengland.co.uk/boeapps/database/_iadb-fromshowcolumns.asp?csv.x=yes&Datefrom=01/Jan/1975&Dateto=now&SeriesCodes=IUDBEDR,IUMBV34,IUMBV37,IUMBV42,IUMBV45,IUM2WTL,IUM5WTL,IUMTLMV&UsingCodes=Y&VPD=Y&VFD=N",2026-08-10
2005-04-30,IUM5WTL,5.45,bank_of_england_iadb,"https://www.bankofengland.co.uk/boeapps/database/_iadb-fromshowcolumns.asp?csv.x=yes&Datefrom=01/Jan/1975&Dateto=now&SeriesCodes=IUDBEDR,IUMBV34,IUMBV37,IUMBV42,IUMBV45,IUM2WTL,IUM5WTL,IUMTLMV&UsingCodes=Y&VPD=Y&VFD=N",2026-08-10
2005-04-30,IUMTLMV,6.62,bank_of_england_iadb,"https://www.bankofengland.co.uk/boeapps/database/_iadb-fromshowcolumns.asp?csv.x=yes&Datefrom=01/Jan/1975&Dateto=now&SeriesCodes=IUDBEDR,IUMBV34,IUMBV37,IUMBV42,IUMBV45,IUM2WTL,IUM5WTL,IUMTLMV&UsingCodes=Y&VPD=Y&VFD=N",2026-08-10
2005-05-31,IUMBV34,4.91,bank_of_england_iadb,"https://www.bankofengland.co.uk/boeapps/database/_iadb-fromshowcolumns.asp?csv.x=yes&Datefrom=01/Jan/1975&Dateto=now&SeriesCodes=IUDBEDR,IUMBV34,IUMBV37,IUMBV42,IUMBV45,IUM2WTL,IUM5WTL,IUMTLMV&UsingCodes=Y&VPD=Y&VFD=N",2026-08-10
2005-05-31,IUMBV37,5.15,bank_of_england_iadb,"https://www.bankofengland.co.uk/boeapps/database/_iadb-fromshowcolumns.asp?csv.x=yes&Datefrom=01/Jan/1975&Dateto=now&SeriesCodes=IUDBEDR,IUMBV34,IUMBV37,IUMBV42,IUMBV45,IUM2WTL,IUM5WTL,IUMTLMV&UsingCodes=Y&VPD=Y&VFD=N",2026-08-10
2005-05-31,IUMBV42,5.05,bank_of_england_iadb,"https://www.bankofengland.co.uk/boeapps/database/_iadb-fromshowcolumns.asp?csv.x=yes&Datefrom=01/Jan/1975&Dateto=now&SeriesCodes=IUDBEDR,IUMBV34,IUMBV37,IUMBV42,IUMBV45,IUM2WTL,IUM5WTL,IUMTLMV&UsingCodes=Y&VPD=Y&VFD=N",2026-08-10
2005-05-31,IUMBV45,5.37,bank_of_england_iadb,"https://www.bankofengland.co.uk/boeapps/database/_iadb-fromshowcolumns.asp?csv.x=yes&Datefrom=01/Jan/1975&Dateto=now&SeriesCodes=IUDBEDR,IUMBV34,IUMBV37,IUMBV42,IUMBV45,IUM2WTL,IUM5WTL,IUMTLMV&UsingCodes=Y&VPD=Y&VFD=N",2026-08-10
2005-05-31,IUM2WTL,5.27,bank_of_england_iadb,"https://www.bankofengland.co.uk/boeapps/database/_iadb-fromshowcolumns.asp?csv.x=yes&Datefrom=01/Jan/1975&Dateto=now&SeriesCodes=IUDBEDR,IUMBV34,IUMBV37,IUMBV42,IUMBV45,IUM2WTL,IUM5WTL,IUMTLMV&UsingCodes=Y&VPD=Y&VFD=N",2026-08-10
2005-05-31,IUM5WTL,5.33,bank_of_england_iadb,"https://www.bankofengland.co.uk/boeapps/database/_iadb-fromshowcolumns.asp?csv.x=yes&Datefrom=01/Jan/1975&Dateto=now&SeriesCodes=IUDBEDR,IUMBV34,IUMBV37,IUMBV42,IUMBV45,IUM2WTL,IUM5WTL,IUMTLMV&UsingCodes=Y&VPD=Y&VFD=N",2026-08-10
2005-05-31,IUMTLMV,6.62,bank_of_england_iadb,"https://www.bankofengland.co.uk/boeapps/database/_iadb-fromshowcolumns.asp?csv.x=yes&Datefrom=01/Jan/1975&Dateto=now&SeriesCodes=IUDBEDR,IUMBV34,IUMBV37,IUMBV42,IUMBV45,IUM2WTL,IUM5WTL,IUMTLMV&UsingCodes=Y&VPD=Y&VFD=N",2026-08-10
2005-06-30,IUMBV34,4.77,bank_of_england_iadb,"https://www.bankofengland.co.uk/boeapps/database/_iadb-fromshowcolumns.asp?csv.x=yes&Datefrom=01/Jan/1975&Dateto=now&SeriesCodes=IUDBEDR,IUMBV34,IUMBV37,IUMBV42,IUMBV45,IUM2WTL,IUM5WTL,IUMTLMV&UsingCodes=Y&VPD=Y&VFD=N",2026-08-10
2005-06-30,IUMBV37,5.0,bank_of_england_iadb,"https://www.bankofengland.co.uk/boeapps/database/_iadb-fromshowcolumns.asp?csv.x=yes&Datefrom=01/Jan/1975&Dateto=now&SeriesCodes=IUDBEDR,IUMBV34,IUMBV37,IUMBV42,IUMBV45,IUM2WTL,IUM5WTL,IUMTLMV&UsingCodes=Y&VPD=Y&VFD=N",2026-08-10
2005-06-30,IUMBV42,4.92,bank_of_england_iadb,"https://www.bankofengland.co.uk/boeapps/database/_iadb-fromshowcolumns.asp?csv.x=yes&Datefrom=01/Jan/1975&Dateto=now&SeriesCodes=IUDBEDR,IUMBV34,IUMBV37,IUMBV42,IUMBV45,IUM2WTL,IUM5WTL,IUMTLMV&UsingCodes=Y&VPD=Y&VFD=N",2026-08-10
2005-06-30,IUMBV45,5.21,bank_of_england_iadb,"https://www.bankofengland.co.uk/boeapps/database/_iadb-fromshowcolumns.asp?csv.x=yes&Datefrom=01/Jan/1975&Dateto=now&SeriesCodes=IUDBEDR,IUMBV34,IUMBV37,IUMBV42,IUMBV45,IUM2WTL,IUM5WTL,IUMTLMV&UsingCodes=Y&VPD=Y&VFD=N",2026-08-10
2005-06-30,IUM2WTL,5.01,bank_of_england_iadb,"https://www.bankofengland.co.uk/boeapps/database/_iadb-fromshowcolumns.asp?csv.x=yes&Datefrom=01/Jan/1975&Dateto=now&SeriesCodes=IUDBEDR,IUMBV34,IUMBV37,IUMBV42,IUMBV45,IUM2WTL,IUM5WTL,IUMTLMV&UsingCodes=Y&VPD=Y&VFD=N",2026-08-10
2005-06-30,IUM5WTL,5.14,bank_of_england_iadb,"https://www.bankofengland.co.uk/boeapps/database/_iadb-fromshowcolumns.asp?csv.x=yes&Datefrom=01/Jan/1975&Dateto=now&SeriesCodes=IUDBEDR,IUMBV34,IUMBV37,IUMBV42,IUMBV45,IUM2WTL,IUM5WTL,IUMTLMV&UsingCodes=Y&VPD=Y&VFD=N",2026-08-10
2005-06-30,IUMTLMV,6.62,bank_of_england_iadb,"https://www.bankofengland.co.uk/boeapps/database/_iadb-fromshowcolumns.asp?csv.x=yes&Datefrom=01/Jan/1975&Dateto=now&SeriesCodes=IUDBEDR,IUMBV34,IUMBV37,IUMBV42,IUMBV45,IUM2WTL,IUM5WTL,IUMTLMV&UsingCodes=Y&VPD=Y&VFD=N",2026-08-10
2005-07-31,IUMBV34,4.59,bank_of_england_iadb,"https://www.bankofengland.co.uk/boeapps/database/_iadb-fromshowcolumns.asp?csv.x=yes&Datefrom=01/Jan/1975&Dateto=now&SeriesCodes=IUDBEDR,IUMBV34,IUMBV37,IUMBV42,IUMBV45,IUM2WTL,IUM5WTL,IUMTLMV&UsingCodes=Y&VPD=Y&VFD=N",2026-08-10
2005-07-31,IUMBV37,4.85,bank_of_england_iadb,"https://www.bankofengland.co.uk/boeapps/database/_iadb-fromshowcolumns.asp?csv.x=yes&Datefrom=01/Jan/1975&Dateto=now&SeriesCodes=IUDBEDR,IUMBV34,IUMBV37,IUMBV42,IUMBV45,IUM2WTL,IUM5WTL,IUMTLMV&UsingCodes=Y&VPD=Y&VFD=N",2026-08-10
2005-07-31,IUMBV42,4.84,bank_of_england_iadb,"https://www.bankofengland.co.uk/boeapps/database/_iadb-fromshowcolumns.asp?csv.x=yes&Datefrom=01/Jan/1975&Dateto=now&SeriesCodes=IUDBEDR,IUMBV34,IUMBV37,IUMBV42,IUMBV45,IUM2WTL,IUM5WTL,IUMTLMV&UsingCodes=Y&VPD=Y&VFD=N",2026-08-10
2005-07-31,IUMBV45,5.12,bank_of_england_iadb,"https://www.bankofengland.co.uk/boeapps/database/_iadb-fromshowcolumns.asp?csv.x=yes&Datefrom=01/Jan/1975&Dateto=now&SeriesCodes=IUDBEDR,IUMBV34,IUMBV37,IUMBV42,IUMBV45,IUM2WTL,IUM5WTL,IUMTLMV&UsingCodes=Y&VPD=Y&VFD=N",2026-08-10
2005-07-31,IUM2WTL,4.76,bank_of_england_iadb,"https://www.bankofengland.co.uk/boeapps/database/_iadb-fromshowcolumns.asp?csv.x=yes&Datefrom=01/Jan/1975&Dateto=now&SeriesCodes=IUDBEDR,IUMBV34,IUMBV37,IUMBV42,IUMBV45,IUM2WTL,IUM5WTL,IUMTLMV&UsingCodes=Y&VPD=Y&VFD=N",2026-08-10
2005-07-31,IUM5WTL,5.0,bank_of_england_iadb,"https://www.bankofengland.co.uk/boeapps/database/_iadb-fromshowcolumns.asp?csv.x=yes&Datefrom=01/Jan/1975&Dateto=now&SeriesCodes=IUDBEDR,IUMBV34,IUMBV37,IUMBV42,IUMBV45,IUM2WTL,IUM5WTL,IUMTLMV&UsingCodes=Y&VPD=Y&VFD=N",2026-08-10
2005-07-31,IUMTLMV,6.61,bank_of_england_iadb,"https://www.bankofengland.co.uk/boeapps/database/_iadb-fromshowcolumns.asp?csv.x=yes&Datefrom=01/Jan/1975&Dateto=now&SeriesCodes=IUDBEDR,IUMBV34,IUMBV37,IUMBV42,IUMBV45,IUM2WTL,IUM5WTL,IUMTLMV&UsingCodes=Y&VPD=Y&VFD=N",2026-08-10
2005-08-31,IUMBV34,4.56,bank_of_england_iadb,"https://www.bankofengland.co.uk/boeapps/database/_iadb-fromshowcolumns.asp?csv.x=yes&Datefrom=01/Jan/1975&Dateto=now&SeriesCodes=IUDBEDR,IUMBV34,IUMBV37,IUMBV42,IUMBV45,IUM2WTL,IUM5WTL,IUMTLMV&UsingCodes=Y&VPD=Y&VFD=N",2026-08-10
2005-08-31,IUMBV37,4.88,bank_of_england_iadb,"https://www.bankofengland.co.uk/boeapps/database/_iadb-fromshowcolumns.asp?csv.x=yes&Datefrom=01/Jan/1975&Dateto=now&SeriesCodes=IUDBEDR,IUMBV34,IUMBV37,IUMBV42,IUMBV45,IUM2WTL,IUM5WTL,IUMTLMV&UsingCodes=Y&VPD=Y&VFD=N",2026-08-10
2005-08-31,IUMBV42,4.85,bank_of_england_iadb,"https://www.bankofengland.co.uk/boeapps/database/_iadb-fromshowcolumns.asp?csv.x=yes&Datefrom=01/Jan/1975&Dateto=now&SeriesCodes=IUDBEDR,IUMBV34,IUMBV37,IUMBV42,IUMBV45,IUM2WTL,IUM5WTL,IUMTLMV&UsingCodes=Y&VPD=Y&VFD=N",2026-08-10
2005-08-31,IUMBV45,5.12,bank_of_england_iadb,"https://www.bankofengland.co.uk/boeapps/database/_iadb-fromshowcolumns.asp?csv.x=yes&Datefrom=01/Jan/1975&Dateto=now&SeriesCodes=IUDBEDR,IUMBV34,IUMBV37,IUMBV42,IUMBV45,IUM2WTL,IUM5WTL,IUMTLMV&UsingCodes=Y&VPD=Y&VFD=N",2026-08-10
2005-08-31,IUM2WTL,4.75,bank_of_england_iadb,"https://www.bankofengland.co.uk/boeapps/database/_iadb-fromshowcolumns.asp?csv.x=yes&Datefrom=01/Jan/1975&Dateto=now&SeriesCodes=IUDBEDR,IUMBV34,IUMBV37,IUMBV42,IUMBV45,IUM2WTL,IUM5WTL,IUMTLMV&UsingCodes=Y&VPD=Y&VFD=N",2026-08-10
2005-08-31,IUM5WTL,4.99,bank_of_england_iadb,"https://www.bankofengland.co.uk/boeapps/database/_iadb-fromshowcolumns.asp?csv.x=yes&Datefrom=01/Jan/1975&Dateto=now&SeriesCodes=IUDBEDR,IUMBV34,IUMBV37,IUMBV42,IUMBV45,IUM2WTL,IUM5WTL,IUMTLMV&UsingCodes=Y&VPD=Y&VFD=N",2026-08-10
2005-08-31,IUMTLMV,6.58,bank_of_england_iadb,"https://www.bankofengland.co.uk/boeapps/database/_iadb-fromshowcolumns.asp?csv.x=yes&Datefrom=01/Jan/1975&Dateto=now&SeriesCodes=IUDBEDR,IUMBV34,IUMBV37,IUMBV42,IUMBV45,IUM2WTL,IUM5WTL,IUMTLMV&UsingCodes=Y&VPD=Y&VFD=N",2026-08-10
2005-09-30,IUMBV34,4.52,bank_of_england_iadb,"https://www.bankofengland.co.uk/boeapps/database/_iadb-fromshowcolumns.asp?csv.x=yes&Datefrom=01/Jan/1975&Dateto=now&SeriesCodes=IUDBEDR,IUMBV34,IUMBV37,IUMBV42,IUMBV45,IUM2WTL,IUM5WTL,IUMTLMV&UsingCodes=Y&VPD=Y&VFD=N",2026-08-10
2005-09-30,IUMBV37,4.88,bank_of_england_iadb,"https://www.bankofengland.co.uk/boeapps/database/_iadb-fromshowcolumns.asp?csv.x=yes&Datefrom=01/Jan/1975&Dateto=now&SeriesCodes=IUDBEDR,IUMBV34,IUMBV37,IUMBV42,IUMBV45,IUM2WTL,IUM5WTL,IUMTLMV&UsingCodes=Y&VPD=Y&VFD=N",2026-08-10
2005-09-30,IUMBV42,4.82,bank_of_england_iadb,"https://www.bankofengland.co.uk/boeapps/database/_iadb-fromshowcolumns.asp?csv.x=yes&Datefrom=01/Jan/1975&Dateto=now&SeriesCodes=IUDBEDR,IUMBV34,IUMBV37,IUMBV42,IUMBV45,IUM2WTL,IUM5WTL,IUMTLMV&UsingCodes=Y&VPD=Y&VFD=N",2026-08-10
2005-09-30,IUMBV45,5.11,bank_of_england_iadb,"https://www.bankofengland.co.uk/boeapps/database/_iadb-fromshowcolumns.asp?csv.x=yes&Datefrom=01/Jan/1975&Dateto=now&SeriesCodes=IUDBEDR,IUMBV34,IUMBV37,IUMBV42,IUMBV45,IUM2WTL,IUM5WTL,IUMTLMV&UsingCodes=Y&VPD=Y&VFD=N",2026-08-10
2005-09-30,IUM2WTL,4.74,bank_of_england_iadb,"https://www.bankofengland.co.uk/boeapps/database/_iadb-fromshowcolumns.asp?csv.x=yes&Datefrom=01/Jan/1975&Dateto=now&SeriesCodes=IUDBEDR,IUMBV34,IUMBV37,IUMBV42,IUMBV45,IUM2WTL,IUM5WTL,IUMTLMV&UsingCodes=Y&VPD=Y&VFD=N",2026-08-10
2005-09-30,IUM5WTL,4.98,bank_of_england_iadb,"https://www.bankofengland.co.uk/boeapps/database/_iadb-fromshowcolumns.asp?csv.x=yes&Datefrom=01/Jan/1975&Dateto=now&SeriesCodes=IUDBEDR,IUMBV34,IUMBV37,IUMBV42,IUMBV45,IUM2WTL,IUM5WTL,IUMTLMV&UsingCodes=Y&VPD=Y&VFD=N",2026-08-10
2005-09-30,IUMTLMV,6.4,bank_of_england_iadb,"https://www.bankofengland.co.uk/boeapps/database/_iadb-fromshowcolumns.asp?csv.x=yes&Datefrom=01/Jan/1975&Dateto=now&SeriesCodes=IUDBEDR,IUMBV34,IUMBV37,IUMBV42,IUMBV45,IUM2WTL,IUM5WTL,IUMTLMV&UsingCodes=Y&VPD=Y&VFD=N",2026-08-10
2005-10-31,IUMBV34,4.54,bank_of_england_iadb,"https://www.bankofengland.co.uk/boeapps/database/_iadb-fromshowcolumns.asp?csv.x=yes&Datefrom=01/Jan/1975&Dateto=now&SeriesCodes=IUDBEDR,IUMBV34,IUMBV37,IUMBV42,IUMBV45,IUM2WTL,IUM5WTL,IUMTLMV&UsingCodes=Y&VPD=Y&VFD=N",2026-08-10
2005-10-31,IUMBV37,4.77,bank_of_england_iadb,"https://www.bankofengland.co.uk/boeapps/database/_iadb-fromshowcolumns.asp?csv.x=yes&Datefrom=01/Jan/1975&Dateto=now&SeriesCodes=IUDBEDR,IUMBV34,IUMBV37,IUMBV42,IUMBV45,IUM2WTL,IUM5WTL,IUMTLMV&UsingCodes=Y&VPD=Y&VFD=N",2026-08-10
2005-10-31,IUMBV42,4.85,bank_of_england_iadb,"https://www.bankofengland.co.uk/boeapps/database/_iadb-fromshowcolumns.asp?csv.x=yes&Datefrom=01/Jan/1975&Dateto=now&SeriesCodes=IUDBEDR,IUMBV34,IUMBV37,IUMBV42,IUMBV45,IUM2WTL,IUM5WTL,IUMTLMV&UsingCodes=Y&VPD=Y&VFD=N",2026-08-10
2005-10-31,IUMBV45,5.14,bank_of_england_iadb,"https://www.bankofengland.co.uk/boeapps/database/_iadb-fromshowcolumns.asp?csv.x=yes&Datefrom=01/Jan/1975&Dateto=now&SeriesCodes=IUDBEDR,IUMBV34,IUMBV37,IUMBV42,IUMBV45,IUM2WTL,IUM5WTL,IUMTLMV&UsingCodes=Y&VPD=Y&VFD=N",2026-08-10
2005-10-31,IUM2WTL,4.78,bank_of_england_iadb,"https://www.bankofengland.co.uk/boeapps/database/_iadb-fromshowcolumns.asp?csv.x=yes&Datefrom=01/Jan/1975&Dateto=now&SeriesCodes=IUDBEDR,IUMBV34,IUMBV37,IUMBV42,IUMBV45,IUM2WTL,IUM5WTL,IUMTLMV&UsingCodes=Y&VPD=Y&VFD=N",2026-08-10
2005-10-31,IUM5WTL,5.01,bank_of_england_iadb,"https://www.bankofengland.co.uk/boeapps/database/_iadb-fromshowcolumns.asp?csv.x=yes&Datefrom=01/Jan/1975&Dateto=now&SeriesCodes=IUDBEDR,IUMBV34,IUMBV37,IUMBV42,IUMBV45,IUM2WTL,IUM5WTL,IUMTLMV&UsingCodes=Y&VPD=Y&VFD=N",2026-08-10
2005-10-31,IUMTLMV,6.35,bank_of_england_iadb,"https://www.bankofengland.co.uk/boeapps/database/_iadb-fromshowcolumns.asp?csv.x=yes&Datefrom=01/Jan/1975&Dateto=now&SeriesCodes=IUDBEDR,IUMBV34,IUMBV37,IUMBV42,IUMBV45,IUM2WTL,IUM5WTL,IUMTLMV&UsingCodes=Y&VPD=Y&VFD=N",2026-08-10
2005-11-30,IUMBV34,4.74,bank_of_england_iadb,"https://www.bankofengland.co.uk/boeapps/database/_iadb-fromshowcolumns.asp?csv.x=yes&Datefrom=01/Jan/1975&Dateto=now&SeriesCodes=IUDBEDR,IUMBV34,IUMBV37,IUMBV42,IUMBV45,IUM2WTL,IUM5WTL,IUMTLMV&UsingCodes=Y&VPD=Y&VFD=N",2026-08-10
2005-11-30,IUMBV37,4.84,bank_of_england_iadb,"https://www.bankofengland.co.uk/boeapps/database/_iadb-fromshowcolumns.asp?csv.x=yes&Datefrom=01/Jan/1975&Dateto=now&SeriesCodes=IUDBEDR,IUMBV34,IUMBV37,IUMBV42,IUMBV45,IUM2WTL,IUM5WTL,IUMTLMV&UsingCodes=Y&VPD=Y&VFD=N",2026-08-10
2005-11-30,IUMBV42,4.98,bank_of_england_iadb,"https://www.bankofengland.co.uk/boeapps/database/_iadb-fromshowcolumns.asp?csv.x=yes&Datefrom=01/Jan/1975&Dateto=now&SeriesCodes=IUDBEDR,IUMBV34,IUMBV37,IUMBV42,IUMBV45,IUM2WTL,IUM5WTL,IUMTLMV&UsingCodes=Y&VPD=Y&VFD=N",2026-08-10
2005-11-30,IUMBV45,5.25,bank_of_england_iadb,"https://www.bankofengland.co.uk/boeapps/database/_iadb-fromshowcolumns.asp?csv.x=yes&Datefrom=01/Jan/1975&Dateto=now&SeriesCodes=IUDBEDR,IUMBV34,IUMBV37,IUMBV42,IUMBV45,IUM2WTL,IUM5WTL,IUMTLMV&UsingCodes=Y&VPD=Y&VFD=N",2026-08-10
2005-11-30,IUM2WTL,4.98,bank_of_england_iadb,"https://www.bankofengland.co.uk/boeapps/database/_iadb-fromshowcolumns.asp?csv.x=yes&Datefrom=01/Jan/1975&Dateto=now&SeriesCodes=IUDBEDR,IUMBV34,IUMBV37,IUMBV42,IUMBV45,IUM2WTL,IUM5WTL,IUMTLMV&UsingCodes=Y&VPD=Y&VFD=N",2026-08-10
2005-11-30,IUM5WTL,5.17,bank_of_england_iadb,"https://www.bankofengland.co.uk/boeapps/database/_iadb-fromshowcolumns.asp?csv.x=yes&Datefrom=01/Jan/1975&Dateto=now&SeriesCodes=IUDBEDR,IUMBV34,IUMBV37,IUMBV42,IUMBV45,IUM2WTL,IUM5WTL,IUMTLMV&UsingCodes=Y&VPD=Y&VFD=N",2026-08-10
2005-11-30,IUMTLMV,6.35,bank_of_england_iadb,"https://www.bankofengland.co.uk/boeapps/database/_iadb-fromshowcolumns.asp?csv.x=yes&Datefrom=01/Jan/1975&Dateto=now&SeriesCodes=IUDBEDR,IUMBV34,IUMBV37,IUMBV42,IUMBV45,IUM2WTL,IUM5WTL,IUMTLMV&UsingCodes=Y&VPD=Y&VFD=N",2026-08-10
2005-12-31,IUMBV34,4.74,bank_of_england_iadb,"https://www.bankofengland.co.uk/boeapps/database/_iadb-fromshowcolumns.asp?csv.x=yes&Datefrom=01/Jan/1975&Dateto=now&SeriesCodes=IUDBEDR,IUMBV34,IUMBV37,IUMBV42,IUMBV45,IUM2WTL,IUM5WTL,IUMTLMV&UsingCodes=Y&VPD=Y&VFD=N",2026-08-10
2005-12-31,IUMBV37,4.86,bank_of_england_iadb,"https://www.bankofengland.co.uk/boeapps/database/_iadb-fromshowcolumns.asp?csv.x=yes&Datefrom=01/Jan/1975&Dateto=now&SeriesCodes=IUDBEDR,IUMBV34,IUMBV37,IUMBV42,IUMBV45,IUM2WTL,IUM5WTL,IUMTLMV&UsingCodes=Y&VPD=Y&VFD=N",2026-08-10
2005-12-31,IUMBV42,5.0,bank_of_england_iadb,"https://www.bankofengland.co.uk/boeapps/database/_iadb-fromshowcolumns.asp?csv.x=yes&Datefrom=01/Jan/1975&Dateto=now&SeriesCodes=IUDBEDR,IUMBV34,IUMBV37,IUMBV42,IUMBV45,IUM2WTL,IUM5WTL,IUMTLMV&UsingCodes=Y&VPD=Y&VFD=N",2026-08-10
2005-12-31,IUMBV45,5.24,bank_of_england_iadb,"https://www.bankofengland.co.uk/boeapps/database/_iadb-fromshowcolumns.asp?csv.x=yes&Datefrom=01/Jan/1975&Dateto=now&SeriesCodes=IUDBEDR,IUMBV34,IUMBV37,IUMBV42,IUMBV45,IUM2WTL,IUM5WTL,IUMTLMV&UsingCodes=Y&VPD=Y&VFD=N",2026-08-10
2005-12-31,IUM2WTL,5.04,bank_of_england_iadb,"https://www.bankofengland.co.uk/boeapps/database/_iadb-fromshowcolumns.asp?csv.x=yes&Datefrom=01/Jan/1975&Dateto=now&SeriesCodes=IUDBEDR,IUMBV34,IUMBV37,IUMBV42,IUMBV45,IUM2WTL,IUM5WTL,IUMTLMV&UsingCodes=Y&VPD=Y&VFD=N",2026-08-10
2005-12-31,IUM5WTL,5.19,bank_of_england_iadb,"https://www.bankofengland.co.uk/boeapps/database/_iadb-fromshowcolumns.asp?csv.x=yes&Datefrom=01/Jan/1975&Dateto=now&SeriesCodes=IUDBEDR,IUMBV34,IUMBV37,IUMBV42,IUMBV45,IUM2WTL,IUM5WTL,IUMTLMV&UsingCodes=Y&VPD=Y&VFD=N",2026-08-10
2005-12-31,IUMTLMV,6.35,bank_of_england_iadb,"https://www.bankofengland.co.uk/boeapps/database/_iadb-fromshowcolumns.asp?csv.x=yes&Datefrom=01/Jan/1975&Dateto=now&SeriesCodes=IUDBEDR,IUMBV34,IUMBV37,IUMBV42,IUMBV45,IUM2WTL,IUM5WTL,IUMTLMV&UsingCodes=Y&VPD=Y&VFD=N",2026-08-10
2006-01-31,IUMBV34,4.62,bank_of_england_iadb,"https://www.bankofengland.co.uk/boeapps/database/_iadb-fromshowcolumns.asp?csv.x=yes&Datefrom=01/Jan/1975&Dateto=now&SeriesCodes=IUDBEDR,IUMBV34,IUMBV37,IUMBV42,IUMBV45,IUM2WTL,IUM5WTL,IUMTLMV&UsingCodes=Y&VPD=Y&VFD=N",2026-08-10
2006-01-31,IUMBV37,4.85,bank_of_england_iadb,"https://www.bankofengland.co.uk/boeapps/database/_iadb-fromshowcolumns.asp?csv.x=yes&Datefrom=01/Jan/1975&Dateto=now&SeriesCodes=IUDBEDR,IUMBV34,IUMBV37,IUMBV42,IUMBV45,IUM2WTL,IUM5WTL,IUMTLMV&UsingCodes=Y&VPD=Y&VFD=N",2026-08-10
2006-01-31,IUMBV42,4.92,bank_of_england_iadb,"https://www.bankofengland.co.uk/boeapps/database/_iadb-fromshowcolumns.asp?csv.x=yes&Datefrom=01/Jan/1975&Dateto=now&SeriesCodes=IUDBEDR,IUMBV34,IUMBV37,IUMBV42,IUMBV45,IUM2WTL,IUM5WTL,IUMTLMV&UsingCodes=Y&VPD=Y&VFD=N",2026-08-10
2006-01-31,IUMBV45,5.16,bank_of_england_iadb,"https://www.bankofengland.co.uk/boeapps/database/_iadb-fromshowcolumns.asp?csv.x=yes&Datefrom=01/Jan/1975&Dateto=now&SeriesCodes=IUDBEDR,IUMBV34,IUMBV37,IUMBV42,IUMBV45,IUM2WTL,IUM5WTL,IUMTLMV&UsingCodes=Y&VPD=Y&VFD=N",2026-08-10
2006-01-31,IUM2WTL,4.96,bank_of_england_iadb,"https://www.bankofengland.co.uk/boeapps/database/_iadb-fromshowcolumns.asp?csv.x=yes&Datefrom=01/Jan/1975&Dateto=now&SeriesCodes=IUDBEDR,IUMBV34,IUMBV37,IUMBV42,IUMBV45,IUM2WTL,IUM5WTL,IUMTLMV&UsingCodes=Y&VPD=Y&VFD=N",2026-08-10
2006-01-31,IUM5WTL,5.11,bank_of_england_iadb,"https://www.bankofengland.co.uk/boeapps/database/_iadb-fromshowcolumns.asp?csv.x=yes&Datefrom=01/Jan/1975&Dateto=now&SeriesCodes=IUDBEDR,IUMBV34,IUMBV37,IUMBV42,IUMBV45,IUM2WTL,IUM5WTL,IUMTLMV&UsingCodes=Y&VPD=Y&VFD=N",2026-08-10
2006-01-31,IUMTLMV,6.36,bank_of_england_iadb,"https://www.bankofengland.co.uk/boeapps/database/_iadb-fromshowcolumns.asp?csv.x=yes&Datefrom=01/Jan/1975&Dateto=now&SeriesCodes=IUDBEDR,IUMBV34,IUMBV37,IUMBV42,IUMBV45,IUM2WTL,IUM5WTL,IUMTLMV&UsingCodes=Y&VPD=Y&VFD=N",2026-08-10
2006-02-28,IUMBV34,4.71,bank_of_england_iadb,"https://www.bankofengland.co.uk/boeapps/database/_iadb-fromshowcolumns.asp?csv.x=yes&Datefrom=01/Jan/1975&Dateto=now&SeriesCodes=IUDBEDR,IUMBV34,IUMBV37,IUMBV42,IUMBV45,IUM2WTL,IUM5WTL,IUMTLMV&UsingCodes=Y&VPD=Y&VFD=N",2026-08-10
2006-02-28,IUMBV37,4.9,bank_of_england_iadb,"https://www.bankofengland.co.uk/boeapps/database/_iadb-fromshowcolumns.asp?csv.x=yes&Datefrom=01/Jan/1975&Dateto=now&SeriesCodes=IUDBEDR,IUMBV34,IUMBV37,IUMBV42,IUMBV45,IUM2WTL,IUM5WTL,IUMTLMV&UsingCodes=Y&VPD=Y&VFD=N",2026-08-10
2006-02-28,IUMBV42,4.93,bank_of_england_iadb,"https://www.bankofengland.co.uk/boeapps/database/_iadb-fromshowcolumns.asp?csv.x=yes&Datefrom=01/Jan/1975&Dateto=now&SeriesCodes=IUDBEDR,IUMBV34,IUMBV37,IUMBV42,IUMBV45,IUM2WTL,IUM5WTL,IUMTLMV&UsingCodes=Y&VPD=Y&VFD=N",2026-08-10
2006-02-28,IUMBV45,5.0,bank_of_england_iadb,"https://www.bankofengland.co.uk/boeapps/database/_iadb-fromshowcolumns.asp?csv.x=yes&Datefrom=01/Jan/1975&Dateto=now&SeriesCodes=IUDBEDR,IUMBV34,IUMBV37,IUMBV42,IUMBV45,IUM2WTL,IUM5WTL,IUMTLMV&UsingCodes=Y&VPD=Y&VFD=N",2026-08-10
2006-02-28,IUM2WTL,5.01,bank_of_england_iadb,"https://www.bankofengland.co.uk/boeapps/database/_iadb-fromshowcolumns.asp?csv.x=yes&Datefrom=01/Jan/1975&Dateto=now&SeriesCodes=IUDBEDR,IUMBV34,IUMBV37,IUMBV42,IUMBV45,IUM2WTL,IUM5WTL,IUMTLMV&UsingCodes=Y&VPD=Y&VFD=N",2026-08-10
2006-02-28,IUM5WTL,5.14,bank_of_england_iadb,"https://www.bankofengland.co.uk/boeapps/database/_iadb-fromshowcolumns.asp?csv.x=yes&Datefrom=01/Jan/1975&Dateto=now&SeriesCodes=IUDBEDR,IUMBV34,IUMBV37,IUMBV42,IUMBV45,IUM2WTL,IUM5WTL,IUMTLMV&UsingCodes=Y&VPD=Y&VFD=N",2026-08-10
2006-02-28,IUMTLMV,6.37,bank_of_england_iadb,"https://www.bankofengland.co.uk/boeapps/database/_iadb-fromshowcolumns.asp?csv.x=yes&Datefrom=01/Jan/1975&Dateto=now&SeriesCodes=IUDBEDR,IUMBV34,IUMBV37,IUMBV42,IUMBV45,IUM2WTL,IUM5WTL,IUMTLMV&UsingCodes=Y&VPD=Y&VFD=N",2026-08-10
2006-03-31,IUMBV34,4.72,bank_of_england_iadb,"https://www.bankofengland.co.uk/boeapps/database/_iadb-fromshowcolumns.asp?csv.x=yes&Datefrom=01/Jan/1975&Dateto=now&SeriesCodes=IUDBEDR,IUMBV34,IUMBV37,IUMBV42,IUMBV45,IUM2WTL,IUM5WTL,IUMTLMV&UsingCodes=Y&VPD=Y&VFD=N",2026-08-10
2006-03-31,IUMBV37,5.05,bank_of_england_iadb,"https://www.bankofengland.co.uk/boeapps/database/_iadb-fromshowcolumns.asp?csv.x=yes&Datefrom=01/Jan/1975&Dateto=now&SeriesCodes=IUDBEDR,IUMBV34,IUMBV37,IUMBV42,IUMBV45,IUM2WTL,IUM5WTL,IUMTLMV&UsingCodes=Y&VPD=Y&VFD=N",2026-08-10
2006-03-31,IUMBV42,4.98,bank_of_england_iadb,"https://www.bankofengland.co.uk/boeapps/database/_iadb-fromshowcolumns.asp?csv.x=yes&Datefrom=01/Jan/1975&Dateto=now&SeriesCodes=IUDBEDR,IUMBV34,IUMBV37,IUMBV42,IUMBV45,IUM2WTL,IUM5WTL,IUMTLMV&UsingCodes=Y&VPD=Y&VFD=N",2026-08-10
2006-03-31,IUMBV45,4.99,bank_of_england_iadb,"https://www.bankofengland.co.uk/boeapps/database/_iadb-fromshowcolumns.asp?csv.x=yes&Datefrom=01/Jan/1975&Dateto=now&SeriesCodes=IUDBEDR,IUMBV34,IUMBV37,IUMBV42,IUMBV45,IUM2WTL,IUM5WTL,IUMTLMV&UsingCodes=Y&VPD=Y&VFD=N",2026-08-10
2006-03-31,IUM2WTL,5.04,bank_of_england_iadb,"https://www.bankofengland.co.uk/boeapps/database/_iadb-fromshowcolumns.asp?csv.x=yes&Datefrom=01/Jan/1975&Dateto=now&SeriesCodes=IUDBEDR,IUMBV34,IUMBV37,IUMBV42,IUMBV45,IUM2WTL,IUM5WTL,IUMTLMV&UsingCodes=Y&VPD=Y&VFD=N",2026-08-10
2006-03-31,IUM5WTL,5.14,bank_of_england_iadb,"https://www.bankofengland.co.uk/boeapps/database/_iadb-fromshowcolumns.asp?csv.x=yes&Datefrom=01/Jan/1975&Dateto=now&SeriesCodes=IUDBEDR,IUMBV34,IUMBV37,IUMBV42,IUMBV45,IUM2WTL,IUM5WTL,IUMTLMV&UsingCodes=Y&VPD=Y&VFD=N",2026-08-10
2006-03-31,IUMTLMV,6.41,bank_of_england_iadb,"https://www.bankofengland.co.uk/boeapps/database/_iadb-fromshowcolumns.asp?csv.x=yes&Datefrom=01/Jan/1975&Dateto=now&SeriesCodes=IUDBEDR,IUMBV34,IUMBV37,IUMBV42,IUMBV45,IUM2WTL,IUM5WTL,IUMTLMV&UsingCodes=Y&VPD=Y&VFD=N",2026-08-10
2006-04-30,IUMBV34,4.77,bank_of_england_iadb,"https://www.bankofengland.co.uk/boeapps/database/_iadb-fromshowcolumns.asp?csv.x=yes&Datefrom=01/Jan/1975&Dateto=now&SeriesCodes=IUDBEDR,IUMBV34,IUMBV37,IUMBV42,IUMBV45,IUM2WTL,IUM5WTL,IUMTLMV&UsingCodes=Y&VPD=Y&VFD=N",2026-08-10
2006-04-30,IUMBV37,5.06,bank_of_england_iadb,"https://www.bankofengland.co.uk/boeapps/database/_iadb-fromshowcolumns.asp?csv.x=yes&Datefrom=01/Jan/1975&Dateto=now&SeriesCodes=IUDBEDR,IUMBV34,IUMBV37,IUMBV42,IUMBV45,IUM2WTL,IUM5WTL,IUMTLMV&UsingCodes=Y&VPD=Y&VFD=N",2026-08-10
2006-04-30,IUMBV42,5.09,bank_of_england_iadb,"https://www.bankofengland.co.uk/boeapps/database/_iadb-fromshowcolumns.asp?csv.x=yes&Datefrom=01/Jan/1975&Dateto=now&SeriesCodes=IUDBEDR,IUMBV34,IUMBV37,IUMBV42,IUMBV45,IUM2WTL,IUM5WTL,IUMTLMV&UsingCodes=Y&VPD=Y&VFD=N",2026-08-10
2006-04-30,IUMBV45,5.2,bank_of_england_iadb,"https://www.bankofengland.co.uk/boeapps/database/_iadb-fromshowcolumns.asp?csv.x=yes&Datefrom=01/Jan/1975&Dateto=now&SeriesCodes=IUDBEDR,IUMBV34,IUMBV37,IUMBV42,IUMBV45,IUM2WTL,IUM5WTL,IUMTLMV&UsingCodes=Y&VPD=Y&VFD=N",2026-08-10
2006-04-30,IUM2WTL,5.03,bank_of_england_iadb,"https://www.bankofengland.co.uk/boeapps/database/_iadb-fromshowcolumns.asp?csv.x=yes&Datefrom=01/Jan/1975&Dateto=now&SeriesCodes=IUDBEDR,IUMBV34,IUMBV37,IUMBV42,IUMBV45,IUM2WTL,IUM5WTL,IUMTLMV&UsingCodes=Y&VPD=Y&VFD=N",2026-08-10
2006-04-30,IUM5WTL,5.22,bank_of_england_iadb,"https://www.bankofengland.co.uk/boeapps/database/_iadb-fromshowcolumns.asp?csv.x=yes&Datefrom=01/Jan/1975&Dateto=now&SeriesCodes=IUDBEDR,IUMBV34,IUMBV37,IUMBV42,IUMBV45,IUM2WTL,IUM5WTL,IUMTLMV&UsingCodes=Y&VPD=Y&VFD=N",2026-08-10
2006-04-30,IUMTLMV,6.41,bank_of_england_iadb,"https://www.bankofengland.co.uk/boeapps/database/_iadb-fromshowcolumns.asp?csv.x=yes&Datefrom=01/Jan/1975&Dateto=now&SeriesCodes=IUDBEDR,IUMBV34,IUMBV37,IUMBV42,IUMBV45,IUM2WTL,IUM5WTL,IUMTLMV&UsingCodes=Y&VPD=Y&VFD=N",2026-08-10
2006-05-31,IUMBV34,5.0,bank_of_england_iadb,"https://www.bankofengland.co.uk/boeapps/database/_iadb-fromshowcolumns.asp?csv.x=yes&Datefrom=01/Jan/1975&Dateto=now&SeriesCodes=IUDBEDR,IUMBV34,IUMBV37,IUMBV42,IUMBV45,IUM2WTL,IUM5WTL,IUMTLMV&UsingCodes=Y&VPD=Y&VFD=N",2026-08-10
2006-05-31,IUMBV37,5.14,bank_of_england_iadb,"https://www.bankofengland.co.uk/boeapps/database/_iadb-fromshowcolumns.asp?csv.x=yes&Datefrom=01/Jan/1975&Dateto=now&SeriesCodes=IUDBEDR,IUMBV34,IUMBV37,IUMBV42,IUMBV45,IUM2WTL,IUM5WTL,IUMTLMV&UsingCodes=Y&VPD=Y&VFD=N",2026-08-10
2006-05-31,IUMBV42,5.36,bank_of_england_iadb,"https://www.bankofengland.co.uk/boeapps/database/_iadb-fromshowcolumns.asp?csv.x=yes&Datefrom=01/Jan/1975&Dateto=now&SeriesCodes=IUDBEDR,IUMBV34,IUMBV37,IUMBV42,IUMBV45,IUM2WTL,IUM5WTL,IUMTLMV&UsingCodes=Y&VPD=Y&VFD=N",2026-08-10
2006-05-31,IUMBV45,5.53,bank_of_england_iadb,"https://www.bankofengland.co.uk/boeapps/database/_iadb-fromshowcolumns.asp?csv.x=yes&Datefrom=01/Jan/1975&Dateto=now&SeriesCodes=IUDBEDR,IUMBV34,IUMBV37,IUMBV42,IUMBV45,IUM2WTL,IUM5WTL,IUMTLMV&UsingCodes=Y&VPD=Y&VFD=N",2026-08-10
2006-05-31,IUM2WTL,5.23,bank_of_england_iadb,"https://www.bankofengland.co.uk/boeapps/database/_iadb-fromshowcolumns.asp?csv.x=yes&Datefrom=01/Jan/1975&Dateto=now&SeriesCodes=IUDBEDR,IUMBV34,IUMBV37,IUMBV42,IUMBV45,IUM2WTL,IUM5WTL,IUMTLMV&UsingCodes=Y&VPD=Y&VFD=N",2026-08-10
2006-05-31,IUM5WTL,5.47,bank_of_england_iadb,"https://www.bankofengland.co.uk/boeapps/database/_iadb-fromshowcolumns.asp?csv.x=yes&Datefrom=01/Jan/1975&Dateto=now&SeriesCodes=IUDBEDR,IUMBV34,IUMBV37,IUMBV42,IUMBV45,IUM2WTL,IUM5WTL,IUMTLMV&UsingCodes=Y&VPD=Y&VFD=N",2026-08-10
2006-05-31,IUMTLMV,6.4,bank_of_england_iadb,"https://www.bankofengland.co.uk/boeapps/database/_iadb-fromshowcolumns.asp?csv.x=yes&Datefrom=01/Jan/1975&Dateto=now&SeriesCodes=IUDBEDR,IUMBV34,IUMBV37,IUMBV42,IUMBV45,IUM2WTL,IUM5WTL,IUMTLMV&UsingCodes=Y&VPD=Y&VFD=N",2026-08-10
2006-06-30,IUMBV34,5.0,bank_of_england_iadb,"https://www.bankofengland.co.uk/boeapps/database/_iadb-fromshowcolumns.asp?csv.x=yes&Datefrom=01/Jan/1975&Dateto=now&SeriesCodes=IUDBEDR,IUMBV34,IUMBV37,IUMBV42,IUMBV45,IUM2WTL,IUM5WTL,IUMTLMV&UsingCodes=Y&VPD=Y&VFD=N",2026-08-10
2006-06-30,IUMBV37,5.2,bank_of_england_iadb,"https://www.bankofengland.co.uk/boeapps/database/_iadb-fromshowcolumns.asp?csv.x=yes&Datefrom=01/Jan/1975&Dateto=now&SeriesCodes=IUDBEDR,IUMBV34,IUMBV37,IUMBV42,IUMBV45,IUM2WTL,IUM5WTL,IUMTLMV&UsingCodes=Y&VPD=Y&VFD=N",2026-08-10
2006-06-30,IUMBV42,5.34,bank_of_england_iadb,"https://www.bankofengland.co.uk/boeapps/database/_iadb-fromshowcolumns.asp?csv.x=yes&Datefrom=01/Jan/1975&Dateto=now&SeriesCodes=IUDBEDR,IUMBV34,IUMBV37,IUMBV42,IUMBV45,IUM2WTL,IUM5WTL,IUMTLMV&UsingCodes=Y&VPD=Y&VFD=N",2026-08-10
2006-06-30,IUMBV45,5.52,bank_of_england_iadb,"https://www.bankofengland.co.uk/boeapps/database/_iadb-fromshowcolumns.asp?csv.x=yes&Datefrom=01/Jan/1975&Dateto=now&SeriesCodes=IUDBEDR,IUMBV34,IUMBV37,IUMBV42,IUMBV45,IUM2WTL,IUM5WTL,IUMTLMV&UsingCodes=Y&VPD=Y&VFD=N",2026-08-10
2006-06-30,IUM2WTL,5.31,bank_of_england_iadb,"https://www.bankofengland.co.uk/boeapps/database/_iadb-fromshowcolumns.asp?csv.x=yes&Datefrom=01/Jan/1975&Dateto=now&SeriesCodes=IUDBEDR,IUMBV34,IUMBV37,IUMBV42,IUMBV45,IUM2WTL,IUM5WTL,IUMTLMV&UsingCodes=Y&VPD=Y&VFD=N",2026-08-10
2006-06-30,IUM5WTL,5.58,bank_of_england_iadb,"https://www.bankofengland.co.uk/boeapps/database/_iadb-fromshowcolumns.asp?csv.x=yes&Datefrom=01/Jan/1975&Dateto=now&SeriesCodes=IUDBEDR,IUMBV34,IUMBV37,IUMBV42,IUMBV45,IUM2WTL,IUM5WTL,IUMTLMV&UsingCodes=Y&VPD=Y&VFD=N",2026-08-10
2006-06-30,IUMTLMV,6.4,bank_of_england_iadb,"https://www.bankofengland.co.uk/boeapps/database/_iadb-fromshowcolumns.asp?csv.x=yes&Datefrom=01/Jan/1975&Dateto=now&SeriesCodes=IUDBEDR,IUMBV34,IUMBV37,IUMBV42,IUMBV45,IUM2WTL,IUM5WTL,IUMTLMV&UsingCodes=Y&VPD=Y&VFD=N",2026-08-10
2006-07-31,IUMBV34,5.01,bank_of_england_iadb,"https://www.bankofengland.co.uk/boeapps/database/_iadb-fromshowcolumns.asp?csv.x=yes&Datefrom=01/Jan/1975&Dateto=now&SeriesCodes=IUDBEDR,IUMBV34,IUMBV37,IUMBV42,IUMBV45,IUM2WTL,IUM5WTL,IUMTLMV&UsingCodes=Y&VPD=Y&VFD=N",2026-08-10
2006-07-31,IUMBV37,5.23,bank_of_england_iadb,"https://www.bankofengland.co.uk/boeapps/database/_iadb-fromshowcolumns.asp?csv.x=yes&Datefrom=01/Jan/1975&Dateto=now&SeriesCodes=IUDBEDR,IUMBV34,IUMBV37,IUMBV42,IUMBV45,IUM2WTL,IUM5WTL,IUMTLMV&UsingCodes=Y&VPD=Y&VFD=N",2026-08-10
2006-07-31,IUMBV42,5.31,bank_of_england_iadb,"https://www.bankofengland.co.uk/boeapps/database/_iadb-fromshowcolumns.asp?csv.x=yes&Datefrom=01/Jan/1975&Dateto=now&SeriesCodes=IUDBEDR,IUMBV34,IUMBV37,IUMBV42,IUMBV45,IUM2WTL,IUM5WTL,IUMTLMV&UsingCodes=Y&VPD=Y&VFD=N",2026-08-10
2006-07-31,IUMBV45,5.45,bank_of_england_iadb,"https://www.bankofengland.co.uk/boeapps/database/_iadb-fromshowcolumns.asp?csv.x=yes&Datefrom=01/Jan/1975&Dateto=now&SeriesCodes=IUDBEDR,IUMBV34,IUMBV37,IUMBV42,IUMBV45,IUM2WTL,IUM5WTL,IUMTLMV&UsingCodes=Y&VPD=Y&VFD=N",2026-08-10
2006-07-31,IUM2WTL,5.39,bank_of_england_iadb,"https://www.bankofengland.co.uk/boeapps/database/_iadb-fromshowcolumns.asp?csv.x=yes&Datefrom=01/Jan/1975&Dateto=now&SeriesCodes=IUDBEDR,IUMBV34,IUMBV37,IUMBV42,IUMBV45,IUM2WTL,IUM5WTL,IUMTLMV&UsingCodes=Y&VPD=Y&VFD=N",2026-08-10
2006-07-31,IUM5WTL,5.6,bank_of_england_iadb,"https://www.bankofengland.co.uk/boeapps/database/_iadb-fromshowcolumns.asp?csv.x=yes&Datefrom=01/Jan/1975&Dateto=now&SeriesCodes=IUDBEDR,IUMBV34,IUMBV37,IUMBV42,IUMBV45,IUM2WTL,IUM5WTL,IUMTLMV&UsingCodes=Y&VPD=Y&VFD=N",2026-08-10
2006-07-31,IUMTLMV,6.4,bank_of_england_iadb,"https://www.bankofengland.co.uk/boeapps/database/_iadb-fromshowcolumns.asp?csv.x=yes&Datefrom=01/Jan/1975&Dateto=now&SeriesCodes=IUDBEDR,IUMBV34,IUMBV37,IUMBV42,IUMBV45,IUM2WTL,IUM5WTL,IUMTLMV&UsingCodes=Y&VPD=Y&VFD=N",2026-08-10
2006-08-31,IUMBV34,5.1,bank_of_england_iadb,"https://www.bankofengland.co.uk/boeapps/database/_iadb-fromshowcolumns.asp?csv.x=yes&Datefrom=01/Jan/1975&Dateto=now&SeriesCodes=IUDBEDR,IUMBV34,IUMBV37,IUMBV42,IUMBV45,IUM2WTL,IUM5WTL,IUMTLMV&UsingCodes=Y&VPD=Y&VFD=N",2026-08-10
2006-08-31,IUMBV37,5.33,bank_of_england_iadb,"https://www.bankofengland.co.uk/boeapps/database/_iadb-fromshowcolumns.asp?csv.x=yes&Datefrom=01/Jan/1975&Dateto=now&SeriesCodes=IUDBEDR,IUMBV34,IUMBV37,IUMBV42,IUMBV45,IUM2WTL,IUM5WTL,IUMTLMV&UsingCodes=Y&VPD=Y&VFD=N",2026-08-10
2006-08-31,IUMBV42,5.4,bank_of_england_iadb,"https://www.bankofengland.co.uk/boeapps/database/_iadb-fromshowcolumns.asp?csv.x=yes&Datefrom=01/Jan/1975&Dateto=now&SeriesCodes=IUDBEDR,IUMBV34,IUMBV37,IUMBV42,IUMBV45,IUM2WTL,IUM5WTL,IUMTLMV&UsingCodes=Y&VPD=Y&VFD=N",2026-08-10
2006-08-31,IUMBV45,5.46,bank_of_england_iadb,"https://www.bankofengland.co.uk/boeapps/database/_iadb-fromshowcolumns.asp?csv.x=yes&Datefrom=01/Jan/1975&Dateto=now&SeriesCodes=IUDBEDR,IUMBV34,IUMBV37,IUMBV42,IUMBV45,IUM2WTL,IUM5WTL,IUMTLMV&UsingCodes=Y&VPD=Y&VFD=N",2026-08-10
2006-08-31,IUM2WTL,5.42,bank_of_england_iadb,"https://www.bankofengland.co.uk/boeapps/database/_iadb-fromshowcolumns.asp?csv.x=yes&Datefrom=01/Jan/1975&Dateto=now&SeriesCodes=IUDBEDR,IUMBV34,IUMBV37,IUMBV42,IUMBV45,IUM2WTL,IUM5WTL,IUMTLMV&UsingCodes=Y&VPD=Y&VFD=N",2026-08-10
2006-08-31,IUM5WTL,5.69,bank_of_england_iadb,"https://www.bankofengland.co.uk/boeapps/database/_iadb-fromshowcolumns.asp?csv.x=yes&Datefrom=01/Jan/1975&Dateto=now&SeriesCodes=IUDBEDR,IUMBV34,IUMBV37,IUMBV42,IUMBV45,IUM2WTL,IUM5WTL,IUMTLMV&UsingCodes=Y&VPD=Y&VFD=N",2026-08-10
2006-08-31,IUMTLMV,6.4,bank_of_england_iadb,"https://www.bankofengland.co.uk/boeapps/database/_iadb-fromshowcolumns.asp?csv.x=yes&Datefrom=01/Jan/1975&Dateto=now&SeriesCodes=IUDBEDR,IUMBV34,IUMBV37,IUMBV42,IUMBV45,IUM2WTL,IUM5WTL,IUMTLMV&UsingCodes=Y&VPD=Y&VFD=N",2026-08-10
2006-09-30,IUMBV34,5.1,bank_of_england_iadb,"https://www.bankofengland.co.uk/boeapps/database/_iadb-fromshowcolumns.asp?csv.x=yes&Datefrom=01/Jan/1975&Dateto=now&SeriesCodes=IUDBEDR,IUMBV34,IUMBV37,IUMBV42,IUMBV45,IUM2WTL,IUM5WTL,IUMTLMV&UsingCodes=Y&VPD=Y&VFD=N",2026-08-10
2006-09-30,IUMBV37,5.33,bank_of_england_iadb,"https://www.bankofengland.co.uk/boeapps/database/_iadb-fromshowcolumns.asp?csv.x=yes&Datefrom=01/Jan/1975&Dateto=now&SeriesCodes=IUDBEDR,IUMBV34,IUMBV37,IUMBV42,IUMBV45,IUM2WTL,IUM5WTL,IUMTLMV&UsingCodes=Y&VPD=Y&VFD=N",2026-08-10
2006-09-30,IUMBV42,5.39,bank_of_england_iadb,"https://www.bankofengland.co.uk/boeapps/database/_iadb-fromshowcolumns.asp?csv.x=yes&Datefrom=01/Jan/1975&Dateto=now&SeriesCodes=IUDBEDR,IUMBV34,IUMBV37,IUMBV42,IUMBV45,IUM2WTL,IUM5WTL,IUMTLMV&UsingCodes=Y&VPD=Y&VFD=N",2026-08-10
2006-09-30,IUMBV45,5.43,bank_of_england_iadb,"https://www.bankofengland.co.uk/boeapps/database/_iadb-fromshowcolumns.asp?csv.x=yes&Datefrom=01/Jan/1975&Dateto=now&SeriesCodes=IUDBEDR,IUMBV34,IUMBV37,IUMBV42,IUMBV45,IUM2WTL,IUM5WTL,IUMTLMV&UsingCodes=Y&VPD=Y&VFD=N",2026-08-10
2006-09-30,IUM2WTL,5.44,bank_of_england_iadb,"https://www.bankofengland.co.uk/boeapps/database/_iadb-fromshowcolumns.asp?csv.x=yes&Datefrom=01/Jan/1975&Dateto=now&SeriesCodes=IUDBEDR,IUMBV34,IUMBV37,IUMBV42,IUMBV45,IUM2WTL,IUM5WTL,IUMTLMV&UsingCodes=Y&VPD=Y&VFD=N",2026-08-10
2006-09-30,IUM5WTL,5.67,bank_of_england_iadb,"https://www.bankofengland.co.uk/boeapps/database/_iadb-fromshowcolumns.asp?csv.x=yes&Datefrom=01/Jan/1975&Dateto=now&SeriesCodes=IUDBEDR,IUMBV34,IUMBV37,IUMBV42,IUMBV45,IUM2WTL,IUM5WTL,IUMTLMV&UsingCodes=Y&VPD=Y&VFD=N",2026-08-10
2006-09-30,IUMTLMV,6.65,bank_of_england_iadb,"https://www.bankofengland.co.uk/boeapps/database/_iadb-fromshowcolumns.asp?csv.x=yes&Datefrom=01/Jan/1975&Dateto=now&SeriesCodes=IUDBEDR,IUMBV34,IUMBV37,IUMBV42,IUMBV45,IUM2WTL,IUM5WTL,IUMTLMV&UsingCodes=Y&VPD=Y&VFD=N",2026-08-10
2006-10-31,IUMBV34,4.99,bank_of_england_iadb,"https://www.bankofengland.co.uk/boeapps/database/_iadb-fromshowcolumns.asp?csv.x=yes&Datefrom=01/Jan/1975&Dateto=now&SeriesCodes=IUDBEDR,IUMBV34,IUMBV37,IUMBV42,IUMBV45,IUM2WTL,IUM5WTL,IUMTLMV&UsingCodes=Y&VPD=Y&VFD=N",2026-08-10
2006-10-31,IUMBV37,5.3,bank_of_england_iadb,"https://www.bankofengland.co.uk/boeapps/database/_iadb-fromshowcolumns.asp?csv.x=yes&Datefrom=01/Jan/1975&Dateto=now&SeriesCodes=IUDBEDR,IUMBV34,IUMBV37,IUMBV42,IUMBV45,IUM2WTL,IUM5WTL,IUMTLMV&UsingCodes=Y&VPD=Y&VFD=N",2026-08-10
2006-10-31,IUMBV42,5.36,bank_of_england_iadb,"https://www.bankofengland.co.uk/boeapps/database/_iadb-fromshowcolumns.asp?csv.x=yes&Datefrom=01/Jan/1975&Dateto=now&SeriesCodes=IUDBEDR,IUMBV34,IUMBV37,IUMBV42,IUMBV45,IUM2WTL,IUM5WTL,IUMTLMV&UsingCodes=Y&VPD=Y&VFD=N",2026-08-10
2006-10-31,IUMBV45,5.36,bank_of_england_iadb,"https://www.bankofengland.co.uk/boeapps/database/_iadb-fromshowcolumns.asp?csv.x=yes&Datefrom=01/Jan/1975&Dateto=now&SeriesCodes=IUDBEDR,IUMBV34,IUMBV37,IUMBV42,IUMBV45,IUM2WTL,IUM5WTL,IUMTLMV&UsingCodes=Y&VPD=Y&VFD=N",2026-08-10
2006-10-31,IUM2WTL,5.39,bank_of_england_iadb,"https://www.bankofengland.co.uk/boeapps/database/_iadb-fromshowcolumns.asp?csv.x=yes&Datefrom=01/Jan/1975&Dateto=now&SeriesCodes=IUDBEDR,IUMBV34,IUMBV37,IUMBV42,IUMBV45,IUM2WTL,IUM5WTL,IUMTLMV&UsingCodes=Y&VPD=Y&VFD=N",2026-08-10
2006-10-31,IUM5WTL,5.64,bank_of_england_iadb,"https://www.bankofengland.co.uk/boeapps/database/_iadb-fromshowcolumns.asp?csv.x=yes&Datefrom=01/Jan/1975&Dateto=now&SeriesCodes=IUDBEDR,IUMBV34,IUMBV37,IUMBV42,IUMBV45,IUM2WTL,IUM5WTL,IUMTLMV&UsingCodes=Y&VPD=Y&VFD=N",2026-08-10
2006-10-31,IUMTLMV,6.68,bank_of_england_iadb,"https://www.bankofengland.co.uk/boeapps/database/_iadb-fromshowcolumns.asp?csv.x=yes&Datefrom=01/Jan/1975&Dateto=now&SeriesCodes=IUDBEDR,IUMBV34,IUMBV37,IUMBV42,IUMBV45,IUM2WTL,IUM5WTL,IUMTLMV&UsingCodes=Y&VPD=Y&VFD=N",2026-08-10
2006-11-30,IUMBV34,5.2,bank_of_england_iadb,"https://www.bankofengland.co.uk/boeapps/database/_iadb-fromshowcolumns.asp?csv.x=yes&Datefrom=01/Jan/1975&Dateto=now&SeriesCodes=IUDBEDR,IUMBV34,IUMBV37,IUMBV42,IUMBV45,IUM2WTL,IUM5WTL,IUMTLMV&UsingCodes=Y&VPD=Y&VFD=N",2026-08-10
2006-11-30,IUMBV37,5.32,bank_of_england_iadb,"https://www.bankofengland.co.uk/boeapps/database/_iadb-fromshowcolumns.asp?csv.x=yes&Datefrom=01/Jan/1975&Dateto=now&SeriesCodes=IUDBEDR,IUMBV34,IUMBV37,IUMBV42,IUMBV45,IUM2WTL,IUM5WTL,IUMTLMV&UsingCodes=Y&VPD=Y&VFD=N",2026-08-10
2006-11-30,IUMBV42,5.48,bank_of_england_iadb,"https://www.bankofengland.co.uk/boeapps/database/_iadb-fromshowcolumns.asp?csv.x=yes&Datefrom=01/Jan/1975&Dateto=now&SeriesCodes=IUDBEDR,IUMBV34,IUMBV37,IUMBV42,IUMBV45,IUM2WTL,IUM5WTL,IUMTLMV&UsingCodes=Y&VPD=Y&VFD=N",2026-08-10
2006-11-30,IUMBV45,5.46,bank_of_england_iadb,"https://www.bankofengland.co.uk/boeapps/database/_iadb-fromshowcolumns.asp?csv.x=yes&Datefrom=01/Jan/1975&Dateto=now&SeriesCodes=IUDBEDR,IUMBV34,IUMBV37,IUMBV42,IUMBV45,IUM2WTL,IUM5WTL,IUMTLMV&UsingCodes=Y&VPD=Y&VFD=N",2026-08-10
2006-11-30,IUM2WTL,5.51,bank_of_england_iadb,"https://www.bankofengland.co.uk/boeapps/database/_iadb-fromshowcolumns.asp?csv.x=yes&Datefrom=01/Jan/1975&Dateto=now&SeriesCodes=IUDBEDR,IUMBV34,IUMBV37,IUMBV42,IUMBV45,IUM2WTL,IUM5WTL,IUMTLMV&UsingCodes=Y&VPD=Y&VFD=N",2026-08-10
2006-11-30,IUM5WTL,5.72,bank_of_england_iadb,"https://www.bankofengland.co.uk/boeapps/database/_iadb-fromshowcolumns.asp?csv.x=yes&Datefrom=01/Jan/1975&Dateto=now&SeriesCodes=IUDBEDR,IUMBV34,IUMBV37,IUMBV42,IUMBV45,IUM2WTL,IUM5WTL,IUMTLMV&UsingCodes=Y&VPD=Y&VFD=N",2026-08-10
2006-11-30,IUMTLMV,6.7,bank_of_england_iadb,"https://www.bankofengland.co.uk/boeapps/database/_iadb-fromshowcolumns.asp?csv.x=yes&Datefrom=01/Jan/1975&Dateto=now&SeriesCodes=IUDBEDR,IUMBV34,IUMBV37,IUMBV42,IUMBV45,IUM2WTL,IUM5WTL,IUMTLMV&UsingCodes=Y&VPD=Y&VFD=N",2026-08-10
2006-12-31,IUMBV34,5.15,bank_of_england_iadb,"https://www.bankofengland.co.uk/boeapps/database/_iadb-fromshowcolumns.asp?csv.x=yes&Datefrom=01/Jan/1975&Dateto=now&SeriesCodes=IUDBEDR,IUMBV34,IUMBV37,IUMBV42,IUMBV45,IUM2WTL,IUM5WTL,IUMTLMV&UsingCodes=Y&VPD=Y&VFD=N",2026-08-10
2006-12-31,IUMBV37,5.32,bank_of_england_iadb,"https://www.bankofengland.co.uk/boeapps/database/_iadb-fromshowcolumns.asp?csv.x=yes&Datefrom=01/Jan/1975&Dateto=now&SeriesCodes=IUDBEDR,IUMBV34,IUMBV37,IUMBV42,IUMBV45,IUM2WTL,IUM5WTL,IUMTLMV&UsingCodes=Y&VPD=Y&VFD=N",2026-08-10
2006-12-31,IUMBV42,5.49,bank_of_england_iadb,"https://www.bankofengland.co.uk/boeapps/database/_iadb-fromshowcolumns.asp?csv.x=yes&Datefrom=01/Jan/1975&Dateto=now&SeriesCodes=IUDBEDR,IUMBV34,IUMBV37,IUMBV42,IUMBV45,IUM2WTL,IUM5WTL,IUMTLMV&UsingCodes=Y&VPD=Y&VFD=N",2026-08-10
2006-12-31,IUMBV45,5.4,bank_of_england_iadb,"https://www.bankofengland.co.uk/boeapps/database/_iadb-fromshowcolumns.asp?csv.x=yes&Datefrom=01/Jan/1975&Dateto=now&SeriesCodes=IUDBEDR,IUMBV34,IUMBV37,IUMBV42,IUMBV45,IUM2WTL,IUM5WTL,IUMTLMV&UsingCodes=Y&VPD=Y&VFD=N",2026-08-10
2006-12-31,IUM2WTL,5.44,bank_of_england_iadb,"https://www.bankofengland.co.uk/boeapps/database/_iadb-fromshowcolumns.asp?csv.x=yes&Datefrom=01/Jan/1975&Dateto=now&SeriesCodes=IUDBEDR,IUMBV34,IUMBV37,IUMBV42,IUMBV45,IUM2WTL,IUM5WTL,IUMTLMV&UsingCodes=Y&VPD=Y&VFD=N",2026-08-10
2006-12-31,IUM5WTL,5.71,bank_of_england_iadb,"https://www.bankofengland.co.uk/boeapps/database/_iadb-fromshowcolumns.asp?csv.x=yes&Datefrom=01/Jan/1975&Dateto=now&SeriesCodes=IUDBEDR,IUMBV34,IUMBV37,IUMBV42,IUMBV45,IUM2WTL,IUM5WTL,IUMTLMV&UsingCodes=Y&VPD=Y&VFD=N",2026-08-10
2006-12-31,IUMTLMV,6.98,bank_of_england_iadb,"https://www.bankofengland.co.uk/boeapps/database/_iadb-fromshowcolumns.asp?csv.x=yes&Datefrom=01/Jan/1975&Dateto=now&SeriesCodes=IUDBEDR,IUMBV34,IUMBV37,IUMBV42,IUMBV45,IUM2WTL,IUM5WTL,IUMTLMV&UsingCodes=Y&VPD=Y&VFD=N",2026-08-10
2007-01-31,IUMBV34,5.32,bank_of_england_iadb,"https://www.bankofengland.co.uk/boeapps/database/_iadb-fromshowcolumns.asp?csv.x=yes&Datefrom=01/Jan/1975&Dateto=now&SeriesCodes=IUDBEDR,IUMBV34,IUMBV37,IUMBV42,IUMBV45,IUM2WTL,IUM5WTL,IUMTLMV&UsingCodes=Y&VPD=Y&VFD=N",2026-08-10
2007-01-31,IUMBV37,5.48,bank_of_england_iadb,"https://www.bankofengland.co.uk/boeapps/database/_iadb-fromshowcolumns.asp?csv.x=yes&Datefrom=01/Jan/1975&Dateto=now&SeriesCodes=IUDBEDR,IUMBV34,IUMBV37,IUMBV42,IUMBV45,IUM2WTL,IUM5WTL,IUMTLMV&UsingCodes=Y&VPD=Y&VFD=N",2026-08-10
2007-01-31,IUMBV42,5.61,bank_of_england_iadb,"https://www.bankofengland.co.uk/boeapps/database/_iadb-fromshowcolumns.asp?csv.x=yes&Datefrom=01/Jan/1975&Dateto=now&SeriesCodes=IUDBEDR,IUMBV34,IUMBV37,IUMBV42,IUMBV45,IUM2WTL,IUM5WTL,IUMTLMV&UsingCodes=Y&VPD=Y&VFD=N",2026-08-10
2007-01-31,IUMBV45,5.6,bank_of_england_iadb,"https://www.bankofengland.co.uk/boeapps/database/_iadb-fromshowcolumns.asp?csv.x=yes&Datefrom=01/Jan/1975&Dateto=now&SeriesCodes=IUDBEDR,IUMBV34,IUMBV37,IUMBV42,IUMBV45,IUM2WTL,IUM5WTL,IUMTLMV&UsingCodes=Y&VPD=Y&VFD=N",2026-08-10
2007-01-31,IUM2WTL,5.68,bank_of_england_iadb,"https://www.bankofengland.co.uk/boeapps/database/_iadb-fromshowcolumns.asp?csv.x=yes&Datefrom=01/Jan/1975&Dateto=now&SeriesCodes=IUDBEDR,IUMBV34,IUMBV37,IUMBV42,IUMBV45,IUM2WTL,IUM5WTL,IUMTLMV&UsingCodes=Y&VPD=Y&VFD=N",2026-08-10
2007-01-31,IUM5WTL,5.89,bank_of_england_iadb,"https://www.bankofengland.co.uk/boeapps/database/_iadb-fromshowcolumns.asp?csv.x=yes&Datefrom=01/Jan/1975&Dateto=now&SeriesCodes=IUDBEDR,IUMBV34,IUMBV37,IUMBV42,IUMBV45,IUM2WTL,IUM5WTL,IUMTLMV&UsingCodes=Y&VPD=Y&VFD=N",2026-08-10
2007-01-31,IUMTLMV,7.01,bank_of_england_iadb,"https://www.bankofengland.co.uk/boeapps/database/_iadb-fromshowcolumns.asp?csv.x=yes&Datefrom=01/Jan/1975&Dateto=now&SeriesCodes=IUDBEDR,IUMBV34,IUMBV37,IUMBV42,IUMBV45,IUM2WTL,IUM5WTL,IUMTLMV&UsingCodes=Y&VPD=Y&VFD=N",2026-08-10
2007-02-28,IUMBV34,5.46,bank_of_england_iadb,"https://www.bankofengland.co.uk/boeapps/database/_iadb-fromshowcolumns.asp?csv.x=yes&Datefrom=01/Jan/1975&Dateto=now&SeriesCodes=IUDBEDR,IUMBV34,IUMBV37,IUMBV42,IUMBV45,IUM2WTL,IUM5WTL,IUMTLMV&UsingCodes=Y&VPD=Y&VFD=N",2026-08-10
2007-02-28,IUMBV37,5.67,bank_of_england_iadb,"https://www.bankofengland.co.uk/boeapps/database/_iadb-fromshowcolumns.asp?csv.x=yes&Datefrom=01/Jan/1975&Dateto=now&SeriesCodes=IUDBEDR,IUMBV34,IUMBV37,IUMBV42,IUMBV45,IUM2WTL,IUM5WTL,IUMTLMV&UsingCodes=Y&VPD=Y&VFD=N",2026-08-10
2007-02-28,IUMBV42,5.73,bank_of_england_iadb,"https://www.bankofengland.co.uk/boeapps/database/_iadb-fromshowcolumns.asp?csv.x=yes&Datefrom=01/Jan/1975&Dateto=now&SeriesCodes=IUDBEDR,IUMBV34,IUMBV37,IUMBV42,IUMBV45,IUM2WTL,IUM5WTL,IUMTLMV&UsingCodes=Y&VPD=Y&VFD=N",2026-08-10
2007-02-28,IUMBV45,5.7,bank_of_england_iadb,"https://www.bankofengland.co.uk/boeapps/database/_iadb-fromshowcolumns.asp?csv.x=yes&Datefrom=01/Jan/1975&Dateto=now&SeriesCodes=IUDBEDR,IUMBV34,IUMBV37,IUMBV42,IUMBV45,IUM2WTL,IUM5WTL,IUMTLMV&UsingCodes=Y&VPD=Y&VFD=N",2026-08-10
2007-02-28,IUM2WTL,5.82,bank_of_england_iadb,"https://www.bankofengland.co.uk/boeapps/database/_iadb-fromshowcolumns.asp?csv.x=yes&Datefrom=01/Jan/1975&Dateto=now&SeriesCodes=IUDBEDR,IUMBV34,IUMBV37,IUMBV42,IUMBV45,IUM2WTL,IUM5WTL,IUMTLMV&UsingCodes=Y&VPD=Y&VFD=N",2026-08-10
2007-02-28,IUM5WTL,6.0,bank_of_england_iadb,"https://www.bankofengland.co.uk/boeapps/database/_iadb-fromshowcolumns.asp?csv.x=yes&Datefrom=01/Jan/1975&Dateto=now&SeriesCodes=IUDBEDR,IUMBV34,IUMBV37,IUMBV42,IUMBV45,IUM2WTL,IUM5WTL,IUMTLMV&UsingCodes=Y&VPD=Y&VFD=N",2026-08-10
2007-02-28,IUMTLMV,7.2,bank_of_england_iadb,"https://www.bankofengland.co.uk/boeapps/database/_iadb-fromshowcolumns.asp?csv.x=yes&Datefrom=01/Jan/1975&Dateto=now&SeriesCodes=IUDBEDR,IUMBV34,IUMBV37,IUMBV42,IUMBV45,IUM2WTL,IUM5WTL,IUMTLMV&UsingCodes=Y&VPD=Y&VFD=N",2026-08-10
2007-03-31,IUMBV34,5.55,bank_of_england_iadb,"https://www.bankofengland.co.uk/boeapps/database/_iadb-fromshowcolumns.asp?csv.x=yes&Datefrom=01/Jan/1975&Dateto=now&SeriesCodes=IUDBEDR,IUMBV34,IUMBV37,IUMBV42,IUMBV45,IUM2WTL,IUM5WTL,IUMTLMV&UsingCodes=Y&VPD=Y&VFD=N",2026-08-10
2007-03-31,IUMBV37,5.78,bank_of_england_iadb,"https://www.bankofengland.co.uk/boeapps/database/_iadb-fromshowcolumns.asp?csv.x=yes&Datefrom=01/Jan/1975&Dateto=now&SeriesCodes=IUDBEDR,IUMBV34,IUMBV37,IUMBV42,IUMBV45,IUM2WTL,IUM5WTL,IUMTLMV&UsingCodes=Y&VPD=Y&VFD=N",2026-08-10
2007-03-31,IUMBV42,5.73,bank_of_england_iadb,"https://www.bankofengland.co.uk/boeapps/database/_iadb-fromshowcolumns.asp?csv.x=yes&Datefrom=01/Jan/1975&Dateto=now&SeriesCodes=IUDBEDR,IUMBV34,IUMBV37,IUMBV42,IUMBV45,IUM2WTL,IUM5WTL,IUMTLMV&UsingCodes=Y&VPD=Y&VFD=N",2026-08-10
2007-03-31,IUMBV45,5.65,bank_of_england_iadb,"https://www.bankofengland.co.uk/boeapps/database/_iadb-fromshowcolumns.asp?csv.x=yes&Datefrom=01/Jan/1975&Dateto=now&SeriesCodes=IUDBEDR,IUMBV34,IUMBV37,IUMBV42,IUMBV45,IUM2WTL,IUM5WTL,IUMTLMV&UsingCodes=Y&VPD=Y&VFD=N",2026-08-10
2007-03-31,IUM2WTL,5.88,bank_of_england_iadb,"https://www.bankofengland.co.uk/boeapps/database/_iadb-fromshowcolumns.asp?csv.x=yes&Datefrom=01/Jan/1975&Dateto=now&SeriesCodes=IUDBEDR,IUMBV34,IUMBV37,IUMBV42,IUMBV45,IUM2WTL,IUM5WTL,IUMTLMV&UsingCodes=Y&VPD=Y&VFD=N",2026-08-10
2007-03-31,IUM5WTL,6.03,bank_of_england_iadb,"https://www.bankofengland.co.uk/boeapps/database/_iadb-fromshowcolumns.asp?csv.x=yes&Datefrom=01/Jan/1975&Dateto=now&SeriesCodes=IUDBEDR,IUMBV34,IUMBV37,IUMBV42,IUMBV45,IUM2WTL,IUM5WTL,IUMTLMV&UsingCodes=Y&VPD=Y&VFD=N",2026-08-10
2007-03-31,IUMTLMV,7.19,bank_of_england_iadb,"https://www.bankofengland.co.uk/boeapps/database/_iadb-fromshowcolumns.asp?csv.x=yes&Datefrom=01/Jan/1975&Dateto=now&SeriesCodes=IUDBEDR,IUMBV34,IUMBV37,IUMBV42,IUMBV45,IUM2WTL,IUM5WTL,IUMTLMV&UsingCodes=Y&VPD=Y&VFD=N",2026-08-10
2007-04-30,IUMBV34,5.62,bank_of_england_iadb,"https://www.bankofengland.co.uk/boeapps/database/_iadb-fromshowcolumns.asp?csv.x=yes&Datefrom=01/Jan/1975&Dateto=now&SeriesCodes=IUDBEDR,IUMBV34,IUMBV37,IUMBV42,IUMBV45,IUM2WTL,IUM5WTL,IUMTLMV&UsingCodes=Y&VPD=Y&VFD=N",2026-08-10
2007-04-30,IUMBV37,5.86,bank_of_england_iadb,"https://www.bankofengland.co.uk/boeapps/database/_iadb-fromshowcolumns.asp?csv.x=yes&Datefrom=01/Jan/1975&Dateto=now&SeriesCodes=IUDBEDR,IUMBV34,IUMBV37,IUMBV42,IUMBV45,IUM2WTL,IUM5WTL,IUMTLMV&UsingCodes=Y&VPD=Y&VFD=N",2026-08-10
2007-04-30,IUMBV42,5.9,bank_of_england_iadb,"https://www.bankofengland.co.uk/boeapps/database/_iadb-fromshowcolumns.asp?csv.x=yes&Datefrom=01/Jan/1975&Dateto=now&SeriesCodes=IUDBEDR,IUMBV34,IUMBV37,IUMBV42,IUMBV45,IUM2WTL,IUM5WTL,IUMTLMV&UsingCodes=Y&VPD=Y&VFD=N",2026-08-10
2007-04-30,IUMBV45,5.73,bank_of_england_iadb,"https://www.bankofengland.co.uk/boeapps/database/_iadb-fromshowcolumns.asp?csv.x=yes&Datefrom=01/Jan/1975&Dateto=now&SeriesCodes=IUDBEDR,IUMBV34,IUMBV37,IUMBV42,IUMBV45,IUM2WTL,IUM5WTL,IUMTLMV&UsingCodes=Y&VPD=Y&VFD=N",2026-08-10
2007-04-30,IUM2WTL,5.86,bank_of_england_iadb,"https://www.bankofengland.co.uk/boeapps/database/_iadb-fromshowcolumns.asp?csv.x=yes&Datefrom=01/Jan/1975&Dateto=now&SeriesCodes=IUDBEDR,IUMBV34,IUMBV37,IUMBV42,IUMBV45,IUM2WTL,IUM5WTL,IUMTLMV&UsingCodes=Y&VPD=Y&VFD=N",2026-08-10
2007-04-30,IUM5WTL,6.1,bank_of_england_iadb,"https://www.bankofengland.co.uk/boeapps/database/_iadb-fromshowcolumns.asp?csv.x=yes&Datefrom=01/Jan/1975&Dateto=now&SeriesCodes=IUDBEDR,IUMBV34,IUMBV37,IUMBV42,IUMBV45,IUM2WTL,IUM5WTL,IUMTLMV&UsingCodes=Y&VPD=Y&VFD=N",2026-08-10
2007-04-30,IUMTLMV,7.22,bank_of_england_iadb,"https://www.bankofengland.co.uk/boeapps/database/_iadb-fromshowcolumns.asp?csv.x=yes&Datefrom=01/Jan/1975&Dateto=now&SeriesCodes=IUDBEDR,IUMBV34,IUMBV37,IUMBV42,IUMBV45,IUM2WTL,IUM5WTL,IUMTLMV&UsingCodes=Y&VPD=Y&VFD=N",2026-08-10
2007-05-31,IUMBV34,5.7,bank_of_england_iadb,"https://www.bankofengland.co.uk/boeapps/database/_iadb-fromshowcolumns.asp?csv.x=yes&Datefrom=01/Jan/1975&Dateto=now&SeriesCodes=IUDBEDR,IUMBV34,IUMBV37,IUMBV42,IUMBV45,IUM2WTL,IUM5WTL,IUMTLMV&UsingCodes=Y&VPD=Y&VFD=N",2026-08-10
2007-05-31,IUMBV37,5.88,bank_of_england_iadb,"https://www.bankofengland.co.uk/boeapps/database/_iadb-fromshowcolumns.asp?csv.x=yes&Datefrom=01/Jan/1975&Dateto=now&SeriesCodes=IUDBEDR,IUMBV34,IUMBV37,IUMBV42,IUMBV45,IUM2WTL,IUM5WTL,IUMTLMV&UsingCodes=Y&VPD=Y&VFD=N",2026-08-10
2007-05-31,IUMBV42,5.82,bank_of_england_iadb,"https://www.bankofengland.co.uk/boeapps/database/_iadb-fromshowcolumns.asp?csv.x=yes&Datefrom=01/Jan/1975&Dateto=now&SeriesCodes=IUDBEDR,IUMBV34,IUMBV37,IUMBV42,IUMBV45,IUM2WTL,IUM5WTL,IUMTLMV&UsingCodes=Y&VPD=Y&VFD=N",2026-08-10
2007-05-31,IUMBV45,5.86,bank_of_england_iadb,"https://www.bankofengland.co.uk/boeapps/database/_iadb-fromshowcolumns.asp?csv.x=yes&Datefrom=01/Jan/1975&Dateto=now&SeriesCodes=IUDBEDR,IUMBV34,IUMBV37,IUMBV42,IUMBV45,IUM2WTL,IUM5WTL,IUMTLMV&UsingCodes=Y&VPD=Y&VFD=N",2026-08-10
2007-05-31,IUM2WTL,6.05,bank_of_england_iadb,"https://www.bankofengland.co.uk/boeapps/database/_iadb-fromshowcolumns.asp?csv.x=yes&Datefrom=01/Jan/1975&Dateto=now&SeriesCodes=IUDBEDR,IUMBV34,IUMBV37,IUMBV42,IUMBV45,IUM2WTL,IUM5WTL,IUMTLMV&UsingCodes=Y&VPD=Y&VFD=N",2026-08-10
2007-05-31,IUM5WTL,6.1,bank_of_england_iadb,"https://www.bankofengland.co.uk/boeapps/database/_iadb-fromshowcolumns.asp?csv.x=yes&Datefrom=01/Jan/1975&Dateto=now&SeriesCodes=IUDBEDR,IUMBV34,IUMBV37,IUMBV42,IUMBV45,IUM2WTL,IUM5WTL,IUMTLMV&UsingCodes=Y&VPD=Y&VFD=N",2026-08-10
2007-05-31,IUMTLMV,7.23,bank_of_england_iadb,"https://www.bankofengland.co.uk/boeapps/database/_iadb-fromshowcolumns.asp?csv.x=yes&Datefrom=01/Jan/1975&Dateto=now&SeriesCodes=IUDBEDR,IUMBV34,IUMBV37,IUMBV42,IUMBV45,IUM2WTL,IUM5WTL,IUMTLMV&UsingCodes=Y&VPD=Y&VFD=N",2026-08-10
2007-06-30,IUMBV34,5.98,bank_of_england_iadb,"https://www.bankofengland.co.uk/boeapps/database/_iadb-fromshowcolumns.asp?csv.x=yes&Datefrom=01/Jan/1975&Dateto=now&SeriesCodes=IUDBEDR,IUMBV34,IUMBV37,IUMBV42,IUMBV45,IUM2WTL,IUM5WTL,IUMTLMV&UsingCodes=Y&VPD=Y&VFD=N",2026-08-10
2007-06-30,IUMBV37,6.12,bank_of_england_iadb,"https://www.bankofengland.co.uk/boeapps/database/_iadb-fromshowcolumns.asp?csv.x=yes&Datefrom=01/Jan/1975&Dateto=now&SeriesCodes=IUDBEDR,IUMBV34,IUMBV37,IUMBV42,IUMBV45,IUM2WTL,IUM5WTL,IUMTLMV&UsingCodes=Y&VPD=Y&VFD=N",2026-08-10
2007-06-30,IUMBV42,6.1,bank_of_england_iadb,"https://www.bankofengland.co.uk/boeapps/database/_iadb-fromshowcolumns.asp?csv.x=yes&Datefrom=01/Jan/1975&Dateto=now&SeriesCodes=IUDBEDR,IUMBV34,IUMBV37,IUMBV42,IUMBV45,IUM2WTL,IUM5WTL,IUMTLMV&UsingCodes=Y&VPD=Y&VFD=N",2026-08-10
2007-06-30,IUMBV45,5.97,bank_of_england_iadb,"https://www.bankofengland.co.uk/boeapps/database/_iadb-fromshowcolumns.asp?csv.x=yes&Datefrom=01/Jan/1975&Dateto=now&SeriesCodes=IUDBEDR,IUMBV34,IUMBV37,IUMBV42,IUMBV45,IUM2WTL,IUM5WTL,IUMTLMV&UsingCodes=Y&VPD=Y&VFD=N",2026-08-10
2007-06-30,IUM2WTL,6.26,bank_of_england_iadb,"https://www.bankofengland.co.uk/boeapps/database/_iadb-fromshowcolumns.asp?csv.x=yes&Datefrom=01/Jan/1975&Dateto=now&SeriesCodes=IUDBEDR,IUMBV34,IUMBV37,IUMBV42,IUMBV45,IUM2WTL,IUM5WTL,IUMTLMV&UsingCodes=Y&VPD=Y&VFD=N",2026-08-10
2007-06-30,IUM5WTL,6.43,bank_of_england_iadb,"https://www.bankofengland.co.uk/boeapps/database/_iadb-fromshowcolumns.asp?csv.x=yes&Datefrom=01/Jan/1975&Dateto=now&SeriesCodes=IUDBEDR,IUMBV34,IUMBV37,IUMBV42,IUMBV45,IUM2WTL,IUM5WTL,IUMTLMV&UsingCodes=Y&VPD=Y&VFD=N",2026-08-10
2007-06-30,IUMTLMV,7.46,bank_of_england_iadb,"https://www.bankofengland.co.uk/boeapps/database/_iadb-fromshowcolumns.asp?csv.x=yes&Datefrom=01/Jan/1975&Dateto=now&SeriesCodes=IUDBEDR,IUMBV34,IUMBV37,IUMBV42,IUMBV45,IUM2WTL,IUM5WTL,IUMTLMV&UsingCodes=Y&VPD=Y&VFD=N",2026-08-10
2007-07-31,IUMBV34,6.07,bank_of_england_iadb,"https://www.bankofengland.co.uk/boeapps/database/_iadb-fromshowcolumns.asp?csv.x=yes&Datefrom=01/Jan/1975&Dateto=now&SeriesCodes=IUDBEDR,IUMBV34,IUMBV37,IUMBV42,IUMBV45,IUM2WTL,IUM5WTL,IUMTLMV&UsingCodes=Y&VPD=Y&VFD=N",2026-08-10
2007-07-31,IUMBV37,6.21,bank_of_england_iadb,"https://www.bankofengland.co.uk/boeapps/database/_iadb-fromshowcolumns.asp?csv.x=yes&Datefrom=01/Jan/1975&Dateto=now&SeriesCodes=IUDBEDR,IUMBV34,IUMBV37,IUMBV42,IUMBV45,IUM2WTL,IUM5WTL,IUMTLMV&UsingCodes=Y&VPD=Y&VFD=N",2026-08-10
2007-07-31,IUMBV42,6.33,bank_of_england_iadb,"https://www.bankofengland.co.uk/boeapps/database/_iadb-fromshowcolumns.asp?csv.x=yes&Datefrom=01/Jan/1975&Dateto=now&SeriesCodes=IUDBEDR,IUMBV34,IUMBV37,IUMBV42,IUMBV45,IUM2WTL,IUM5WTL,IUMTLMV&UsingCodes=Y&VPD=Y&VFD=N",2026-08-10
2007-07-31,IUMBV45,6.22,bank_of_england_iadb,"https://www.bankofengland.co.uk/boeapps/database/_iadb-fromshowcolumns.asp?csv.x=yes&Datefrom=01/Jan/1975&Dateto=now&SeriesCodes=IUDBEDR,IUMBV34,IUMBV37,IUMBV42,IUMBV45,IUM2WTL,IUM5WTL,IUMTLMV&UsingCodes=Y&VPD=Y&VFD=N",2026-08-10
2007-07-31,IUM2WTL,6.33,bank_of_england_iadb,"https://www.bankofengland.co.uk/boeapps/database/_iadb-fromshowcolumns.asp?csv.x=yes&Datefrom=01/Jan/1975&Dateto=now&SeriesCodes=IUDBEDR,IUMBV34,IUMBV37,IUMBV42,IUMBV45,IUM2WTL,IUM5WTL,IUMTLMV&UsingCodes=Y&VPD=Y&VFD=N",2026-08-10
2007-07-31,IUM5WTL,6.59,bank_of_england_iadb,"https://www.bankofengland.co.uk/boeapps/database/_iadb-fromshowcolumns.asp?csv.x=yes&Datefrom=01/Jan/1975&Dateto=now&SeriesCodes=IUDBEDR,IUMBV34,IUMBV37,IUMBV42,IUMBV45,IUM2WTL,IUM5WTL,IUMTLMV&UsingCodes=Y&VPD=Y&VFD=N",2026-08-10
2007-07-31,IUMTLMV,7.44,bank_of_england_iadb,"https://www.bankofengland.co.uk/boeapps/database/_iadb-fromshowcolumns.asp?csv.x=yes&Datefrom=01/Jan/1975&Dateto=now&SeriesCodes=IUDBEDR,IUMBV34,IUMBV37,IUMBV42,IUMBV45,IUM2WTL,IUM5WTL,IUMTLMV&UsingCodes=Y&VPD=Y&VFD=N",2026-08-10
2007-08-31,IUMBV34,6.11,bank_of_england_iadb,"https://www.bankofengland.co.uk/boeapps/database/_iadb-fromshowcolumns.asp?csv.x=yes&Datefrom=01/Jan/1975&Dateto=now&SeriesCodes=IUDBEDR,IUMBV34,IUMBV37,IUMBV42,IUMBV45,IUM2WTL,IUM5WTL,IUMTLMV&UsingCodes=Y&VPD=Y&VFD=N",2026-08-10
2007-08-31,IUMBV37,6.5,bank_of_england_iadb,"https://www.bankofengland.co.uk/boeapps/database/_iadb-fromshowcolumns.asp?csv.x=yes&Datefrom=01/Jan/1975&Dateto=now&SeriesCodes=IUDBEDR,IUMBV34,IUMBV37,IUMBV42,IUMBV45,IUM2WTL,IUM5WTL,IUMTLMV&UsingCodes=Y&VPD=Y&VFD=N",2026-08-10
2007-08-31,IUMBV42,6.28,bank_of_england_iadb,"https://www.bankofengland.co.uk/boeapps/database/_iadb-fromshowcolumns.asp?csv.x=yes&Datefrom=01/Jan/1975&Dateto=now&SeriesCodes=IUDBEDR,IUMBV34,IUMBV37,IUMBV42,IUMBV45,IUM2WTL,IUM5WTL,IUMTLMV&UsingCodes=Y&VPD=Y&VFD=N",2026-08-10
2007-08-31,IUMBV45,6.24,bank_of_england_iadb,"https://www.bankofengland.co.uk/boeapps/database/_iadb-fromshowcolumns.asp?csv.x=yes&Datefrom=01/Jan/1975&Dateto=now&SeriesCodes=IUDBEDR,IUMBV34,IUMBV37,IUMBV42,IUMBV45,IUM2WTL,IUM5WTL,IUMTLMV&UsingCodes=Y&VPD=Y&VFD=N",2026-08-10
2007-08-31,IUM2WTL,6.54,bank_of_england_iadb,"https://www.bankofengland.co.uk/boeapps/database/_iadb-fromshowcolumns.asp?csv.x=yes&Datefrom=01/Jan/1975&Dateto=now&SeriesCodes=IUDBEDR,IUMBV34,IUMBV37,IUMBV42,IUMBV45,IUM2WTL,IUM5WTL,IUMTLMV&UsingCodes=Y&VPD=Y&VFD=N",2026-08-10
2007-08-31,IUM5WTL,6.7,bank_of_england_iadb,"https://www.bankofengland.co.uk/boeapps/database/_iadb-fromshowcolumns.asp?csv.x=yes&Datefrom=01/Jan/1975&Dateto=now&SeriesCodes=IUDBEDR,IUMBV34,IUMBV37,IUMBV42,IUMBV45,IUM2WTL,IUM5WTL,IUMTLMV&UsingCodes=Y&VPD=Y&VFD=N",2026-08-10
2007-08-31,IUMTLMV,7.69,bank_of_england_iadb,"https://www.bankofengland.co.uk/boeapps/database/_iadb-fromshowcolumns.asp?csv.x=yes&Datefrom=01/Jan/1975&Dateto=now&SeriesCodes=IUDBEDR,IUMBV34,IUMBV37,IUMBV42,IUMBV45,IUM2WTL,IUM5WTL,IUMTLMV&UsingCodes=Y&VPD=Y&VFD=N",2026-08-10
2007-09-30,IUMBV34,6.05,bank_of_england_iadb,"https://www.bankofengland.co.uk/boeapps/database/_iadb-fromshowcolumns.asp?csv.x=yes&Datefrom=01/Jan/1975&Dateto=now&SeriesCodes=IUDBEDR,IUMBV34,IUMBV37,IUMBV42,IUMBV45,IUM2WTL,IUM5WTL,IUMTLMV&UsingCodes=Y&VPD=Y&VFD=N",2026-08-10
2007-09-30,IUMBV37,6.47,bank_of_england_iadb,"https://www.bankofengland.co.uk/boeapps/database/_iadb-fromshowcolumns.asp?csv.x=yes&Datefrom=01/Jan/1975&Dateto=now&SeriesCodes=IUDBEDR,IUMBV34,IUMBV37,IUMBV42,IUMBV45,IUM2WTL,IUM5WTL,IUMTLMV&UsingCodes=Y&VPD=Y&VFD=N",2026-08-10
2007-09-30,IUMBV42,6.19,bank_of_england_iadb,"https://www.bankofengland.co.uk/boeapps/database/_iadb-fromshowcolumns.asp?csv.x=yes&Datefrom=01/Jan/1975&Dateto=now&SeriesCodes=IUDBEDR,IUMBV34,IUMBV37,IUMBV42,IUMBV45,IUM2WTL,IUM5WTL,IUMTLMV&UsingCodes=Y&VPD=Y&VFD=N",2026-08-10
2007-09-30,IUMBV45,6.0,bank_of_england_iadb,"https://www.bankofengland.co.uk/boeapps/database/_iadb-fromshowcolumns.asp?csv.x=yes&Datefrom=01/Jan/1975&Dateto=now&SeriesCodes=IUDBEDR,IUMBV34,IUMBV37,IUMBV42,IUMBV45,IUM2WTL,IUM5WTL,IUMTLMV&UsingCodes=Y&VPD=Y&VFD=N",2026-08-10
2007-09-30,IUM2WTL,6.32,bank_of_england_iadb,"https://www.bankofengland.co.uk/boeapps/database/_iadb-fromshowcolumns.asp?csv.x=yes&Datefrom=01/Jan/1975&Dateto=now&SeriesCodes=IUDBEDR,IUMBV34,IUMBV37,IUMBV42,IUMBV45,IUM2WTL,IUM5WTL,IUMTLMV&UsingCodes=Y&VPD=Y&VFD=N",2026-08-10
2007-09-30,IUM5WTL,6.67,bank_of_england_iadb,"https://www.bankofengland.co.uk/boeapps/database/_iadb-fromshowcolumns.asp?csv.x=yes&Datefrom=01/Jan/1975&Dateto=now&SeriesCodes=IUDBEDR,IUMBV34,IUMBV37,IUMBV42,IUMBV45,IUM2WTL,IUM5WTL,IUMTLMV&UsingCodes=Y&VPD=Y&VFD=N",2026-08-10
2007-09-30,IUMTLMV,7.74,bank_of_england_iadb,"https://www.bankofengland.co.uk/boeapps/database/_iadb-fromshowcolumns.asp?csv.x=yes&Datefrom=01/Jan/1975&Dateto=now&SeriesCodes=IUDBEDR,IUMBV34,IUMBV37,IUMBV42,IUMBV45,IUM2WTL,IUM5WTL,IUMTLMV&UsingCodes=Y&VPD=Y&VFD=N",2026-08-10
2007-10-31,IUMBV34,6.11,bank_of_england_iadb,"https://www.bankofengland.co.uk/boeapps/database/_iadb-fromshowcolumns.asp?csv.x=yes&Datefrom=01/Jan/1975&Dateto=now&SeriesCodes=IUDBEDR,IUMBV34,IUMBV37,IUMBV42,IUMBV45,IUM2WTL,IUM5WTL,IUMTLMV&UsingCodes=Y&VPD=Y&VFD=N",2026-08-10
2007-10-31,IUMBV37,6.42,bank_of_england_iadb,"https://www.bankofengland.co.uk/boeapps/database/_iadb-fromshowcolumns.asp?csv.x=yes&Datefrom=01/Jan/1975&Dateto=now&SeriesCodes=IUDBEDR,IUMBV34,IUMBV37,IUMBV42,IUMBV45,IUM2WTL,IUM5WTL,IUMTLMV&UsingCodes=Y&VPD=Y&VFD=N",2026-08-10
2007-10-31,IUMBV42,6.23,bank_of_england_iadb,"https://www.bankofengland.co.uk/boeapps/database/_iadb-fromshowcolumns.asp?csv.x=yes&Datefrom=01/Jan/1975&Dateto=now&SeriesCodes=IUDBEDR,IUMBV34,IUMBV37,IUMBV42,IUMBV45,IUM2WTL,IUM5WTL,IUMTLMV&UsingCodes=Y&VPD=Y&VFD=N",2026-08-10
2007-10-31,IUMBV45,5.98,bank_of_england_iadb,"https://www.bankofengland.co.uk/boeapps/database/_iadb-fromshowcolumns.asp?csv.x=yes&Datefrom=01/Jan/1975&Dateto=now&SeriesCodes=IUDBEDR,IUMBV34,IUMBV37,IUMBV42,IUMBV45,IUM2WTL,IUM5WTL,IUMTLMV&UsingCodes=Y&VPD=Y&VFD=N",2026-08-10
2007-10-31,IUM2WTL,6.44,bank_of_england_iadb,"https://www.bankofengland.co.uk/boeapps/database/_iadb-fromshowcolumns.asp?csv.x=yes&Datefrom=01/Jan/1975&Dateto=now&SeriesCodes=IUDBEDR,IUMBV34,IUMBV37,IUMBV42,IUMBV45,IUM2WTL,IUM5WTL,IUMTLMV&UsingCodes=Y&VPD=Y&VFD=N",2026-08-10
2007-10-31,IUM5WTL,6.63,bank_of_england_iadb,"https://www.bankofengland.co.uk/boeapps/database/_iadb-fromshowcolumns.asp?csv.x=yes&Datefrom=01/Jan/1975&Dateto=now&SeriesCodes=IUDBEDR,IUMBV34,IUMBV37,IUMBV42,IUMBV45,IUM2WTL,IUM5WTL,IUMTLMV&UsingCodes=Y&VPD=Y&VFD=N",2026-08-10
2007-10-31,IUMTLMV,7.74,bank_of_england_iadb,"https://www.bankofengland.co.uk/boeapps/database/_iadb-fromshowcolumns.asp?csv.x=yes&Datefrom=01/Jan/1975&Dateto=now&SeriesCodes=IUDBEDR,IUMBV34,IUMBV37,IUMBV42,IUMBV45,IUM2WTL,IUM5WTL,IUMTLMV&UsingCodes=Y&VPD=Y&VFD=N",2026-08-10
2007-11-30,IUMBV34,6.09,bank_of_england_iadb,"https://www.bankofengland.co.uk/boeapps/database/_iadb-fromshowcolumns.asp?csv.x=yes&Datefrom=01/Jan/1975&Dateto=now&SeriesCodes=IUDBEDR,IUMBV34,IUMBV37,IUMBV42,IUMBV45,IUM2WTL,IUM5WTL,IUMTLMV&UsingCodes=Y&VPD=Y&VFD=N",2026-08-10
2007-11-30,IUMBV37,6.1,bank_of_england_iadb,"https://www.bankofengland.co.uk/boeapps/database/_iadb-fromshowcolumns.asp?csv.x=yes&Datefrom=01/Jan/1975&Dateto=now&SeriesCodes=IUDBEDR,IUMBV34,IUMBV37,IUMBV42,IUMBV45,IUM2WTL,IUM5WTL,IUMTLMV&UsingCodes=Y&VPD=Y&VFD=N",2026-08-10
2007-11-30,IUMBV42,6.02,bank_of_england_iadb,"https://www.bankofengland.co.uk/boeapps/database/_iadb-fromshowcolumns.asp?csv.x=yes&Datefrom=01/Jan/1975&Dateto=now&SeriesCodes=IUDBEDR,IUMBV34,IUMBV37,IUMBV42,IUMBV45,IUM2WTL,IUM5WTL,IUMTLMV&UsingCodes=Y&VPD=Y&VFD=N",2026-08-10
2007-11-30,IUMBV45,5.93,bank_of_england_iadb,"https://www.bankofengland.co.uk/boeapps/database/_iadb-fromshowcolumns.asp?csv.x=yes&Datefrom=01/Jan/1975&Dateto=now&SeriesCodes=IUDBEDR,IUMBV34,IUMBV37,IUMBV42,IUMBV45,IUM2WTL,IUM5WTL,IUMTLMV&UsingCodes=Y&VPD=Y&VFD=N",2026-08-10
2007-11-30,IUM2WTL,6.47,bank_of_england_iadb,"https://www.bankofengland.co.uk/boeapps/database/_iadb-fromshowcolumns.asp?csv.x=yes&Datefrom=01/Jan/1975&Dateto=now&SeriesCodes=IUDBEDR,IUMBV34,IUMBV37,IUMBV42,IUMBV45,IUM2WTL,IUM5WTL,IUMTLMV&UsingCodes=Y&VPD=Y&VFD=N",2026-08-10
2007-11-30,IUM5WTL,6.58,bank_of_england_iadb,"https://www.bankofengland.co.uk/boeapps/database/_iadb-fromshowcolumns.asp?csv.x=yes&Datefrom=01/Jan/1975&Dateto=now&SeriesCodes=IUDBEDR,IUMBV34,IUMBV37,IUMBV42,IUMBV45,IUM2WTL,IUM5WTL,IUMTLMV&UsingCodes=Y&VPD=Y&VFD=N",2026-08-10
2007-11-30,IUMTLMV,7.72,bank_of_england_iadb,"https://www.bankofengland.co.uk/boeapps/database/_iadb-fromshowcolumns.asp?csv.x=yes&Datefrom=01/Jan/1975&Dateto=now&SeriesCodes=IUDBEDR,IUMBV34,IUMBV37,IUMBV42,IUMBV45,IUM2WTL,IUM5WTL,IUMTLMV&UsingCodes=Y&VPD=Y&VFD=N",2026-08-10
2007-12-31,IUMBV34,6.06,bank_of_england_iadb,"https://www.bankofengland.co.uk/boeapps/database/_iadb-fromshowcolumns.asp?csv.x=yes&Datefrom=01/Jan/1975&Dateto=now&SeriesCodes=IUDBEDR,IUMBV34,IUMBV37,IUMBV42,IUMBV45,IUM2WTL,IUM5WTL,IUMTLMV&UsingCodes=Y&VPD=Y&VFD=N",2026-08-10
2007-12-31,IUMBV37,6.22,bank_of_england_iadb,"https://www.bankofengland.co.uk/boeapps/database/_iadb-fromshowcolumns.asp?csv.x=yes&Datefrom=01/Jan/1975&Dateto=now&SeriesCodes=IUDBEDR,IUMBV34,IUMBV37,IUMBV42,IUMBV45,IUM2WTL,IUM5WTL,IUMTLMV&UsingCodes=Y&VPD=Y&VFD=N",2026-08-10
2007-12-31,IUMBV42,5.97,bank_of_england_iadb,"https://www.bankofengland.co.uk/boeapps/database/_iadb-fromshowcolumns.asp?csv.x=yes&Datefrom=01/Jan/1975&Dateto=now&SeriesCodes=IUDBEDR,IUMBV34,IUMBV37,IUMBV42,IUMBV45,IUM2WTL,IUM5WTL,IUMTLMV&UsingCodes=Y&VPD=Y&VFD=N",2026-08-10
2007-12-31,IUMBV45,5.93,bank_of_england_iadb,"https://www.bankofengland.co.uk/boeapps/database/_iadb-fromshowcolumns.asp?csv.x=yes&Datefrom=01/Jan/1975&Dateto=now&SeriesCodes=IUDBEDR,IUMBV34,IUMBV37,IUMBV42,IUMBV45,IUM2WTL,IUM5WTL,IUMTLMV&UsingCodes=Y&VPD=Y&VFD=N",2026-08-10
2007-12-31,IUM2WTL,6.54,bank_of_england_iadb,"https://www.bankofengland.co.uk/boeapps/database/_iadb-fromshowcolumns.asp?csv.x=yes&Datefrom=01/Jan/1975&Dateto=now&SeriesCodes=IUDBEDR,IUMBV34,IUMBV37,IUMBV42,IUMBV45,IUM2WTL,IUM5WTL,IUMTLMV&UsingCodes=Y&VPD=Y&VFD=N",2026-08-10
2007-12-31,IUM5WTL,6.6,bank_of_england_iadb,"https://www.bankofengland.co.uk/boeapps/database/_iadb-fromshowcolumns.asp?csv.x=yes&Datefrom=01/Jan/1975&Dateto=now&SeriesCodes=IUDBEDR,IUMBV34,IUMBV37,IUMBV42,IUMBV45,IUM2WTL,IUM5WTL,IUMTLMV&UsingCodes=Y&VPD=Y&VFD=N",2026-08-10
2007-12-31,IUMTLMV,7.68,bank_of_england_iadb,"https://www.bankofengland.co.uk/boeapps/database/_iadb-fromshowcolumns.asp?csv.x=yes&Datefrom=01/Jan/1975&Dateto=now&SeriesCodes=IUDBEDR,IUMBV34,IUMBV37,IUMBV42,IUMBV45,IUM2WTL,IUM5WTL,IUMTLMV&UsingCodes=Y&VPD=Y&VFD=N",2026-08-10
2008-01-31,IUMBV34,5.97,bank_of_england_iadb,"https://www.bankofengland.co.uk/boeapps/database/_iadb-fromshowcolumns.asp?csv.x=yes&Datefrom=01/Jan/1975&Dateto=now&SeriesCodes=IUDBEDR,IUMBV34,IUMBV37,IUMBV42,IUMBV45,IUM2WTL,IUM5WTL,IUMTLMV&UsingCodes=Y&VPD=Y&VFD=N",2026-08-10
2008-01-31,IUMBV37,6.02,bank_of_england_iadb,"https://www.bankofengland.co.uk/boeapps/database/_iadb-fromshowcolumns.asp?csv.x=yes&Datefrom=01/Jan/1975&Dateto=now&SeriesCodes=IUDBEDR,IUMBV34,IUMBV37,IUMBV42,IUMBV45,IUM2WTL,IUM5WTL,IUMTLMV&UsingCodes=Y&VPD=Y&VFD=N",2026-08-10
2008-01-31,IUMBV42,5.91,bank_of_england_iadb,"https://www.bankofengland.co.uk/boeapps/database/_iadb-fromshowcolumns.asp?csv.x=yes&Datefrom=01/Jan/1975&Dateto=now&SeriesCodes=IUDBEDR,IUMBV34,IUMBV37,IUMBV42,IUMBV45,IUM2WTL,IUM5WTL,IUMTLMV&UsingCodes=Y&VPD=Y&VFD=N",2026-08-10
2008-01-31,IUMBV45,5.95,bank_of_england_iadb,"https://www.bankofengland.co.uk/boeapps/database/_iadb-fromshowcolumns.asp?csv.x=yes&Datefrom=01/Jan/1975&Dateto=now&SeriesCodes=IUDBEDR,IUMBV34,IUMBV37,IUMBV42,IUMBV45,IUM2WTL,IUM5WTL,IUMTLMV&UsingCodes=Y&VPD=Y&VFD=N",2026-08-10
2008-01-31,IUM2WTL,6.41,bank_of_england_iadb,"https://www.bankofengland.co.uk/boeapps/database/_iadb-fromshowcolumns.asp?csv.x=yes&Datefrom=01/Jan/1975&Dateto=now&SeriesCodes=IUDBEDR,IUMBV34,IUMBV37,IUMBV42,IUMBV45,IUM2WTL,IUM5WTL,IUMTLMV&UsingCodes=Y&VPD=Y&VFD=N",2026-08-10
2008-01-31,IUM5WTL,6.33,bank_of_england_iadb,"https://www.bankofengland.co.uk/boeapps/database/_iadb-fromshowcolumns.asp?csv.x=yes&Datefrom=01/Jan/1975&Dateto=now&SeriesCodes=IUDBEDR,IUMBV34,IUMBV37,IUMBV42,IUMBV45,IUM2WTL,IUM5WTL,IUMTLMV&UsingCodes=Y&VPD=Y&VFD=N",2026-08-10
2008-01-31,IUMTLMV,7.51,bank_of_england_iadb,"https://www.bankofengland.co.uk/boeapps/database/_iadb-fromshowcolumns.asp?csv.x=yes&Datefrom=01/Jan/1975&Dateto=now&SeriesCodes=IUDBEDR,IUMBV34,IUMBV37,IUMBV42,IUMBV45,IUM2WTL,IUM5WTL,IUMTLMV&UsingCodes=Y&VPD=Y&VFD=N",2026-08-10
2008-02-29,IUMBV34,5.74,bank_of_england_iadb,"https://www.bankofengland.co.uk/boeapps/database/_iadb-fromshowcolumns.asp?csv.x=yes&Datefrom=01/Jan/1975&Dateto=now&SeriesCodes=IUDBEDR,IUMBV34,IUMBV37,IUMBV42,IUMBV45,IUM2WTL,IUM5WTL,IUMTLMV&UsingCodes=Y&VPD=Y&VFD=N",2026-08-10
2008-02-29,IUMBV37,5.81,bank_of_england_iadb,"https://www.bankofengland.co.uk/boeapps/database/_iadb-fromshowcolumns.asp?csv.x=yes&Datefrom=01/Jan/1975&Dateto=now&SeriesCodes=IUDBEDR,IUMBV34,IUMBV37,IUMBV42,IUMBV45,IUM2WTL,IUM5WTL,IUMTLMV&UsingCodes=Y&VPD=Y&VFD=N",2026-08-10
2008-02-29,IUMBV42,5.68,bank_of_england_iadb,"https://www.bankofengland.co.uk/boeapps/database/_iadb-fromshowcolumns.asp?csv.x=yes&Datefrom=01/Jan/1975&Dateto=now&SeriesCodes=IUDBEDR,IUMBV34,IUMBV37,IUMBV42,IUMBV45,IUM2WTL,IUM5WTL,IUMTLMV&UsingCodes=Y&VPD=Y&VFD=N",2026-08-10
2008-02-29,IUMBV45,5.7,bank_of_england_iadb,"https://www.bankofengland.co.uk/boeapps/database/_iadb-fromshowcolumns.asp?csv.x=yes&Datefrom=01/Jan/1975&Dateto=now&SeriesCodes=IUDBEDR,IUMBV34,IUMBV37,IUMBV42,IUMBV45,IUM2WTL,IUM5WTL,IUMTLMV&UsingCodes=Y&VPD=Y&VFD=N",2026-08-10
2008-02-29,IUM2WTL,6.52,bank_of_england_iadb,"https://www.bankofengland.co.uk/boeapps/database/_iadb-fromshowcolumns.asp?csv.x=yes&Datefrom=01/Jan/1975&Dateto=now&SeriesCodes=IUDBEDR,IUMBV34,IUMBV37,IUMBV42,IUMBV45,IUM2WTL,IUM5WTL,IUMTLMV&UsingCodes=Y&VPD=Y&VFD=N",2026-08-10
2008-02-29,IUM5WTL,6.31,bank_of_england_iadb,"https://www.bankofengland.co.uk/boeapps/database/_iadb-fromshowcolumns.asp?csv.x=yes&Datefrom=01/Jan/1975&Dateto=now&SeriesCodes=IUDBEDR,IUMBV34,IUMBV37,IUMBV42,IUMBV45,IUM2WTL,IUM5WTL,IUMTLMV&UsingCodes=Y&VPD=Y&VFD=N",2026-08-10
2008-02-29,IUMTLMV,7.5,bank_of_england_iadb,"https://www.bankofengland.co.uk/boeapps/database/_iadb-fromshowcolumns.asp?csv.x=yes&Datefrom=01/Jan/1975&Dateto=now&SeriesCodes=IUDBEDR,IUMBV34,IUMBV37,IUMBV42,IUMBV45,IUM2WTL,IUM5WTL,IUMTLMV&UsingCodes=Y&VPD=Y&VFD=N",2026-08-10
2008-03-31,IUMBV34,5.8,bank_of_england_iadb,"https://www.bankofengland.co.uk/boeapps/database/_iadb-fromshowcolumns.asp?csv.x=yes&Datefrom=01/Jan/1975&Dateto=now&SeriesCodes=IUDBEDR,IUMBV34,IUMBV37,IUMBV42,IUMBV45,IUM2WTL,IUM5WTL,IUMTLMV&UsingCodes=Y&VPD=Y&VFD=N",2026-08-10
2008-03-31,IUMBV37,5.69,bank_of_england_iadb,"https://www.bankofengland.co.uk/boeapps/database/_iadb-fromshowcolumns.asp?csv.x=yes&Datefrom=01/Jan/1975&Dateto=now&SeriesCodes=IUDBEDR,IUMBV34,IUMBV37,IUMBV42,IUMBV45,IUM2WTL,IUM5WTL,IUMTLMV&UsingCodes=Y&VPD=Y&VFD=N",2026-08-10
2008-03-31,IUMBV42,5.7,bank_of_england_iadb,"https://www.bankofengland.co.uk/boeapps/database/_iadb-fromshowcolumns.asp?csv.x=yes&Datefrom=01/Jan/1975&Dateto=now&SeriesCodes=IUDBEDR,IUMBV34,IUMBV37,IUMBV42,IUMBV45,IUM2WTL,IUM5WTL,IUMTLMV&UsingCodes=Y&VPD=Y&VFD=N",2026-08-10
2008-03-31,IUMBV45,5.77,bank_of_england_iadb,"https://www.bankofengland.co.uk/boeapps/database/_iadb-fromshowcolumns.asp?csv.x=yes&Datefrom=01/Jan/1975&Dateto=now&SeriesCodes=IUDBEDR,IUMBV34,IUMBV37,IUMBV42,IUMBV45,IUM2WTL,IUM5WTL,IUMTLMV&UsingCodes=Y&VPD=Y&VFD=N",2026-08-10
2008-03-31,IUM2WTL,6.59,bank_of_england_iadb,"https://www.bankofengland.co.uk/boeapps/database/_iadb-fromshowcolumns.asp?csv.x=yes&Datefrom=01/Jan/1975&Dateto=now&SeriesCodes=IUDBEDR,IUMBV34,IUMBV37,IUMBV42,IUMBV45,IUM2WTL,IUM5WTL,IUMTLMV&UsingCodes=Y&VPD=Y&VFD=N",2026-08-10
2008-03-31,IUM5WTL,6.41,bank_of_england_iadb,"https://www.bankofengland.co.uk/boeapps/database/_iadb-fromshowcolumns.asp?csv.x=yes&Datefrom=01/Jan/1975&Dateto=now&SeriesCodes=IUDBEDR,IUMBV34,IUMBV37,IUMBV42,IUMBV45,IUM2WTL,IUM5WTL,IUMTLMV&UsingCodes=Y&VPD=Y&VFD=N",2026-08-10
2008-03-31,IUMTLMV,7.24,bank_of_england_iadb,"https://www.bankofengland.co.uk/boeapps/database/_iadb-fromshowcolumns.asp?csv.x=yes&Datefrom=01/Jan/1975&Dateto=now&SeriesCodes=IUDBEDR,IUMBV34,IUMBV37,IUMBV42,IUMBV45,IUM2WTL,IUM5WTL,IUMTLMV&UsingCodes=Y&VPD=Y&VFD=N",2026-08-10
2008-04-30,IUMBV34,6.06,bank_of_england_iadb,"https://www.bankofengland.co.uk/boeapps/database/_iadb-fromshowcolumns.asp?csv.x=yes&Datefrom=01/Jan/1975&Dateto=now&SeriesCodes=IUDBEDR,IUMBV34,IUMBV37,IUMBV42,IUMBV45,IUM2WTL,IUM5WTL,IUMTLMV&UsingCodes=Y&VPD=Y&VFD=N",2026-08-10
2008-04-30,IUMBV37,5.67,bank_of_england_iadb,"https://www.bankofengland.co.uk/boeapps/database/_iadb-fromshowcolumns.asp?csv.x=yes&Datefrom=01/Jan/1975&Dateto=now&SeriesCodes=IUDBEDR,IUMBV34,IUMBV37,IUMBV42,IUMBV45,IUM2WTL,IUM5WTL,IUMTLMV&UsingCodes=Y&VPD=Y&VFD=N",2026-08-10
2008-04-30,IUMBV42,5.85,bank_of_england_iadb,"https://www.bankofengland.co.uk/boeapps/database/_iadb-fromshowcolumns.asp?csv.x=yes&Datefrom=01/Jan/1975&Dateto=now&SeriesCodes=IUDBEDR,IUMBV34,IUMBV37,IUMBV42,IUMBV45,IUM2WTL,IUM5WTL,IUMTLMV&UsingCodes=Y&VPD=Y&VFD=N",2026-08-10
2008-04-30,IUMBV45,5.78,bank_of_england_iadb,"https://www.bankofengland.co.uk/boeapps/database/_iadb-fromshowcolumns.asp?csv.x=yes&Datefrom=01/Jan/1975&Dateto=now&SeriesCodes=IUDBEDR,IUMBV34,IUMBV37,IUMBV42,IUMBV45,IUM2WTL,IUM5WTL,IUMTLMV&UsingCodes=Y&VPD=Y&VFD=N",2026-08-10
2008-04-30,IUM2WTL,6.91,bank_of_england_iadb,"https://www.bankofengland.co.uk/boeapps/database/_iadb-fromshowcolumns.asp?csv.x=yes&Datefrom=01/Jan/1975&Dateto=now&SeriesCodes=IUDBEDR,IUMBV34,IUMBV37,IUMBV42,IUMBV45,IUM2WTL,IUM5WTL,IUMTLMV&UsingCodes=Y&VPD=Y&VFD=N",2026-08-10
2008-04-30,IUM5WTL,6.82,bank_of_england_iadb,"https://www.bankofengland.co.uk/boeapps/database/_iadb-fromshowcolumns.asp?csv.x=yes&Datefrom=01/Jan/1975&Dateto=now&SeriesCodes=IUDBEDR,IUMBV34,IUMBV37,IUMBV42,IUMBV45,IUM2WTL,IUM5WTL,IUMTLMV&UsingCodes=Y&VPD=Y&VFD=N",2026-08-10
2008-04-30,IUMTLMV,7.23,bank_of_england_iadb,"https://www.bankofengland.co.uk/boeapps/database/_iadb-fromshowcolumns.asp?csv.x=yes&Datefrom=01/Jan/1975&Dateto=now&SeriesCodes=IUDBEDR,IUMBV34,IUMBV37,IUMBV42,IUMBV45,IUM2WTL,IUM5WTL,IUMTLMV&UsingCodes=Y&VPD=Y&VFD=N",2026-08-10
2008-05-31,IUMBV34,6.26,bank_of_england_iadb,"https://www.bankofengland.co.uk/boeapps/database/_iadb-fromshowcolumns.asp?csv.x=yes&Datefrom=01/Jan/1975&Dateto=now&SeriesCodes=IUDBEDR,IUMBV34,IUMBV37,IUMBV42,IUMBV45,IUM2WTL,IUM5WTL,IUMTLMV&UsingCodes=Y&VPD=Y&VFD=N",2026-08-10
2008-05-31,IUMBV37,6.13,bank_of_england_iadb,"https://www.bankofengland.co.uk/boeapps/database/_iadb-fromshowcolumns.asp?csv.x=yes&Datefrom=01/Jan/1975&Dateto=now&SeriesCodes=IUDBEDR,IUMBV34,IUMBV37,IUMBV42,IUMBV45,IUM2WTL,IUM5WTL,IUMTLMV&UsingCodes=Y&VPD=Y&VFD=N",2026-08-10
2008-05-31,IUMBV42,6.11,bank_of_england_iadb,"https://www.bankofengland.co.uk/boeapps/database/_iadb-fromshowcolumns.asp?csv.x=yes&Datefrom=01/Jan/1975&Dateto=now&SeriesCodes=IUDBEDR,IUMBV34,IUMBV37,IUMBV42,IUMBV45,IUM2WTL,IUM5WTL,IUMTLMV&UsingCodes=Y&VPD=Y&VFD=N",2026-08-10
2008-05-31,IUMBV45,6.18,bank_of_england_iadb,"https://www.bankofengland.co.uk/boeapps/database/_iadb-fromshowcolumns.asp?csv.x=yes&Datefrom=01/Jan/1975&Dateto=now&SeriesCodes=IUDBEDR,IUMBV34,IUMBV37,IUMBV42,IUMBV45,IUM2WTL,IUM5WTL,IUMTLMV&UsingCodes=Y&VPD=Y&VFD=N",2026-08-10
2008-05-31,IUM5WTL,6.98,bank_of_england_iadb,"https://www.bankofengland.co.uk/boeapps/database/_iadb-fromshowcolumns.asp?csv.x=yes&Datefrom=01/Jan/1975&Dateto=now&SeriesCodes=IUDBEDR,IUMBV34,IUMBV37,IUMBV42,IUMBV45,IUM2WTL,IUM5WTL,IUMTLMV&UsingCodes=Y&VPD=Y&VFD=N",2026-08-10
2008-05-31,IUMTLMV,6.95,bank_of_england_iadb,"https://www.bankofengland.co.uk/boeapps/database/_iadb-fromshowcolumns.asp?csv.x=yes&Datefrom=01/Jan/1975&Dateto=now&SeriesCodes=IUDBEDR,IUMBV34,IUMBV37,IUMBV42,IUMBV45,IUM2WTL,IUM5WTL,IUMTLMV&UsingCodes=Y&VPD=Y&VFD=N",2026-08-10
2008-06-30,IUMBV34,6.6,bank_of_england_iadb,"https://www.bankofengland.co.uk/boeapps/database/_iadb-fromshowcolumns.asp?csv.x=yes&Datefrom=01/Jan/1975&Dateto=now&SeriesCodes=IUDBEDR,IUMBV34,IUMBV37,IUMBV42,IUMBV45,IUM2WTL,IUM5WTL,IUMTLMV&UsingCodes=Y&VPD=Y&VFD=N",2026-08-10
2008-06-30,IUMBV37,6.39,bank_of_england_iadb,"https://www.bankofengland.co.uk/boeapps/database/_iadb-fromshowcolumns.asp?csv.x=yes&Datefrom=01/Jan/1975&Dateto=now&SeriesCodes=IUDBEDR,IUMBV34,IUMBV37,IUMBV42,IUMBV45,IUM2WTL,IUM5WTL,IUMTLMV&UsingCodes=Y&VPD=Y&VFD=N",2026-08-10
2008-06-30,IUMBV42,6.4,bank_of_england_iadb,"https://www.bankofengland.co.uk/boeapps/database/_iadb-fromshowcolumns.asp?csv.x=yes&Datefrom=01/Jan/1975&Dateto=now&SeriesCodes=IUDBEDR,IUMBV34,IUMBV37,IUMBV42,IUMBV45,IUM2WTL,IUM5WTL,IUMTLMV&UsingCodes=Y&VPD=Y&VFD=N",2026-08-10
2008-06-30,IUMBV45,6.46,bank_of_england_iadb,"https://www.bankofengland.co.uk/boeapps/database/_iadb-fromshowcolumns.asp?csv.x=yes&Datefrom=01/Jan/1975&Dateto=now&SeriesCodes=IUDBEDR,IUMBV34,IUMBV37,IUMBV42,IUMBV45,IUM2WTL,IUM5WTL,IUMTLMV&UsingCodes=Y&VPD=Y&VFD=N",2026-08-10
2008-06-30,IUM5WTL,7.13,bank_of_england_iadb,"https://www.bankofengland.co.uk/boeapps/database/_iadb-fromshowcolumns.asp?csv.x=yes&Datefrom=01/Jan/1975&Dateto=now&SeriesCodes=IUDBEDR,IUMBV34,IUMBV37,IUMBV42,IUMBV45,IUM2WTL,IUM5WTL,IUMTLMV&UsingCodes=Y&VPD=Y&VFD=N",2026-08-10
2008-06-30,IUMTLMV,6.92,bank_of_england_iadb,"https://www.bankofengland.co.uk/boeapps/database/_iadb-fromshowcolumns.asp?csv.x=yes&Datefrom=01/Jan/1975&Dateto=now&SeriesCodes=IUDBEDR,IUMBV34,IUMBV37,IUMBV42,IUMBV45,IUM2WTL,IUM5WTL,IUMTLMV&UsingCodes=Y&VPD=Y&VFD=N",2026-08-10
2008-07-31,IUMBV34,6.35,bank_of_england_iadb,"https://www.bankofengland.co.uk/boeapps/database/_iadb-fromshowcolumns.asp?csv.x=yes&Datefrom=01/Jan/1975&Dateto=now&SeriesCodes=IUDBEDR,IUMBV34,IUMBV37,IUMBV42,IUMBV45,IUM2WTL,IUM5WTL,IUMTLMV&UsingCodes=Y&VPD=Y&VFD=N",2026-08-10
2008-07-31,IUMBV37,6.39,bank_of_england_iadb,"https://www.bankofengland.co.uk/boeapps/database/_iadb-fromshowcolumns.asp?csv.x=yes&Datefrom=01/Jan/1975&Dateto=now&SeriesCodes=IUDBEDR,IUMBV34,IUMBV37,IUMBV42,IUMBV45,IUM2WTL,IUM5WTL,IUMTLMV&UsingCodes=Y&VPD=Y&VFD=N",2026-08-10
2008-07-31,IUMBV42,6.37,bank_of_england_iadb,"https://www.bankofengland.co.uk/boeapps/database/_iadb-fromshowcolumns.asp?csv.x=yes&Datefrom=01/Jan/1975&Dateto=now&SeriesCodes=IUDBEDR,IUMBV34,IUMBV37,IUMBV42,IUMBV45,IUM2WTL,IUM5WTL,IUMTLMV&UsingCodes=Y&VPD=Y&VFD=N",2026-08-10
2008-07-31,IUMBV45,6.44,bank_of_england_iadb,"https://www.bankofengland.co.uk/boeapps/database/_iadb-fromshowcolumns.asp?csv.x=yes&Datefrom=01/Jan/1975&Dateto=now&SeriesCodes=IUDBEDR,IUMBV34,IUMBV37,IUMBV42,IUMBV45,IUM2WTL,IUM5WTL,IUMTLMV&UsingCodes=Y&VPD=Y&VFD=N",2026-08-10
2008-07-31,IUM5WTL,7.14,bank_of_england_iadb,"https://www.bankofengland.co.uk/boeapps/database/_iadb-fromshowcolumns.asp?csv.x=yes&Datefrom=01/Jan/1975&Dateto=now&SeriesCodes=IUDBEDR,IUMBV34,IUMBV37,IUMBV42,IUMBV45,IUM2WTL,IUM5WTL,IUMTLMV&UsingCodes=Y&VPD=Y&VFD=N",2026-08-10
2008-07-31,IUMTLMV,6.92,bank_of_england_iadb,"https://www.bankofengland.co.uk/boeapps/database/_iadb-fromshowcolumns.asp?csv.x=yes&Datefrom=01/Jan/1975&Dateto=now&SeriesCodes=IUDBEDR,IUMBV34,IUMBV37,IUMBV42,IUMBV45,IUM2WTL,IUM5WTL,IUMTLMV&UsingCodes=Y&VPD=Y&VFD=N",2026-08-10
2008-08-31,IUMBV34,6.08,bank_of_england_iadb,"https://www.bankofengland.co.uk/boeapps/database/_iadb-fromshowcolumns.asp?csv.x=yes&Datefrom=01/Jan/1975&Dateto=now&SeriesCodes=IUDBEDR,IUMBV34,IUMBV37,IUMBV42,IUMBV45,IUM2WTL,IUM5WTL,IUMTLMV&UsingCodes=Y&VPD=Y&VFD=N",2026-08-10
2008-08-31,IUMBV37,6.06,bank_of_england_iadb,"https://www.bankofengland.co.uk/boeapps/database/_iadb-fromshowcolumns.asp?csv.x=yes&Datefrom=01/Jan/1975&Dateto=now&SeriesCodes=IUDBEDR,IUMBV34,IUMBV37,IUMBV42,IUMBV45,IUM2WTL,IUM5WTL,IUMTLMV&UsingCodes=Y&VPD=Y&VFD=N",2026-08-10
2008-08-31,IUMBV42,6.09,bank_of_england_iadb,"https://www.bankofengland.co.uk/boeapps/database/_iadb-fromshowcolumns.asp?csv.x=yes&Datefrom=01/Jan/1975&Dateto=now&SeriesCodes=IUDBEDR,IUMBV34,IUMBV37,IUMBV42,IUMBV45,IUM2WTL,IUM5WTL,IUMTLMV&UsingCodes=Y&VPD=Y&VFD=N",2026-08-10
2008-08-31,IUMBV45,6.24,bank_of_england_iadb,"https://www.bankofengland.co.uk/boeapps/database/_iadb-fromshowcolumns.asp?csv.x=yes&Datefrom=01/Jan/1975&Dateto=now&SeriesCodes=IUDBEDR,IUMBV34,IUMBV37,IUMBV42,IUMBV45,IUM2WTL,IUM5WTL,IUMTLMV&UsingCodes=Y&VPD=Y&VFD=N",2026-08-10
2008-08-31,IUM5WTL,7.1,bank_of_england_iadb,"https://www.bankofengland.co.uk/boeapps/database/_iadb-fromshowcolumns.asp?csv.x=yes&Datefrom=01/Jan/1975&Dateto=now&SeriesCodes=IUDBEDR,IUMBV34,IUMBV37,IUMBV42,IUMBV45,IUM2WTL,IUM5WTL,IUMTLMV&UsingCodes=Y&VPD=Y&VFD=N",2026-08-10
2008-08-31,IUMTLMV,6.93,bank_of_england_iadb,"https://www.bankofengland.co.uk/boeapps/database/_iadb-fromshowcolumns.asp?csv.x=yes&Datefrom=01/Jan/1975&Dateto=now&SeriesCodes=IUDBEDR,IUMBV34,IUMBV37,IUMBV42,IUMBV45,IUM2WTL,IUM5WTL,IUMTLMV&UsingCodes=Y&VPD=Y&VFD=N",2026-08-10
2008-09-30,IUMBV34,5.96,bank_of_england_iadb,"https://www.bankofengland.co.uk/boeapps/database/_iadb-fromshowcolumns.asp?csv.x=yes&Datefrom=01/Jan/1975&Dateto=now&SeriesCodes=IUDBEDR,IUMBV34,IUMBV37,IUMBV42,IUMBV45,IUM2WTL,IUM5WTL,IUMTLMV&UsingCodes=Y&VPD=Y&VFD=N",2026-08-10
2008-09-30,IUMBV37,5.86,bank_of_england_iadb,"https://www.bankofengland.co.uk/boeapps/database/_iadb-fromshowcolumns.asp?csv.x=yes&Datefrom=01/Jan/1975&Dateto=now&SeriesCodes=IUDBEDR,IUMBV34,IUMBV37,IUMBV42,IUMBV45,IUM2WTL,IUM5WTL,IUMTLMV&UsingCodes=Y&VPD=Y&VFD=N",2026-08-10
2008-09-30,IUMBV42,5.84,bank_of_england_iadb,"https://www.bankofengland.co.uk/boeapps/database/_iadb-fromshowcolumns.asp?csv.x=yes&Datefrom=01/Jan/1975&Dateto=now&SeriesCodes=IUDBEDR,IUMBV34,IUMBV37,IUMBV42,IUMBV45,IUM2WTL,IUM5WTL,IUMTLMV&UsingCodes=Y&VPD=Y&VFD=N",2026-08-10
2008-09-30,IUMBV45,6.04,bank_of_england_iadb,"https://www.bankofengland.co.uk/boeapps/database/_iadb-fromshowcolumns.asp?csv.x=yes&Datefrom=01/Jan/1975&Dateto=now&SeriesCodes=IUDBEDR,IUMBV34,IUMBV37,IUMBV42,IUMBV45,IUM2WTL,IUM5WTL,IUMTLMV&UsingCodes=Y&VPD=Y&VFD=N",2026-08-10
2008-09-30,IUM5WTL,7.1,bank_of_england_iadb,"https://www.bankofengland.co.uk/boeapps/database/_iadb-fromshowcolumns.asp?csv.x=yes&Datefrom=01/Jan/1975&Dateto=now&SeriesCodes=IUDBEDR,IUMBV34,IUMBV37,IUMBV42,IUMBV45,IUM2WTL,IUM5WTL,IUMTLMV&UsingCodes=Y&VPD=Y&VFD=N",2026-08-10
2008-09-30,IUMTLMV,6.95,bank_of_england_iadb,"https://www.bankofengland.co.uk/boeapps/database/_iadb-fromshowcolumns.asp?csv.x=yes&Datefrom=01/Jan/1975&Dateto=now&SeriesCodes=IUDBEDR,IUMBV34,IUMBV37,IUMBV42,IUMBV45,IUM2WTL,IUM5WTL,IUMTLMV&UsingCodes=Y&VPD=Y&VFD=N",2026-08-10
2008-10-31,IUMBV34,5.83,bank_of_england_iadb,"https://www.bankofengland.co.uk/boeapps/database/_iadb-fromshowcolumns.asp?csv.x=yes&Datefrom=01/Jan/1975&Dateto=now&SeriesCodes=IUDBEDR,IUMBV34,IUMBV37,IUMBV42,IUMBV45,IUM2WTL,IUM5WTL,IUMTLMV&UsingCodes=Y&VPD=Y&VFD=N",2026-08-10
2008-10-31,IUMBV37,5.95,bank_of_england_iadb,"https://www.bankofengland.co.uk/boeapps/database/_iadb-fromshowcolumns.asp?csv.x=yes&Datefrom=01/Jan/1975&Dateto=now&SeriesCodes=IUDBEDR,IUMBV34,IUMBV37,IUMBV42,IUMBV45,IUM2WTL,IUM5WTL,IUMTLMV&UsingCodes=Y&VPD=Y&VFD=N",2026-08-10
2008-10-31,IUMBV42,5.88,bank_of_england_iadb,"https://www.bankofengland.co.uk/boeapps/database/_iadb-fromshowcolumns.asp?csv.x=yes&Datefrom=01/Jan/1975&Dateto=now&SeriesCodes=IUDBEDR,IUMBV34,IUMBV37,IUMBV42,IUMBV45,IUM2WTL,IUM5WTL,IUMTLMV&UsingCodes=Y&VPD=Y&VFD=N",2026-08-10
2008-10-31,IUMBV45,6.2,bank_of_england_iadb,"https://www.bankofengland.co.uk/boeapps/database/_iadb-fromshowcolumns.asp?csv.x=yes&Datefrom=01/Jan/1975&Dateto=now&SeriesCodes=IUDBEDR,IUMBV34,IUMBV37,IUMBV42,IUMBV45,IUM2WTL,IUM5WTL,IUMTLMV&UsingCodes=Y&VPD=Y&VFD=N",2026-08-10
2008-10-31,IUMTLMV,6.91,bank_of_england_iadb,"https://www.bankofengland.co.uk/boeapps/database/_iadb-fromshowcolumns.asp?csv.x=yes&Datefrom=01/Jan/1975&Dateto=now&SeriesCodes=IUDBEDR,IUMBV34,IUMBV37,IUMBV42,IUMBV45,IUM2WTL,IUM5WTL,IUMTLMV&UsingCodes=Y&VPD=Y&VFD=N",2026-08-10
2008-11-30,IUMBV34,5.1,bank_of_england_iadb,"https://www.bankofengland.co.uk/boeapps/database/_iadb-fromshowcolumns.asp?csv.x=yes&Datefrom=01/Jan/1975&Dateto=now&SeriesCodes=IUDBEDR,IUMBV34,IUMBV37,IUMBV42,IUMBV45,IUM2WTL,IUM5WTL,IUMTLMV&UsingCodes=Y&VPD=Y&VFD=N",2026-08-10
2008-11-30,IUMBV37,5.47,bank_of_england_iadb,"https://www.bankofengland.co.uk/boeapps/database/_iadb-fromshowcolumns.asp?csv.x=yes&Datefrom=01/Jan/1975&Dateto=now&SeriesCodes=IUDBEDR,IUMBV34,IUMBV37,IUMBV42,IUMBV45,IUM2WTL,IUM5WTL,IUMTLMV&UsingCodes=Y&VPD=Y&VFD=N",2026-08-10
2008-11-30,IUMBV42,5.47,bank_of_england_iadb,"https://www.bankofengland.co.uk/boeapps/database/_iadb-fromshowcolumns.asp?csv.x=yes&Datefrom=01/Jan/1975&Dateto=now&SeriesCodes=IUDBEDR,IUMBV34,IUMBV37,IUMBV42,IUMBV45,IUM2WTL,IUM5WTL,IUMTLMV&UsingCodes=Y&VPD=Y&VFD=N",2026-08-10
2008-11-30,IUMBV45,5.85,bank_of_england_iadb,"https://www.bankofengland.co.uk/boeapps/database/_iadb-fromshowcolumns.asp?csv.x=yes&Datefrom=01/Jan/1975&Dateto=now&SeriesCodes=IUDBEDR,IUMBV34,IUMBV37,IUMBV42,IUMBV45,IUM2WTL,IUM5WTL,IUMTLMV&UsingCodes=Y&VPD=Y&VFD=N",2026-08-10
2008-11-30,IUMTLMV,6.34,bank_of_england_iadb,"https://www.bankofengland.co.uk/boeapps/database/_iadb-fromshowcolumns.asp?csv.x=yes&Datefrom=01/Jan/1975&Dateto=now&SeriesCodes=IUDBEDR,IUMBV34,IUMBV37,IUMBV42,IUMBV45,IUM2WTL,IUM5WTL,IUMTLMV&UsingCodes=Y&VPD=Y&VFD=N",2026-08-10
2008-12-31,IUMBV34,4.77,bank_of_england_iadb,"https://www.bankofengland.co.uk/boeapps/database/_iadb-fromshowcolumns.asp?csv.x=yes&Datefrom=01/Jan/1975&Dateto=now&SeriesCodes=IUDBEDR,IUMBV34,IUMBV37,IUMBV42,IUMBV45,IUM2WTL,IUM5WTL,IUMTLMV&UsingCodes=Y&VPD=Y&VFD=N",2026-08-10
2008-12-31,IUMBV37,5.11,bank_of_england_iadb,"https://www.bankofengland.co.uk/boeapps/database/_iadb-fromshowcolumns.asp?csv.x=yes&Datefrom=01/Jan/1975&Dateto=now&SeriesCodes=IUDBEDR,IUMBV34,IUMBV37,IUMBV42,IUMBV45,IUM2WTL,IUM5WTL,IUMTLMV&UsingCodes=Y&VPD=Y&VFD=N",2026-08-10
2008-12-31,IUMBV42,5.28,bank_of_england_iadb,"https://www.bankofengland.co.uk/boeapps/database/_iadb-fromshowcolumns.asp?csv.x=yes&Datefrom=01/Jan/1975&Dateto=now&SeriesCodes=IUDBEDR,IUMBV34,IUMBV37,IUMBV42,IUMBV45,IUM2WTL,IUM5WTL,IUMTLMV&UsingCodes=Y&VPD=Y&VFD=N",2026-08-10
2008-12-31,IUMBV45,5.72,bank_of_england_iadb,"https://www.bankofengland.co.uk/boeapps/database/_iadb-fromshowcolumns.asp?csv.x=yes&Datefrom=01/Jan/1975&Dateto=now&SeriesCodes=IUDBEDR,IUMBV34,IUMBV37,IUMBV42,IUMBV45,IUM2WTL,IUM5WTL,IUMTLMV&UsingCodes=Y&VPD=Y&VFD=N",2026-08-10
2008-12-31,IUMTLMV,5.38,bank_of_england_iadb,"https://www.bankofengland.co.uk/boeapps/database/_iadb-fromshowcolumns.asp?csv.x=yes&Datefrom=01/Jan/1975&Dateto=now&SeriesCodes=IUDBEDR,IUMBV34,IUMBV37,IUMBV42,IUMBV45,IUM2WTL,IUM5WTL,IUMTLMV&UsingCodes=Y&VPD=Y&VFD=N",2026-08-10
2009-01-31,IUMBV34,4.35,bank_of_england_iadb,"https://www.bankofengland.co.uk/boeapps/database/_iadb-fromshowcolumns.asp?csv.x=yes&Datefrom=01/Jan/1975&Dateto=now&SeriesCodes=IUDBEDR,IUMBV34,IUMBV37,IUMBV42,IUMBV45,IUM2WTL,IUM5WTL,IUMTLMV&UsingCodes=Y&VPD=Y&VFD=N",2026-08-10
2009-01-31,IUMBV37,4.76,bank_of_england_iadb,"https://www.bankofengland.co.uk/boeapps/database/_iadb-fromshowcolumns.asp?csv.x=yes&Datefrom=01/Jan/1975&Dateto=now&SeriesCodes=IUDBEDR,IUMBV34,IUMBV37,IUMBV42,IUMBV45,IUM2WTL,IUM5WTL,IUMTLMV&UsingCodes=Y&VPD=Y&VFD=N",2026-08-10
2009-01-31,IUMBV42,4.94,bank_of_england_iadb,"https://www.bankofengland.co.uk/boeapps/database/_iadb-fromshowcolumns.asp?csv.x=yes&Datefrom=01/Jan/1975&Dateto=now&SeriesCodes=IUDBEDR,IUMBV34,IUMBV37,IUMBV42,IUMBV45,IUM2WTL,IUM5WTL,IUMTLMV&UsingCodes=Y&VPD=Y&VFD=N",2026-08-10
2009-01-31,IUMBV45,5.47,bank_of_england_iadb,"https://www.bankofengland.co.uk/boeapps/database/_iadb-fromshowcolumns.asp?csv.x=yes&Datefrom=01/Jan/1975&Dateto=now&SeriesCodes=IUDBEDR,IUMBV34,IUMBV37,IUMBV42,IUMBV45,IUM2WTL,IUM5WTL,IUMTLMV&UsingCodes=Y&VPD=Y&VFD=N",2026-08-10
2009-01-31,IUMTLMV,4.73,bank_of_england_iadb,"https://www.bankofengland.co.uk/boeapps/database/_iadb-fromshowcolumns.asp?csv.x=yes&Datefrom=01/Jan/1975&Dateto=now&SeriesCodes=IUDBEDR,IUMBV34,IUMBV37,IUMBV42,IUMBV45,IUM2WTL,IUM5WTL,IUMTLMV&UsingCodes=Y&VPD=Y&VFD=N",2026-08-10
2009-02-28,IUMBV34,4.35,bank_of_england_iadb,"https://www.bankofengland.co.uk/boeapps/database/_iadb-fromshowcolumns.asp?csv.x=yes&Datefrom=01/Jan/1975&Dateto=now&SeriesCodes=IUDBEDR,IUMBV34,IUMBV37,IUMBV42,IUMBV45,IUM2WTL,IUM5WTL,IUMTLMV&UsingCodes=Y&VPD=Y&VFD=N",2026-08-10
2009-02-28,IUMBV37,4.56,bank_of_england_iadb,"https://www.bankofengland.co.uk/boeapps/database/_iadb-fromshowcolumns.asp?csv.x=yes&Datefrom=01/Jan/1975&Dateto=now&SeriesCodes=IUDBEDR,IUMBV34,IUMBV37,IUMBV42,IUMBV45,IUM2WTL,IUM5WTL,IUMTLMV&UsingCodes=Y&VPD=Y&VFD=N",2026-08-10
2009-02-28,IUMBV42,4.97,bank_of_england_iadb,"https://www.bankofengland.co.uk/boeapps/database/_iadb-fromshowcolumns.asp?csv.x=yes&Datefrom=01/Jan/1975&Dateto=now&SeriesCodes=IUDBEDR,IUMBV34,IUMBV37,IUMBV42,IUMBV45,IUM2WTL,IUM5WTL,IUMTLMV&UsingCodes=Y&VPD=Y&VFD=N",2026-08-10
2009-02-28,IUMBV45,5.55,bank_of_england_iadb,"https://www.bankofengland.co.uk/boeapps/database/_iadb-fromshowcolumns.asp?csv.x=yes&Datefrom=01/Jan/1975&Dateto=now&SeriesCodes=IUDBEDR,IUMBV34,IUMBV37,IUMBV42,IUMBV45,IUM2WTL,IUM5WTL,IUMTLMV&UsingCodes=Y&VPD=Y&VFD=N",2026-08-10
2009-02-28,IUMTLMV,4.38,bank_of_england_iadb,"https://www.bankofengland.co.uk/boeapps/database/_iadb-fromshowcolumns.asp?csv.x=yes&Datefrom=01/Jan/1975&Dateto=now&SeriesCodes=IUDBEDR,IUMBV34,IUMBV37,IUMBV42,IUMBV45,IUM2WTL,IUM5WTL,IUMTLMV&UsingCodes=Y&VPD=Y&VFD=N",2026-08-10
2009-03-31,IUMBV34,3.98,bank_of_england_iadb,"https://www.bankofengland.co.uk/boeapps/database/_iadb-fromshowcolumns.asp?csv.x=yes&Datefrom=01/Jan/1975&Dateto=now&SeriesCodes=IUDBEDR,IUMBV34,IUMBV37,IUMBV42,IUMBV45,IUM2WTL,IUM5WTL,IUMTLMV&UsingCodes=Y&VPD=Y&VFD=N",2026-08-10
2009-03-31,IUMBV37,4.41,bank_of_england_iadb,"https://www.bankofengland.co.uk/boeapps/database/_iadb-fromshowcolumns.asp?csv.x=yes&Datefrom=01/Jan/1975&Dateto=now&SeriesCodes=IUDBEDR,IUMBV34,IUMBV37,IUMBV42,IUMBV45,IUM2WTL,IUM5WTL,IUMTLMV&UsingCodes=Y&VPD=Y&VFD=N",2026-08-10
2009-03-31,IUMBV42,4.95,bank_of_england_iadb,"https://www.bankofengland.co.uk/boeapps/database/_iadb-fromshowcolumns.asp?csv.x=yes&Datefrom=01/Jan/1975&Dateto=now&SeriesCodes=IUDBEDR,IUMBV34,IUMBV37,IUMBV42,IUMBV45,IUM2WTL,IUM5WTL,IUMTLMV&UsingCodes=Y&VPD=Y&VFD=N",2026-08-10
2009-03-31,IUMBV45,5.65,bank_of_england_iadb,"https://www.bankofengland.co.uk/boeapps/database/_iadb-fromshowcolumns.asp?csv.x=yes&Datefrom=01/Jan/1975&Dateto=now&SeriesCodes=IUDBEDR,IUMBV34,IUMBV37,IUMBV42,IUMBV45,IUM2WTL,IUM5WTL,IUMTLMV&UsingCodes=Y&VPD=Y&VFD=N",2026-08-10
2009-03-31,IUMTLMV,4.06,bank_of_england_iadb,"https://www.bankofengland.co.uk/boeapps/database/_iadb-fromshowcolumns.asp?csv.x=yes&Datefrom=01/Jan/1975&Dateto=now&SeriesCodes=IUDBEDR,IUMBV34,IUMBV37,IUMBV42,IUMBV45,IUM2WTL,IUM5WTL,IUMTLMV&UsingCodes=Y&VPD=Y&VFD=N",2026-08-10
2009-04-30,IUMBV34,4.02,bank_of_england_iadb,"https://www.bankofengland.co.uk/boeapps/database/_iadb-fromshowcolumns.asp?csv.x=yes&Datefrom=01/Jan/1975&Dateto=now&SeriesCodes=IUDBEDR,IUMBV34,IUMBV37,IUMBV42,IUMBV45,IUM2WTL,IUM5WTL,IUMTLMV&UsingCodes=Y&VPD=Y&VFD=N",2026-08-10
2009-04-30,IUMBV37,4.3,bank_of_england_iadb,"https://www.bankofengland.co.uk/boeapps/database/_iadb-fromshowcolumns.asp?csv.x=yes&Datefrom=01/Jan/1975&Dateto=now&SeriesCodes=IUDBEDR,IUMBV34,IUMBV37,IUMBV42,IUMBV45,IUM2WTL,IUM5WTL,IUMTLMV&UsingCodes=Y&VPD=Y&VFD=N",2026-08-10
2009-04-30,IUMBV42,4.88,bank_of_england_iadb,"https://www.bankofengland.co.uk/boeapps/database/_iadb-fromshowcolumns.asp?csv.x=yes&Datefrom=01/Jan/1975&Dateto=now&SeriesCodes=IUDBEDR,IUMBV34,IUMBV37,IUMBV42,IUMBV45,IUM2WTL,IUM5WTL,IUMTLMV&UsingCodes=Y&VPD=Y&VFD=N",2026-08-10
2009-04-30,IUMBV45,5.64,bank_of_england_iadb,"https://www.bankofengland.co.uk/boeapps/database/_iadb-fromshowcolumns.asp?csv.x=yes&Datefrom=01/Jan/1975&Dateto=now&SeriesCodes=IUDBEDR,IUMBV34,IUMBV37,IUMBV42,IUMBV45,IUM2WTL,IUM5WTL,IUMTLMV&UsingCodes=Y&VPD=Y&VFD=N",2026-08-10
2009-04-30,IUMTLMV,3.82,bank_of_england_iadb,"https://www.bankofengland.co.uk/boeapps/database/_iadb-fromshowcolumns.asp?csv.x=yes&Datefrom=01/Jan/1975&Dateto=now&SeriesCodes=IUDBEDR,IUMBV34,IUMBV37,IUMBV42,IUMBV45,IUM2WTL,IUM5WTL,IUMTLMV&UsingCodes=Y&VPD=Y&VFD=N",2026-08-10
2009-05-31,IUMBV34,3.98,bank_of_england_iadb,"https://www.bankofengland.co.uk/boeapps/database/_iadb-fromshowcolumns.asp?csv.x=yes&Datefrom=01/Jan/1975&Dateto=now&SeriesCodes=IUDBEDR,IUMBV34,IUMBV37,IUMBV42,IUMBV45,IUM2WTL,IUM5WTL,IUMTLMV&UsingCodes=Y&VPD=Y&VFD=N",2026-08-10
2009-05-31,IUMBV37,4.29,bank_of_england_iadb,"https://www.bankofengland.co.uk/boeapps/database/_iadb-fromshowcolumns.asp?csv.x=yes&Datefrom=01/Jan/1975&Dateto=now&SeriesCodes=IUDBEDR,IUMBV34,IUMBV37,IUMBV42,IUMBV45,IUM2WTL,IUM5WTL,IUMTLMV&UsingCodes=Y&VPD=Y&VFD=N",2026-08-10
2009-05-31,IUMBV42,4.93,bank_of_england_iadb,"https://www.bankofengland.co.uk/boeapps/database/_iadb-fromshowcolumns.asp?csv.x=yes&Datefrom=01/Jan/1975&Dateto=now&SeriesCodes=IUDBEDR,IUMBV34,IUMBV37,IUMBV42,IUMBV45,IUM2WTL,IUM5WTL,IUMTLMV&UsingCodes=Y&VPD=Y&VFD=N",2026-08-10
2009-05-31,IUMBV45,5.64,bank_of_england_iadb,"https://www.bankofengland.co.uk/boeapps/database/_iadb-fromshowcolumns.asp?csv.x=yes&Datefrom=01/Jan/1975&Dateto=now&SeriesCodes=IUDBEDR,IUMBV34,IUMBV37,IUMBV42,IUMBV45,IUM2WTL,IUM5WTL,IUMTLMV&UsingCodes=Y&VPD=Y&VFD=N",2026-08-10
2009-05-31,IUMTLMV,3.83,bank_of_england_iadb,"https://www.bankofengland.co.uk/boeapps/database/_iadb-fromshowcolumns.asp?csv.x=yes&Datefrom=01/Jan/1975&Dateto=now&SeriesCodes=IUDBEDR,IUMBV34,IUMBV37,IUMBV42,IUMBV45,IUM2WTL,IUM5WTL,IUMTLMV&UsingCodes=Y&VPD=Y&VFD=N",2026-08-10
2009-06-30,IUMBV34,4.45,bank_of_england_iadb,"https://www.bankofengland.co.uk/boeapps/database/_iadb-fromshowcolumns.asp?csv.x=yes&Datefrom=01/Jan/1975&Dateto=now&SeriesCodes=IUDBEDR,IUMBV34,IUMBV37,IUMBV42,IUMBV45,IUM2WTL,IUM5WTL,IUMTLMV&UsingCodes=Y&VPD=Y&VFD=N",2026-08-10
2009-06-30,IUMBV37,4.86,bank_of_england_iadb,"https://www.bankofengland.co.uk/boeapps/database/_iadb-fromshowcolumns.asp?csv.x=yes&Datefrom=01/Jan/1975&Dateto=now&SeriesCodes=IUDBEDR,IUMBV34,IUMBV37,IUMBV42,IUMBV45,IUM2WTL,IUM5WTL,IUMTLMV&UsingCodes=Y&VPD=Y&VFD=N",2026-08-10
2009-06-30,IUMBV42,5.54,bank_of_england_iadb,"https://www.bankofengland.co.uk/boeapps/database/_iadb-fromshowcolumns.asp?csv.x=yes&Datefrom=01/Jan/1975&Dateto=now&SeriesCodes=IUDBEDR,IUMBV34,IUMBV37,IUMBV42,IUMBV45,IUM2WTL,IUM5WTL,IUMTLMV&UsingCodes=Y&VPD=Y&VFD=N",2026-08-10
2009-06-30,IUMBV45,6.28,bank_of_england_iadb,"https://www.bankofengland.co.uk/boeapps/database/_iadb-fromshowcolumns.asp?csv.x=yes&Datefrom=01/Jan/1975&Dateto=now&SeriesCodes=IUDBEDR,IUMBV34,IUMBV37,IUMBV42,IUMBV45,IUM2WTL,IUM5WTL,IUMTLMV&UsingCodes=Y&VPD=Y&VFD=N",2026-08-10
2009-06-30,IUMTLMV,3.95,bank_of_england_iadb,"https://www.bankofengland.co.uk/boeapps/database/_iadb-fromshowcolumns.asp?csv.x=yes&Datefrom=01/Jan/1975&Dateto=now&SeriesCodes=IUDBEDR,IUMBV34,IUMBV37,IUMBV42,IUMBV45,IUM2WTL,IUM5WTL,IUMTLMV&UsingCodes=Y&VPD=Y&VFD=N",2026-08-10
2009-07-31,IUMBV34,4.42,bank_of_england_iadb,"https://www.bankofengland.co.uk/boeapps/database/_iadb-fromshowcolumns.asp?csv.x=yes&Datefrom=01/Jan/1975&Dateto=now&SeriesCodes=IUDBEDR,IUMBV34,IUMBV37,IUMBV42,IUMBV45,IUM2WTL,IUM5WTL,IUMTLMV&UsingCodes=Y&VPD=Y&VFD=N",2026-08-10
2009-07-31,IUMBV37,4.67,bank_of_england_iadb,"https://www.bankofengland.co.uk/boeapps/database/_iadb-fromshowcolumns.asp?csv.x=yes&Datefrom=01/Jan/1975&Dateto=now&SeriesCodes=IUDBEDR,IUMBV34,IUMBV37,IUMBV42,IUMBV45,IUM2WTL,IUM5WTL,IUMTLMV&UsingCodes=Y&VPD=Y&VFD=N",2026-08-10
2009-07-31,IUMBV42,5.68,bank_of_england_iadb,"https://www.bankofengland.co.uk/boeapps/database/_iadb-fromshowcolumns.asp?csv.x=yes&Datefrom=01/Jan/1975&Dateto=now&SeriesCodes=IUDBEDR,IUMBV34,IUMBV37,IUMBV42,IUMBV45,IUM2WTL,IUM5WTL,IUMTLMV&UsingCodes=Y&VPD=Y&VFD=N",2026-08-10
2009-07-31,IUMBV45,6.28,bank_of_england_iadb,"https://www.bankofengland.co.uk/boeapps/database/_iadb-fromshowcolumns.asp?csv.x=yes&Datefrom=01/Jan/1975&Dateto=now&SeriesCodes=IUDBEDR,IUMBV34,IUMBV37,IUMBV42,IUMBV45,IUM2WTL,IUM5WTL,IUMTLMV&UsingCodes=Y&VPD=Y&VFD=N",2026-08-10
2009-07-31,IUMTLMV,4.11,bank_of_england_iadb,"https://www.bankofengland.co.uk/boeapps/database/_iadb-fromshowcolumns.asp?csv.x=yes&Datefrom=01/Jan/1975&Dateto=now&SeriesCodes=IUDBEDR,IUMBV34,IUMBV37,IUMBV42,IUMBV45,IUM2WTL,IUM5WTL,IUMTLMV&UsingCodes=Y&VPD=Y&VFD=N",2026-08-10
2009-08-31,IUMBV34,4.43,bank_of_england_iadb,"https://www.bankofengland.co.uk/boeapps/database/_iadb-fromshowcolumns.asp?csv.x=yes&Datefrom=01/Jan/1975&Dateto=now&SeriesCodes=IUDBEDR,IUMBV34,IUMBV37,IUMBV42,IUMBV45,IUM2WTL,IUM5WTL,IUMTLMV&UsingCodes=Y&VPD=Y&VFD=N",2026-08-10
2009-08-31,IUMBV37,4.81,bank_of_england_iadb,"https://www.bankofengland.co.uk/boeapps/database/_iadb-fromshowcolumns.asp?csv.x=yes&Datefrom=01/Jan/1975&Dateto=now&SeriesCodes=IUDBEDR,IUMBV34,IUMBV37,IUMBV42,IUMBV45,IUM2WTL,IUM5WTL,IUMTLMV&UsingCodes=Y&VPD=Y&VFD=N",2026-08-10
2009-08-31,IUMBV42,5.72,bank_of_england_iadb,"https://www.bankofengland.co.uk/boeapps/database/_iadb-fromshowcolumns.asp?csv.x=yes&Datefrom=01/Jan/1975&Dateto=now&SeriesCodes=IUDBEDR,IUMBV34,IUMBV37,IUMBV42,IUMBV45,IUM2WTL,IUM5WTL,IUMTLMV&UsingCodes=Y&VPD=Y&VFD=N",2026-08-10
2009-08-31,IUMBV45,6.28,bank_of_england_iadb,"https://www.bankofengland.co.uk/boeapps/database/_iadb-fromshowcolumns.asp?csv.x=yes&Datefrom=01/Jan/1975&Dateto=now&SeriesCodes=IUDBEDR,IUMBV34,IUMBV37,IUMBV42,IUMBV45,IUM2WTL,IUM5WTL,IUMTLMV&UsingCodes=Y&VPD=Y&VFD=N",2026-08-10
2009-08-31,IUMTLMV,3.93,bank_of_england_iadb,"https://www.bankofengland.co.uk/boeapps/database/_iadb-fromshowcolumns.asp?csv.x=yes&Datefrom=01/Jan/1975&Dateto=now&SeriesCodes=IUDBEDR,IUMBV34,IUMBV37,IUMBV42,IUMBV45,IUM2WTL,IUM5WTL,IUMTLMV&UsingCodes=Y&VPD=Y&VFD=N",2026-08-10
2009-09-30,IUMBV34,4.47,bank_of_england_iadb,"https://www.bankofengland.co.uk/boeapps/database/_iadb-fromshowcolumns.asp?csv.x=yes&Datefrom=01/Jan/1975&Dateto=now&SeriesCodes=IUDBEDR,IUMBV34,IUMBV37,IUMBV42,IUMBV45,IUM2WTL,IUM5WTL,IUMTLMV&UsingCodes=Y&VPD=Y&VFD=N",2026-08-10
2009-09-30,IUMBV37,4.82,bank_of_england_iadb,"https://www.bankofengland.co.uk/boeapps/database/_iadb-fromshowcolumns.asp?csv.x=yes&Datefrom=01/Jan/1975&Dateto=now&SeriesCodes=IUDBEDR,IUMBV34,IUMBV37,IUMBV42,IUMBV45,IUM2WTL,IUM5WTL,IUMTLMV&UsingCodes=Y&VPD=Y&VFD=N",2026-08-10
2009-09-30,IUMBV42,5.69,bank_of_england_iadb,"https://www.bankofengland.co.uk/boeapps/database/_iadb-fromshowcolumns.asp?csv.x=yes&Datefrom=01/Jan/1975&Dateto=now&SeriesCodes=IUDBEDR,IUMBV34,IUMBV37,IUMBV42,IUMBV45,IUM2WTL,IUM5WTL,IUMTLMV&UsingCodes=Y&VPD=Y&VFD=N",2026-08-10
2009-09-30,IUMTLMV,3.91,bank_of_england_iadb,"https://www.bankofengland.co.uk/boeapps/database/_iadb-fromshowcolumns.asp?csv.x=yes&Datefrom=01/Jan/1975&Dateto=now&SeriesCodes=IUDBEDR,IUMBV34,IUMBV37,IUMBV42,IUMBV45,IUM2WTL,IUM5WTL,IUMTLMV&UsingCodes=Y&VPD=Y&VFD=N",2026-08-10
2009-10-31,IUMBV34,4.32,bank_of_england_iadb,"https://www.bankofengland.co.uk/boeapps/database/_iadb-fromshowcolumns.asp?csv.x=yes&Datefrom=01/Jan/1975&Dateto=now&SeriesCodes=IUDBEDR,IUMBV34,IUMBV37,IUMBV42,IUMBV45,IUM2WTL,IUM5WTL,IUMTLMV&UsingCodes=Y&VPD=Y&VFD=N",2026-08-10
2009-10-31,IUMBV37,4.82,bank_of_england_iadb,"https://www.bankofengland.co.uk/boeapps/database/_iadb-fromshowcolumns.asp?csv.x=yes&Datefrom=01/Jan/1975&Dateto=now&SeriesCodes=IUDBEDR,IUMBV34,IUMBV37,IUMBV42,IUMBV45,IUM2WTL,IUM5WTL,IUMTLMV&UsingCodes=Y&VPD=Y&VFD=N",2026-08-10
2009-10-31,IUMBV42,5.67,bank_of_england_iadb,"https://www.bankofengland.co.uk/boeapps/database/_iadb-fromshowcolumns.asp?csv.x=yes&Datefrom=01/Jan/1975&Dateto=now&SeriesCodes=IUDBEDR,IUMBV34,IUMBV37,IUMBV42,IUMBV45,IUM2WTL,IUM5WTL,IUMTLMV&UsingCodes=Y&VPD=Y&VFD=N",2026-08-10
2009-10-31,IUMTLMV,3.91,bank_of_england_iadb,"https://www.bankofengland.co.uk/boeapps/database/_iadb-fromshowcolumns.asp?csv.x=yes&Datefrom=01/Jan/1975&Dateto=now&SeriesCodes=IUDBEDR,IUMBV34,IUMBV37,IUMBV42,IUMBV45,IUM2WTL,IUM5WTL,IUMTLMV&UsingCodes=Y&VPD=Y&VFD=N",2026-08-10
2009-11-30,IUMBV34,4.1,bank_of_england_iadb,"https://www.bankofengland.co.uk/boeapps/database/_iadb-fromshowcolumns.asp?csv.x=yes&Datefrom=01/Jan/1975&Dateto=now&SeriesCodes=IUDBEDR,IUMBV34,IUMBV37,IUMBV42,IUMBV45,IUM2WTL,IUM5WTL,IUMTLMV&UsingCodes=Y&VPD=Y&VFD=N",2026-08-10
2009-11-30,IUMBV37,4.88,bank_of_england_iadb,"https://www.bankofengland.co.uk/boeapps/database/_iadb-fromshowcolumns.asp?csv.x=yes&Datefrom=01/Jan/1975&Dateto=now&SeriesCodes=IUDBEDR,IUMBV34,IUMBV37,IUMBV42,IUMBV45,IUM2WTL,IUM5WTL,IUMTLMV&UsingCodes=Y&VPD=Y&VFD=N",2026-08-10
2009-11-30,IUMBV42,5.71,bank_of_england_iadb,"https://www.bankofengland.co.uk/boeapps/database/_iadb-fromshowcolumns.asp?csv.x=yes&Datefrom=01/Jan/1975&Dateto=now&SeriesCodes=IUDBEDR,IUMBV34,IUMBV37,IUMBV42,IUMBV45,IUM2WTL,IUM5WTL,IUMTLMV&UsingCodes=Y&VPD=Y&VFD=N",2026-08-10
2009-11-30,IUMTLMV,3.98,bank_of_england_iadb,"https://www.bankofengland.co.uk/boeapps/database/_iadb-fromshowcolumns.asp?csv.x=yes&Datefrom=01/Jan/1975&Dateto=now&SeriesCodes=IUDBEDR,IUMBV34,IUMBV37,IUMBV42,IUMBV45,IUM2WTL,IUM5WTL,IUMTLMV&UsingCodes=Y&VPD=Y&VFD=N",2026-08-10
2009-12-31,IUMBV34,4.05,bank_of_england_iadb,"https://www.bankofengland.co.uk/boeapps/database/_iadb-fromshowcolumns.asp?csv.x=yes&Datefrom=01/Jan/1975&Dateto=now&SeriesCodes=IUDBEDR,IUMBV34,IUMBV37,IUMBV42,IUMBV45,IUM2WTL,IUM5WTL,IUMTLMV&UsingCodes=Y&VPD=Y&VFD=N",2026-08-10
2009-12-31,IUMBV37,4.84,bank_of_england_iadb,"https://www.bankofengland.co.uk/boeapps/database/_iadb-fromshowcolumns.asp?csv.x=yes&Datefrom=01/Jan/1975&Dateto=now&SeriesCodes=IUDBEDR,IUMBV34,IUMBV37,IUMBV42,IUMBV45,IUM2WTL,IUM5WTL,IUMTLMV&UsingCodes=Y&VPD=Y&VFD=N",2026-08-10
2009-12-31,IUMBV42,5.67,bank_of_england_iadb,"https://www.bankofengland.co.uk/boeapps/database/_iadb-fromshowcolumns.asp?csv.x=yes&Datefrom=01/Jan/1975&Dateto=now&SeriesCodes=IUDBEDR,IUMBV34,IUMBV37,IUMBV42,IUMBV45,IUM2WTL,IUM5WTL,IUMTLMV&UsingCodes=Y&VPD=Y&VFD=N",2026-08-10
2009-12-31,IUMTLMV,3.97,bank_of_england_iadb,"https://www.bankofengland.co.uk/boeapps/database/_iadb-fromshowcolumns.asp?csv.x=yes&Datefrom=01/Jan/1975&Dateto=now&SeriesCodes=IUDBEDR,IUMBV34,IUMBV37,IUMBV42,IUMBV45,IUM2WTL,IUM5WTL,IUMTLMV&UsingCodes=Y&VPD=Y&VFD=N",2026-08-10
2010-01-31,IUMBV34,3.97,bank_of_england_iadb,"https://www.bankofengland.co.uk/boeapps/database/_iadb-fromshowcolumns.asp?csv.x=yes&Datefrom=01/Jan/1975&Dateto=now&SeriesCodes=IUDBEDR,IUMBV34,IUMBV37,IUMBV42,IUMBV45,IUM2WTL,IUM5WTL,IUMTLMV&UsingCodes=Y&VPD=Y&VFD=N",2026-08-10
2010-01-31,IUMBV37,4.64,bank_of_england_iadb,"https://www.bankofengland.co.uk/boeapps/database/_iadb-fromshowcolumns.asp?csv.x=yes&Datefrom=01/Jan/1975&Dateto=now&SeriesCodes=IUDBEDR,IUMBV34,IUMBV37,IUMBV42,IUMBV45,IUM2WTL,IUM5WTL,IUMTLMV&UsingCodes=Y&VPD=Y&VFD=N",2026-08-10
2010-01-31,IUMBV42,5.56,bank_of_england_iadb,"https://www.bankofengland.co.uk/boeapps/database/_iadb-fromshowcolumns.asp?csv.x=yes&Datefrom=01/Jan/1975&Dateto=now&SeriesCodes=IUDBEDR,IUMBV34,IUMBV37,IUMBV42,IUMBV45,IUM2WTL,IUM5WTL,IUMTLMV&UsingCodes=Y&VPD=Y&VFD=N",2026-08-10
2010-01-31,IUMTLMV,4.08,bank_of_england_iadb,"https://www.bankofengland.co.uk/boeapps/database/_iadb-fromshowcolumns.asp?csv.x=yes&Datefrom=01/Jan/1975&Dateto=now&SeriesCodes=IUDBEDR,IUMBV34,IUMBV37,IUMBV42,IUMBV45,IUM2WTL,IUM5WTL,IUMTLMV&UsingCodes=Y&VPD=Y&VFD=N",2026-08-10
2010-02-28,IUMBV34,3.88,bank_of_england_iadb,"https://www.bankofengland.co.uk/boeapps/database/_iadb-fromshowcolumns.asp?csv.x=yes&Datefrom=01/Jan/1975&Dateto=now&SeriesCodes=IUDBEDR,IUMBV34,IUMBV37,IUMBV42,IUMBV45,IUM2WTL,IUM5WTL,IUMTLMV&UsingCodes=Y&VPD=Y&VFD=N",2026-08-10
2010-02-28,IUMBV37,4.68,bank_of_england_iadb,"https://www.bankofengland.co.uk/boeapps/database/_iadb-fromshowcolumns.asp?csv.x=yes&Datefrom=01/Jan/1975&Dateto=now&SeriesCodes=IUDBEDR,IUMBV34,IUMBV37,IUMBV42,IUMBV45,IUM2WTL,IUM5WTL,IUMTLMV&UsingCodes=Y&VPD=Y&VFD=N",2026-08-10
2010-02-28,IUMBV42,5.5,bank_of_england_iadb,"https://www.bankofengland.co.uk/boeapps/database/_iadb-fromshowcolumns.asp?csv.x=yes&Datefrom=01/Jan/1975&Dateto=now&SeriesCodes=IUDBEDR,IUMBV34,IUMBV37,IUMBV42,IUMBV45,IUM2WTL,IUM5WTL,IUMTLMV&UsingCodes=Y&VPD=Y&VFD=N",2026-08-10
2010-02-28,IUMTLMV,4.05,bank_of_england_iadb,"https://www.bankofengland.co.uk/boeapps/database/_iadb-fromshowcolumns.asp?csv.x=yes&Datefrom=01/Jan/1975&Dateto=now&SeriesCodes=IUDBEDR,IUMBV34,IUMBV37,IUMBV42,IUMBV45,IUM2WTL,IUM5WTL,IUMTLMV&UsingCodes=Y&VPD=Y&VFD=N",2026-08-10
2010-03-31,IUMBV34,3.92,bank_of_england_iadb,"https://www.bankofengland.co.uk/boeapps/database/_iadb-fromshowcolumns.asp?csv.x=yes&Datefrom=01/Jan/1975&Dateto=now&SeriesCodes=IUDBEDR,IUMBV34,IUMBV37,IUMBV42,IUMBV45,IUM2WTL,IUM5WTL,IUMTLMV&UsingCodes=Y&VPD=Y&VFD=N",2026-08-10
2010-03-31,IUMBV37,4.68,bank_of_england_iadb,"https://www.bankofengland.co.uk/boeapps/database/_iadb-fromshowcolumns.asp?csv.x=yes&Datefrom=01/Jan/1975&Dateto=now&SeriesCodes=IUDBEDR,IUMBV34,IUMBV37,IUMBV42,IUMBV45,IUM2WTL,IUM5WTL,IUMTLMV&UsingCodes=Y&VPD=Y&VFD=N",2026-08-10
2010-03-31,IUMBV42,5.5,bank_of_england_iadb,"https://www.bankofengland.co.uk/boeapps/database/_iadb-fromshowcolumns.asp?csv.x=yes&Datefrom=01/Jan/1975&Dateto=now&SeriesCodes=IUDBEDR,IUMBV34,IUMBV37,IUMBV42,IUMBV45,IUM2WTL,IUM5WTL,IUMTLMV&UsingCodes=Y&VPD=Y&VFD=N",2026-08-10
2010-03-31,IUMTLMV,4.04,bank_of_england_iadb,"https://www.bankofengland.co.uk/boeapps/database/_iadb-fromshowcolumns.asp?csv.x=yes&Datefrom=01/Jan/1975&Dateto=now&SeriesCodes=IUDBEDR,IUMBV34,IUMBV37,IUMBV42,IUMBV45,IUM2WTL,IUM5WTL,IUMTLMV&UsingCodes=Y&VPD=Y&VFD=N",2026-08-10
2010-04-30,IUMBV34,3.82,bank_of_england_iadb,"https://www.bankofengland.co.uk/boeapps/database/_iadb-fromshowcolumns.asp?csv.x=yes&Datefrom=01/Jan/1975&Dateto=now&SeriesCodes=IUDBEDR,IUMBV34,IUMBV37,IUMBV42,IUMBV45,IUM2WTL,IUM5WTL,IUMTLMV&UsingCodes=Y&VPD=Y&VFD=N",2026-08-10
2010-04-30,IUMBV37,4.65,bank_of_england_iadb,"https://www.bankofengland.co.uk/boeapps/database/_iadb-fromshowcolumns.asp?csv.x=yes&Datefrom=01/Jan/1975&Dateto=now&SeriesCodes=IUDBEDR,IUMBV34,IUMBV37,IUMBV42,IUMBV45,IUM2WTL,IUM5WTL,IUMTLMV&UsingCodes=Y&VPD=Y&VFD=N",2026-08-10
2010-04-30,IUMBV42,5.5,bank_of_england_iadb,"https://www.bankofengland.co.uk/boeapps/database/_iadb-fromshowcolumns.asp?csv.x=yes&Datefrom=01/Jan/1975&Dateto=now&SeriesCodes=IUDBEDR,IUMBV34,IUMBV37,IUMBV42,IUMBV45,IUM2WTL,IUM5WTL,IUMTLMV&UsingCodes=Y&VPD=Y&VFD=N",2026-08-10
2010-04-30,IUMTLMV,3.99,bank_of_england_iadb,"https://www.bankofengland.co.uk/boeapps/database/_iadb-fromshowcolumns.asp?csv.x=yes&Datefrom=01/Jan/1975&Dateto=now&SeriesCodes=IUDBEDR,IUMBV34,IUMBV37,IUMBV42,IUMBV45,IUM2WTL,IUM5WTL,IUMTLMV&UsingCodes=Y&VPD=Y&VFD=N",2026-08-10
2010-05-31,IUMBV34,3.78,bank_of_england_iadb,"https://www.bankofengland.co.uk/boeapps/database/_iadb-fromshowcolumns.asp?csv.x=yes&Datefrom=01/Jan/1975&Dateto=now&SeriesCodes=IUDBEDR,IUMBV34,IUMBV37,IUMBV42,IUMBV45,IUM2WTL,IUM5WTL,IUMTLMV&UsingCodes=Y&VPD=Y&VFD=N",2026-08-10
2010-05-31,IUMBV37,4.56,bank_of_england_iadb,"https://www.bankofengland.co.uk/boeapps/database/_iadb-fromshowcolumns.asp?csv.x=yes&Datefrom=01/Jan/1975&Dateto=now&SeriesCodes=IUDBEDR,IUMBV34,IUMBV37,IUMBV42,IUMBV45,IUM2WTL,IUM5WTL,IUMTLMV&UsingCodes=Y&VPD=Y&VFD=N",2026-08-10
2010-05-31,IUMBV42,5.38,bank_of_england_iadb,"https://www.bankofengland.co.uk/boeapps/database/_iadb-fromshowcolumns.asp?csv.x=yes&Datefrom=01/Jan/1975&Dateto=now&SeriesCodes=IUDBEDR,IUMBV34,IUMBV37,IUMBV42,IUMBV45,IUM2WTL,IUM5WTL,IUMTLMV&UsingCodes=Y&VPD=Y&VFD=N",2026-08-10
2010-05-31,IUMTLMV,3.94,bank_of_england_iadb,"https://www.bankofengland.co.uk/boeapps/database/_iadb-fromshowcolumns.asp?csv.x=yes&Datefrom=01/Jan/1975&Dateto=now&SeriesCodes=IUDBEDR,IUMBV34,IUMBV37,IUMBV42,IUMBV45,IUM2WTL,IUM5WTL,IUMTLMV&UsingCodes=Y&VPD=Y&VFD=N",2026-08-10
2010-06-30,IUMBV34,3.67,bank_of_england_iadb,"https://www.bankofengland.co.uk/boeapps/database/_iadb-fromshowcolumns.asp?csv.x=yes&Datefrom=01/Jan/1975&Dateto=now&SeriesCodes=IUDBEDR,IUMBV34,IUMBV37,IUMBV42,IUMBV45,IUM2WTL,IUM5WTL,IUMTLMV&UsingCodes=Y&VPD=Y&VFD=N",2026-08-10
2010-06-30,IUMBV37,4.46,bank_of_england_iadb,"https://www.bankofengland.co.uk/boeapps/database/_iadb-fromshowcolumns.asp?csv.x=yes&Datefrom=01/Jan/1975&Dateto=now&SeriesCodes=IUDBEDR,IUMBV34,IUMBV37,IUMBV42,IUMBV45,IUM2WTL,IUM5WTL,IUMTLMV&UsingCodes=Y&VPD=Y&VFD=N",2026-08-10
2010-06-30,IUMBV42,5.35,bank_of_england_iadb,"https://www.bankofengland.co.uk/boeapps/database/_iadb-fromshowcolumns.asp?csv.x=yes&Datefrom=01/Jan/1975&Dateto=now&SeriesCodes=IUDBEDR,IUMBV34,IUMBV37,IUMBV42,IUMBV45,IUM2WTL,IUM5WTL,IUMTLMV&UsingCodes=Y&VPD=Y&VFD=N",2026-08-10
2010-06-30,IUMTLMV,3.92,bank_of_england_iadb,"https://www.bankofengland.co.uk/boeapps/database/_iadb-fromshowcolumns.asp?csv.x=yes&Datefrom=01/Jan/1975&Dateto=now&SeriesCodes=IUDBEDR,IUMBV34,IUMBV37,IUMBV42,IUMBV45,IUM2WTL,IUM5WTL,IUMTLMV&UsingCodes=Y&VPD=Y&VFD=N",2026-08-10
2010-07-31,IUMBV34,3.77,bank_of_england_iadb,"https://www.bankofengland.co.uk/boeapps/database/_iadb-fromshowcolumns.asp?csv.x=yes&Datefrom=01/Jan/1975&Dateto=now&SeriesCodes=IUDBEDR,IUMBV34,IUMBV37,IUMBV42,IUMBV45,IUM2WTL,IUM5WTL,IUMTLMV&UsingCodes=Y&VPD=Y&VFD=N",2026-08-10
2010-07-31,IUMBV37,4.45,bank_of_england_iadb,"https://www.bankofengland.co.uk/boeapps/database/_iadb-fromshowcolumns.asp?csv.x=yes&Datefrom=01/Jan/1975&Dateto=now&SeriesCodes=IUDBEDR,IUMBV34,IUMBV37,IUMBV42,IUMBV45,IUM2WTL,IUM5WTL,IUMTLMV&UsingCodes=Y&VPD=Y&VFD=N",2026-08-10
2010-07-31,IUMBV42,5.24,bank_of_england_iadb,"https://www.bankofengland.co.uk/boeapps/database/_iadb-fromshowcolumns.asp?csv.x=yes&Datefrom=01/Jan/1975&Dateto=now&SeriesCodes=IUDBEDR,IUMBV34,IUMBV37,IUMBV42,IUMBV45,IUM2WTL,IUM5WTL,IUMTLMV&UsingCodes=Y&VPD=Y&VFD=N",2026-08-10
2010-07-31,IUMTLMV,3.92,bank_of_england_iadb,"https://www.bankofengland.co.uk/boeapps/database/_iadb-fromshowcolumns.asp?csv.x=yes&Datefrom=01/Jan/1975&Dateto=now&SeriesCodes=IUDBEDR,IUMBV34,IUMBV37,IUMBV42,IUMBV45,IUM2WTL,IUM5WTL,IUMTLMV&UsingCodes=Y&VPD=Y&VFD=N",2026-08-10
2010-08-31,IUMBV34,3.74,bank_of_england_iadb,"https://www.bankofengland.co.uk/boeapps/database/_iadb-fromshowcolumns.asp?csv.x=yes&Datefrom=01/Jan/1975&Dateto=now&SeriesCodes=IUDBEDR,IUMBV34,IUMBV37,IUMBV42,IUMBV45,IUM2WTL,IUM5WTL,IUMTLMV&UsingCodes=Y&VPD=Y&VFD=N",2026-08-10
2010-08-31,IUMBV37,4.36,bank_of_england_iadb,"https://www.bankofengland.co.uk/boeapps/database/_iadb-fromshowcolumns.asp?csv.x=yes&Datefrom=01/Jan/1975&Dateto=now&SeriesCodes=IUDBEDR,IUMBV34,IUMBV37,IUMBV42,IUMBV45,IUM2WTL,IUM5WTL,IUMTLMV&UsingCodes=Y&VPD=Y&VFD=N",2026-08-10
2010-08-31,IUMBV42,5.07,bank_of_england_iadb,"https://www.bankofengland.co.uk/boeapps/database/_iadb-fromshowcolumns.asp?csv.x=yes&Datefrom=01/Jan/1975&Dateto=now&SeriesCodes=IUDBEDR,IUMBV34,IUMBV37,IUMBV42,IUMBV45,IUM2WTL,IUM5WTL,IUMTLMV&UsingCodes=Y&VPD=Y&VFD=N",2026-08-10
2010-08-31,IUMTLMV,3.94,bank_of_england_iadb,"https://www.bankofengland.co.uk/boeapps/database/_iadb-fromshowcolumns.asp?csv.x=yes&Datefrom=01/Jan/1975&Dateto=now&SeriesCodes=IUDBEDR,IUMBV34,IUMBV37,IUMBV42,IUMBV45,IUM2WTL,IUM5WTL,IUMTLMV&UsingCodes=Y&VPD=Y&VFD=N",2026-08-10
2010-09-30,IUMBV34,3.8,bank_of_england_iadb,"https://www.bankofengland.co.uk/boeapps/database/_iadb-fromshowcolumns.asp?csv.x=yes&Datefrom=01/Jan/1975&Dateto=now&SeriesCodes=IUDBEDR,IUMBV34,IUMBV37,IUMBV42,IUMBV45,IUM2WTL,IUM5WTL,IUMTLMV&UsingCodes=Y&VPD=Y&VFD=N",2026-08-10
2010-09-30,IUMBV37,4.33,bank_of_england_iadb,"https://www.bankofengland.co.uk/boeapps/database/_iadb-fromshowcolumns.asp?csv.x=yes&Datefrom=01/Jan/1975&Dateto=now&SeriesCodes=IUDBEDR,IUMBV34,IUMBV37,IUMBV42,IUMBV45,IUM2WTL,IUM5WTL,IUMTLMV&UsingCodes=Y&VPD=Y&VFD=N",2026-08-10
2010-09-30,IUMBV42,5.04,bank_of_england_iadb,"https://www.bankofengland.co.uk/boeapps/database/_iadb-fromshowcolumns.asp?csv.x=yes&Datefrom=01/Jan/1975&Dateto=now&SeriesCodes=IUDBEDR,IUMBV34,IUMBV37,IUMBV42,IUMBV45,IUM2WTL,IUM5WTL,IUMTLMV&UsingCodes=Y&VPD=Y&VFD=N",2026-08-10
2010-09-30,IUMTLMV,3.93,bank_of_england_iadb,"https://www.bankofengland.co.uk/boeapps/database/_iadb-fromshowcolumns.asp?csv.x=yes&Datefrom=01/Jan/1975&Dateto=now&SeriesCodes=IUDBEDR,IUMBV34,IUMBV37,IUMBV42,IUMBV45,IUM2WTL,IUM5WTL,IUMTLMV&UsingCodes=Y&VPD=Y&VFD=N",2026-08-10
2010-10-31,IUMBV34,3.68,bank_of_england_iadb,"https://www.bankofengland.co.uk/boeapps/database/_iadb-fromshowcolumns.asp?csv.x=yes&Datefrom=01/Jan/1975&Dateto=now&SeriesCodes=IUDBEDR,IUMBV34,IUMBV37,IUMBV42,IUMBV45,IUM2WTL,IUM5WTL,IUMTLMV&UsingCodes=Y&VPD=Y&VFD=N",2026-08-10
2010-10-31,IUMBV37,4.24,bank_of_england_iadb,"https://www.bankofengland.co.uk/boeapps/database/_iadb-fromshowcolumns.asp?csv.x=yes&Datefrom=01/Jan/1975&Dateto=now&SeriesCodes=IUDBEDR,IUMBV34,IUMBV37,IUMBV42,IUMBV45,IUM2WTL,IUM5WTL,IUMTLMV&UsingCodes=Y&VPD=Y&VFD=N",2026-08-10
2010-10-31,IUMBV42,4.86,bank_of_england_iadb,"https://www.bankofengland.co.uk/boeapps/database/_iadb-fromshowcolumns.asp?csv.x=yes&Datefrom=01/Jan/1975&Dateto=now&SeriesCodes=IUDBEDR,IUMBV34,IUMBV37,IUMBV42,IUMBV45,IUM2WTL,IUM5WTL,IUMTLMV&UsingCodes=Y&VPD=Y&VFD=N",2026-08-10
2010-10-31,IUMTLMV,3.91,bank_of_england_iadb,"https://www.bankofengland.co.uk/boeapps/database/_iadb-fromshowcolumns.asp?csv.x=yes&Datefrom=01/Jan/1975&Dateto=now&SeriesCodes=IUDBEDR,IUMBV34,IUMBV37,IUMBV42,IUMBV45,IUM2WTL,IUM5WTL,IUMTLMV&UsingCodes=Y&VPD=Y&VFD=N",2026-08-10
2010-11-30,IUMBV34,3.53,bank_of_england_iadb,"https://www.bankofengland.co.uk/boeapps/database/_iadb-fromshowcolumns.asp?csv.x=yes&Datefrom=01/Jan/1975&Dateto=now&SeriesCodes=IUDBEDR,IUMBV34,IUMBV37,IUMBV42,IUMBV45,IUM2WTL,IUM5WTL,IUMTLMV&UsingCodes=Y&VPD=Y&VFD=N",2026-08-10
2010-11-30,IUMBV37,4.15,bank_of_england_iadb,"https://www.bankofengland.co.uk/boeapps/database/_iadb-fromshowcolumns.asp?csv.x=yes&Datefrom=01/Jan/1975&Dateto=now&SeriesCodes=IUDBEDR,IUMBV34,IUMBV37,IUMBV42,IUMBV45,IUM2WTL,IUM5WTL,IUMTLMV&UsingCodes=Y&VPD=Y&VFD=N",2026-08-10
2010-11-30,IUMBV42,4.73,bank_of_england_iadb,"https://www.bankofengland.co.uk/boeapps/database/_iadb-fromshowcolumns.asp?csv.x=yes&Datefrom=01/Jan/1975&Dateto=now&SeriesCodes=IUDBEDR,IUMBV34,IUMBV37,IUMBV42,IUMBV45,IUM2WTL,IUM5WTL,IUMTLMV&UsingCodes=Y&VPD=Y&VFD=N",2026-08-10
2010-11-30,IUMTLMV,3.91,bank_of_england_iadb,"https://www.bankofengland.co.uk/boeapps/database/_iadb-fromshowcolumns.asp?csv.x=yes&Datefrom=01/Jan/1975&Dateto=now&SeriesCodes=IUDBEDR,IUMBV34,IUMBV37,IUMBV42,IUMBV45,IUM2WTL,IUM5WTL,IUMTLMV&UsingCodes=Y&VPD=Y&VFD=N",2026-08-10
2010-12-31,IUMBV34,3.5,bank_of_england_iadb,"https://www.bankofengland.co.uk/boeapps/database/_iadb-fromshowcolumns.asp?csv.x=yes&Datefrom=01/Jan/1975&Dateto=now&SeriesCodes=IUDBEDR,IUMBV34,IUMBV37,IUMBV42,IUMBV45,IUM2WTL,IUM5WTL,IUMTLMV&UsingCodes=Y&VPD=Y&VFD=N",2026-08-10
2010-12-31,IUMBV37,4.15,bank_of_england_iadb,"https://www.bankofengland.co.uk/boeapps/database/_iadb-fromshowcolumns.asp?csv.x=yes&Datefrom=01/Jan/1975&Dateto=now&SeriesCodes=IUDBEDR,IUMBV34,IUMBV37,IUMBV42,IUMBV45,IUM2WTL,IUM5WTL,IUMTLMV&UsingCodes=Y&VPD=Y&VFD=N",2026-08-10
2010-12-31,IUMBV42,4.76,bank_of_england_iadb,"https://www.bankofengland.co.uk/boeapps/database/_iadb-fromshowcolumns.asp?csv.x=yes&Datefrom=01/Jan/1975&Dateto=now&SeriesCodes=IUDBEDR,IUMBV34,IUMBV37,IUMBV42,IUMBV45,IUM2WTL,IUM5WTL,IUMTLMV&UsingCodes=Y&VPD=Y&VFD=N",2026-08-10
2010-12-31,IUMTLMV,3.91,bank_of_england_iadb,"https://www.bankofengland.co.uk/boeapps/database/_iadb-fromshowcolumns.asp?csv.x=yes&Datefrom=01/Jan/1975&Dateto=now&SeriesCodes=IUDBEDR,IUMBV34,IUMBV37,IUMBV42,IUMBV45,IUM2WTL,IUM5WTL,IUMTLMV&UsingCodes=Y&VPD=Y&VFD=N",2026-08-10
2011-01-31,IUMBV34,3.7,bank_of_england_iadb,"https://www.bankofengland.co.uk/boeapps/database/_iadb-fromshowcolumns.asp?csv.x=yes&Datefrom=01/Jan/1975&Dateto=now&SeriesCodes=IUDBEDR,IUMBV34,IUMBV37,IUMBV42,IUMBV45,IUM2WTL,IUM5WTL,IUMTLMV&UsingCodes=Y&VPD=Y&VFD=N",2026-08-10
2011-01-31,IUMBV37,4.3,bank_of_england_iadb,"https://www.bankofengland.co.uk/boeapps/database/_iadb-fromshowcolumns.asp?csv.x=yes&Datefrom=01/Jan/1975&Dateto=now&SeriesCodes=IUDBEDR,IUMBV34,IUMBV37,IUMBV42,IUMBV45,IUM2WTL,IUM5WTL,IUMTLMV&UsingCodes=Y&VPD=Y&VFD=N",2026-08-10
2011-01-31,IUMBV42,5.03,bank_of_england_iadb,"https://www.bankofengland.co.uk/boeapps/database/_iadb-fromshowcolumns.asp?csv.x=yes&Datefrom=01/Jan/1975&Dateto=now&SeriesCodes=IUDBEDR,IUMBV34,IUMBV37,IUMBV42,IUMBV45,IUM2WTL,IUM5WTL,IUMTLMV&UsingCodes=Y&VPD=Y&VFD=N",2026-08-10
2011-01-31,IUMTLMV,4.04,bank_of_england_iadb,"https://www.bankofengland.co.uk/boeapps/database/_iadb-fromshowcolumns.asp?csv.x=yes&Datefrom=01/Jan/1975&Dateto=now&SeriesCodes=IUDBEDR,IUMBV34,IUMBV37,IUMBV42,IUMBV45,IUM2WTL,IUM5WTL,IUMTLMV&UsingCodes=Y&VPD=Y&VFD=N",2026-08-10
2011-02-28,IUMBV34,3.7,bank_of_england_iadb,"https://www.bankofengland.co.uk/boeapps/database/_iadb-fromshowcolumns.asp?csv.x=yes&Datefrom=01/Jan/1975&Dateto=now&SeriesCodes=IUDBEDR,IUMBV34,IUMBV37,IUMBV42,IUMBV45,IUM2WTL,IUM5WTL,IUMTLMV&UsingCodes=Y&VPD=Y&VFD=N",2026-08-10
2011-02-28,IUMBV37,4.47,bank_of_england_iadb,"https://www.bankofengland.co.uk/boeapps/database/_iadb-fromshowcolumns.asp?csv.x=yes&Datefrom=01/Jan/1975&Dateto=now&SeriesCodes=IUDBEDR,IUMBV34,IUMBV37,IUMBV42,IUMBV45,IUM2WTL,IUM5WTL,IUMTLMV&UsingCodes=Y&VPD=Y&VFD=N",2026-08-10
2011-02-28,IUMBV42,5.15,bank_of_england_iadb,"https://www.bankofengland.co.uk/boeapps/database/_iadb-fromshowcolumns.asp?csv.x=yes&Datefrom=01/Jan/1975&Dateto=now&SeriesCodes=IUDBEDR,IUMBV34,IUMBV37,IUMBV42,IUMBV45,IUM2WTL,IUM5WTL,IUMTLMV&UsingCodes=Y&VPD=Y&VFD=N",2026-08-10
2011-02-28,IUMTLMV,4.07,bank_of_england_iadb,"https://www.bankofengland.co.uk/boeapps/database/_iadb-fromshowcolumns.asp?csv.x=yes&Datefrom=01/Jan/1975&Dateto=now&SeriesCodes=IUDBEDR,IUMBV34,IUMBV37,IUMBV42,IUMBV45,IUM2WTL,IUM5WTL,IUMTLMV&UsingCodes=Y&VPD=Y&VFD=N",2026-08-10
2011-03-31,IUMBV34,3.68,bank_of_england_iadb,"https://www.bankofengland.co.uk/boeapps/database/_iadb-fromshowcolumns.asp?csv.x=yes&Datefrom=01/Jan/1975&Dateto=now&SeriesCodes=IUDBEDR,IUMBV34,IUMBV37,IUMBV42,IUMBV45,IUM2WTL,IUM5WTL,IUMTLMV&UsingCodes=Y&VPD=Y&VFD=N",2026-08-10
2011-03-31,IUMBV37,4.44,bank_of_england_iadb,"https://www.bankofengland.co.uk/boeapps/database/_iadb-fromshowcolumns.asp?csv.x=yes&Datefrom=01/Jan/1975&Dateto=now&SeriesCodes=IUDBEDR,IUMBV34,IUMBV37,IUMBV42,IUMBV45,IUM2WTL,IUM5WTL,IUMTLMV&UsingCodes=Y&VPD=Y&VFD=N",2026-08-10
2011-03-31,IUMBV42,5.1,bank_of_england_iadb,"https://www.bankofengland.co.uk/boeapps/database/_iadb-fromshowcolumns.asp?csv.x=yes&Datefrom=01/Jan/1975&Dateto=now&SeriesCodes=IUDBEDR,IUMBV34,IUMBV37,IUMBV42,IUMBV45,IUM2WTL,IUM5WTL,IUMTLMV&UsingCodes=Y&VPD=Y&VFD=N",2026-08-10
2011-03-31,IUMTLMV,4.07,bank_of_england_iadb,"https://www.bankofengland.co.uk/boeapps/database/_iadb-fromshowcolumns.asp?csv.x=yes&Datefrom=01/Jan/1975&Dateto=now&SeriesCodes=IUDBEDR,IUMBV34,IUMBV37,IUMBV42,IUMBV45,IUM2WTL,IUM5WTL,IUMTLMV&UsingCodes=Y&VPD=Y&VFD=N",2026-08-10
2011-04-30,IUMBV34,3.66,bank_of_england_iadb,"https://www.bankofengland.co.uk/boeapps/database/_iadb-fromshowcolumns.asp?csv.x=yes&Datefrom=01/Jan/1975&Dateto=now&SeriesCodes=IUDBEDR,IUMBV34,IUMBV37,IUMBV42,IUMBV45,IUM2WTL,IUM5WTL,IUMTLMV&UsingCodes=Y&VPD=Y&VFD=N",2026-08-10
2011-04-30,IUMBV37,4.43,bank_of_england_iadb,"https://www.bankofengland.co.uk/boeapps/database/_iadb-fromshowcolumns.asp?csv.x=yes&Datefrom=01/Jan/1975&Dateto=now&SeriesCodes=IUDBEDR,IUMBV34,IUMBV37,IUMBV42,IUMBV45,IUM2WTL,IUM5WTL,IUMTLMV&UsingCodes=Y&VPD=Y&VFD=N",2026-08-10
2011-04-30,IUMBV42,5.1,bank_of_england_iadb,"https://www.bankofengland.co.uk/boeapps/database/_iadb-fromshowcolumns.asp?csv.x=yes&Datefrom=01/Jan/1975&Dateto=now&SeriesCodes=IUDBEDR,IUMBV34,IUMBV37,IUMBV42,IUMBV45,IUM2WTL,IUM5WTL,IUMTLMV&UsingCodes=Y&VPD=Y&VFD=N",2026-08-10
2011-04-30,IUMTLMV,4.0,bank_of_england_iadb,"https://www.bankofengland.co.uk/boeapps/database/_iadb-fromshowcolumns.asp?csv.x=yes&Datefrom=01/Jan/1975&Dateto=now&SeriesCodes=IUDBEDR,IUMBV34,IUMBV37,IUMBV42,IUMBV45,IUM2WTL,IUM5WTL,IUMTLMV&UsingCodes=Y&VPD=Y&VFD=N",2026-08-10
2011-05-31,IUMBV34,3.51,bank_of_england_iadb,"https://www.bankofengland.co.uk/boeapps/database/_iadb-fromshowcolumns.asp?csv.x=yes&Datefrom=01/Jan/1975&Dateto=now&SeriesCodes=IUDBEDR,IUMBV34,IUMBV37,IUMBV42,IUMBV45,IUM2WTL,IUM5WTL,IUMTLMV&UsingCodes=Y&VPD=Y&VFD=N",2026-08-10
2011-05-31,IUMBV37,4.34,bank_of_england_iadb,"https://www.bankofengland.co.uk/boeapps/database/_iadb-fromshowcolumns.asp?csv.x=yes&Datefrom=01/Jan/1975&Dateto=now&SeriesCodes=IUDBEDR,IUMBV34,IUMBV37,IUMBV42,IUMBV45,IUM2WTL,IUM5WTL,IUMTLMV&UsingCodes=Y&VPD=Y&VFD=N",2026-08-10
2011-05-31,IUMBV42,5.02,bank_of_england_iadb,"https://www.bankofengland.co.uk/boeapps/database/_iadb-fromshowcolumns.asp?csv.x=yes&Datefrom=01/Jan/1975&Dateto=now&SeriesCodes=IUDBEDR,IUMBV34,IUMBV37,IUMBV42,IUMBV45,IUM2WTL,IUM5WTL,IUMTLMV&UsingCodes=Y&VPD=Y&VFD=N",2026-08-10
2011-05-31,IUMTLMV,4.0,bank_of_england_iadb,"https://www.bankofengland.co.uk/boeapps/database/_iadb-fromshowcolumns.asp?csv.x=yes&Datefrom=01/Jan/1975&Dateto=now&SeriesCodes=IUDBEDR,IUMBV34,IUMBV37,IUMBV42,IUMBV45,IUM2WTL,IUM5WTL,IUMTLMV&UsingCodes=Y&VPD=Y&VFD=N",2026-08-10
2011-06-30,IUMBV34,3.36,bank_of_england_iadb,"https://www.bankofengland.co.uk/boeapps/database/_iadb-fromshowcolumns.asp?csv.x=yes&Datefrom=01/Jan/1975&Dateto=now&SeriesCodes=IUDBEDR,IUMBV34,IUMBV37,IUMBV42,IUMBV45,IUM2WTL,IUM5WTL,IUMTLMV&UsingCodes=Y&VPD=Y&VFD=N",2026-08-10
2011-06-30,IUMBV37,4.31,bank_of_england_iadb,"https://www.bankofengland.co.uk/boeapps/database/_iadb-fromshowcolumns.asp?csv.x=yes&Datefrom=01/Jan/1975&Dateto=now&SeriesCodes=IUDBEDR,IUMBV34,IUMBV37,IUMBV42,IUMBV45,IUM2WTL,IUM5WTL,IUMTLMV&UsingCodes=Y&VPD=Y&VFD=N",2026-08-10
2011-06-30,IUMBV42,4.9,bank_of_england_iadb,"https://www.bankofengland.co.uk/boeapps/database/_iadb-fromshowcolumns.asp?csv.x=yes&Datefrom=01/Jan/1975&Dateto=now&SeriesCodes=IUDBEDR,IUMBV34,IUMBV37,IUMBV42,IUMBV45,IUM2WTL,IUM5WTL,IUMTLMV&UsingCodes=Y&VPD=Y&VFD=N",2026-08-10
2011-06-30,IUMTLMV,4.05,bank_of_england_iadb,"https://www.bankofengland.co.uk/boeapps/database/_iadb-fromshowcolumns.asp?csv.x=yes&Datefrom=01/Jan/1975&Dateto=now&SeriesCodes=IUDBEDR,IUMBV34,IUMBV37,IUMBV42,IUMBV45,IUM2WTL,IUM5WTL,IUMTLMV&UsingCodes=Y&VPD=Y&VFD=N",2026-08-10
2011-07-31,IUMBV34,3.14,bank_of_england_iadb,"https://www.bankofengland.co.uk/boeapps/database/_iadb-fromshowcolumns.asp?csv.x=yes&Datefrom=01/Jan/1975&Dateto=now&SeriesCodes=IUDBEDR,IUMBV34,IUMBV37,IUMBV42,IUMBV45,IUM2WTL,IUM5WTL,IUMTLMV&UsingCodes=Y&VPD=Y&VFD=N",2026-08-10
2011-07-31,IUMBV37,4.13,bank_of_england_iadb,"https://www.bankofengland.co.uk/boeapps/database/_iadb-fromshowcolumns.asp?csv.x=yes&Datefrom=01/Jan/1975&Dateto=now&SeriesCodes=IUDBEDR,IUMBV34,IUMBV37,IUMBV42,IUMBV45,IUM2WTL,IUM5WTL,IUMTLMV&UsingCodes=Y&VPD=Y&VFD=N",2026-08-10
2011-07-31,IUMBV42,4.69,bank_of_england_iadb,"https://www.bankofengland.co.uk/boeapps/database/_iadb-fromshowcolumns.asp?csv.x=yes&Datefrom=01/Jan/1975&Dateto=now&SeriesCodes=IUDBEDR,IUMBV34,IUMBV37,IUMBV42,IUMBV45,IUM2WTL,IUM5WTL,IUMTLMV&UsingCodes=Y&VPD=Y&VFD=N",2026-08-10
2011-07-31,IUMTLMV,4.1,bank_of_england_iadb,"https://www.bankofengland.co.uk/boeapps/database/_iadb-fromshowcolumns.asp?csv.x=yes&Datefrom=01/Jan/1975&Dateto=now&SeriesCodes=IUDBEDR,IUMBV34,IUMBV37,IUMBV42,IUMBV45,IUM2WTL,IUM5WTL,IUMTLMV&UsingCodes=Y&VPD=Y&VFD=N",2026-08-10
2011-08-31,IUMBV34,3.0,bank_of_england_iadb,"https://www.bankofengland.co.uk/boeapps/database/_iadb-fromshowcolumns.asp?csv.x=yes&Datefrom=01/Jan/1975&Dateto=now&SeriesCodes=IUDBEDR,IUMBV34,IUMBV37,IUMBV42,IUMBV45,IUM2WTL,IUM5WTL,IUMTLMV&UsingCodes=Y&VPD=Y&VFD=N",2026-08-10
2011-08-31,IUMBV37,3.82,bank_of_england_iadb,"https://www.bankofengland.co.uk/boeapps/database/_iadb-fromshowcolumns.asp?csv.x=yes&Datefrom=01/Jan/1975&Dateto=now&SeriesCodes=IUDBEDR,IUMBV34,IUMBV37,IUMBV42,IUMBV45,IUM2WTL,IUM5WTL,IUMTLMV&UsingCodes=Y&VPD=Y&VFD=N",2026-08-10
2011-08-31,IUMBV42,4.51,bank_of_england_iadb,"https://www.bankofengland.co.uk/boeapps/database/_iadb-fromshowcolumns.asp?csv.x=yes&Datefrom=01/Jan/1975&Dateto=now&SeriesCodes=IUDBEDR,IUMBV34,IUMBV37,IUMBV42,IUMBV45,IUM2WTL,IUM5WTL,IUMTLMV&UsingCodes=Y&VPD=Y&VFD=N",2026-08-10
2011-08-31,IUMTLMV,4.11,bank_of_england_iadb,"https://www.bankofengland.co.uk/boeapps/database/_iadb-fromshowcolumns.asp?csv.x=yes&Datefrom=01/Jan/1975&Dateto=now&SeriesCodes=IUDBEDR,IUMBV34,IUMBV37,IUMBV42,IUMBV45,IUM2WTL,IUM5WTL,IUMTLMV&UsingCodes=Y&VPD=Y&VFD=N",2026-08-10
2011-09-30,IUMBV34,2.92,bank_of_england_iadb,"https://www.bankofengland.co.uk/boeapps/database/_iadb-fromshowcolumns.asp?csv.x=yes&Datefrom=01/Jan/1975&Dateto=now&SeriesCodes=IUDBEDR,IUMBV34,IUMBV37,IUMBV42,IUMBV45,IUM2WTL,IUM5WTL,IUMTLMV&UsingCodes=Y&VPD=Y&VFD=N",2026-08-10
2011-09-30,IUMBV37,3.58,bank_of_england_iadb,"https://www.bankofengland.co.uk/boeapps/database/_iadb-fromshowcolumns.asp?csv.x=yes&Datefrom=01/Jan/1975&Dateto=now&SeriesCodes=IUDBEDR,IUMBV34,IUMBV37,IUMBV42,IUMBV45,IUM2WTL,IUM5WTL,IUMTLMV&UsingCodes=Y&VPD=Y&VFD=N",2026-08-10
2011-09-30,IUMBV42,3.98,bank_of_england_iadb,"https://www.bankofengland.co.uk/boeapps/database/_iadb-fromshowcolumns.asp?csv.x=yes&Datefrom=01/Jan/1975&Dateto=now&SeriesCodes=IUDBEDR,IUMBV34,IUMBV37,IUMBV42,IUMBV45,IUM2WTL,IUM5WTL,IUMTLMV&UsingCodes=Y&VPD=Y&VFD=N",2026-08-10
2011-09-30,IUMTLMV,4.12,bank_of_england_iadb,"https://www.bankofengland.co.uk/boeapps/database/_iadb-fromshowcolumns.asp?csv.x=yes&Datefrom=01/Jan/1975&Dateto=now&SeriesCodes=IUDBEDR,IUMBV34,IUMBV37,IUMBV42,IUMBV45,IUM2WTL,IUM5WTL,IUMTLMV&UsingCodes=Y&VPD=Y&VFD=N",2026-08-10
2011-10-31,IUMBV34,3.04,bank_of_england_iadb,"https://www.bankofengland.co.uk/boeapps/database/_iadb-fromshowcolumns.asp?csv.x=yes&Datefrom=01/Jan/1975&Dateto=now&SeriesCodes=IUDBEDR,IUMBV34,IUMBV37,IUMBV42,IUMBV45,IUM2WTL,IUM5WTL,IUMTLMV&UsingCodes=Y&VPD=Y&VFD=N",2026-08-10
2011-10-31,IUMBV37,3.6,bank_of_england_iadb,"https://www.bankofengland.co.uk/boeapps/database/_iadb-fromshowcolumns.asp?csv.x=yes&Datefrom=01/Jan/1975&Dateto=now&SeriesCodes=IUDBEDR,IUMBV34,IUMBV37,IUMBV42,IUMBV45,IUM2WTL,IUM5WTL,IUMTLMV&UsingCodes=Y&VPD=Y&VFD=N",2026-08-10
2011-10-31,IUMBV42,4.0,bank_of_england_iadb,"https://www.bankofengland.co.uk/boeapps/database/_iadb-fromshowcolumns.asp?csv.x=yes&Datefrom=01/Jan/1975&Dateto=now&SeriesCodes=IUDBEDR,IUMBV34,IUMBV37,IUMBV42,IUMBV45,IUM2WTL,IUM5WTL,IUMTLMV&UsingCodes=Y&VPD=Y&VFD=N",2026-08-10
2011-10-31,IUMTLMV,4.14,bank_of_england_iadb,"https://www.bankofengland.co.uk/boeapps/database/_iadb-fromshowcolumns.asp?csv.x=yes&Datefrom=01/Jan/1975&Dateto=now&SeriesCodes=IUDBEDR,IUMBV34,IUMBV37,IUMBV42,IUMBV45,IUM2WTL,IUM5WTL,IUMTLMV&UsingCodes=Y&VPD=Y&VFD=N",2026-08-10
2011-11-30,IUMBV34,3.14,bank_of_england_iadb,"https://www.bankofengland.co.uk/boeapps/database/_iadb-fromshowcolumns.asp?csv.x=yes&Datefrom=01/Jan/1975&Dateto=now&SeriesCodes=IUDBEDR,IUMBV34,IUMBV37,IUMBV42,IUMBV45,IUM2WTL,IUM5WTL,IUMTLMV&UsingCodes=Y&VPD=Y&VFD=N",2026-08-10
2011-11-30,IUMBV37,3.64,bank_of_england_iadb,"https://www.bankofengland.co.uk/boeapps/database/_iadb-fromshowcolumns.asp?csv.x=yes&Datefrom=01/Jan/1975&Dateto=now&SeriesCodes=IUDBEDR,IUMBV34,IUMBV37,IUMBV42,IUMBV45,IUM2WTL,IUM5WTL,IUMTLMV&UsingCodes=Y&VPD=Y&VFD=N",2026-08-10
2011-11-30,IUMBV42,4.08,bank_of_england_iadb,"https://www.bankofengland.co.uk/boeapps/database/_iadb-fromshowcolumns.asp?csv.x=yes&Datefrom=01/Jan/1975&Dateto=now&SeriesCodes=IUDBEDR,IUMBV34,IUMBV37,IUMBV42,IUMBV45,IUM2WTL,IUM5WTL,IUMTLMV&UsingCodes=Y&VPD=Y&VFD=N",2026-08-10
2011-11-30,IUMTLMV,4.13,bank_of_england_iadb,"https://www.bankofengland.co.uk/boeapps/database/_iadb-fromshowcolumns.asp?csv.x=yes&Datefrom=01/Jan/1975&Dateto=now&SeriesCodes=IUDBEDR,IUMBV34,IUMBV37,IUMBV42,IUMBV45,IUM2WTL,IUM5WTL,IUMTLMV&UsingCodes=Y&VPD=Y&VFD=N",2026-08-10
2011-12-31,IUMBV34,3.22,bank_of_england_iadb,"https://www.bankofengland.co.uk/boeapps/database/_iadb-fromshowcolumns.asp?csv.x=yes&Datefrom=01/Jan/1975&Dateto=now&SeriesCodes=IUDBEDR,IUMBV34,IUMBV37,IUMBV42,IUMBV45,IUM2WTL,IUM5WTL,IUMTLMV&UsingCodes=Y&VPD=Y&VFD=N",2026-08-10
2011-12-31,IUMBV37,3.63,bank_of_england_iadb,"https://www.bankofengland.co.uk/boeapps/database/_iadb-fromshowcolumns.asp?csv.x=yes&Datefrom=01/Jan/1975&Dateto=now&SeriesCodes=IUDBEDR,IUMBV34,IUMBV37,IUMBV42,IUMBV45,IUM2WTL,IUM5WTL,IUMTLMV&UsingCodes=Y&VPD=Y&VFD=N",2026-08-10
2011-12-31,IUMBV42,4.06,bank_of_england_iadb,"https://www.bankofengland.co.uk/boeapps/database/_iadb-fromshowcolumns.asp?csv.x=yes&Datefrom=01/Jan/1975&Dateto=now&SeriesCodes=IUDBEDR,IUMBV34,IUMBV37,IUMBV42,IUMBV45,IUM2WTL,IUM5WTL,IUMTLMV&UsingCodes=Y&VPD=Y&VFD=N",2026-08-10
2011-12-31,IUMTLMV,4.12,bank_of_england_iadb,"https://www.bankofengland.co.uk/boeapps/database/_iadb-fromshowcolumns.asp?csv.x=yes&Datefrom=01/Jan/1975&Dateto=now&SeriesCodes=IUDBEDR,IUMBV34,IUMBV37,IUMBV42,IUMBV45,IUM2WTL,IUM5WTL,IUMTLMV&UsingCodes=Y&VPD=Y&VFD=N",2026-08-10
2012-01-31,IUMBV34,3.27,bank_of_england_iadb,"https://www.bankofengland.co.uk/boeapps/database/_iadb-fromshowcolumns.asp?csv.x=yes&Datefrom=01/Jan/1975&Dateto=now&SeriesCodes=IUDBEDR,IUMBV34,IUMBV37,IUMBV42,IUMBV45,IUM2WTL,IUM5WTL,IUMTLMV&UsingCodes=Y&VPD=Y&VFD=N",2026-08-10
2012-01-31,IUMBV37,3.77,bank_of_england_iadb,"https://www.bankofengland.co.uk/boeapps/database/_iadb-fromshowcolumns.asp?csv.x=yes&Datefrom=01/Jan/1975&Dateto=now&SeriesCodes=IUDBEDR,IUMBV34,IUMBV37,IUMBV42,IUMBV45,IUM2WTL,IUM5WTL,IUMTLMV&UsingCodes=Y&VPD=Y&VFD=N",2026-08-10
2012-01-31,IUMBV42,4.18,bank_of_england_iadb,"https://www.bankofengland.co.uk/boeapps/database/_iadb-fromshowcolumns.asp?csv.x=yes&Datefrom=01/Jan/1975&Dateto=now&SeriesCodes=IUDBEDR,IUMBV34,IUMBV37,IUMBV42,IUMBV45,IUM2WTL,IUM5WTL,IUMTLMV&UsingCodes=Y&VPD=Y&VFD=N",2026-08-10
2012-01-31,IUMTLMV,4.18,bank_of_england_iadb,"https://www.bankofengland.co.uk/boeapps/database/_iadb-fromshowcolumns.asp?csv.x=yes&Datefrom=01/Jan/1975&Dateto=now&SeriesCodes=IUDBEDR,IUMBV34,IUMBV37,IUMBV42,IUMBV45,IUM2WTL,IUM5WTL,IUMTLMV&UsingCodes=Y&VPD=Y&VFD=N",2026-08-10
2012-02-29,IUMBV34,3.37,bank_of_england_iadb,"https://www.bankofengland.co.uk/boeapps/database/_iadb-fromshowcolumns.asp?csv.x=yes&Datefrom=01/Jan/1975&Dateto=now&SeriesCodes=IUDBEDR,IUMBV34,IUMBV37,IUMBV42,IUMBV45,IUM2WTL,IUM5WTL,IUMTLMV&UsingCodes=Y&VPD=Y&VFD=N",2026-08-10
2012-02-29,IUMBV37,3.86,bank_of_england_iadb,"https://www.bankofengland.co.uk/boeapps/database/_iadb-fromshowcolumns.asp?csv.x=yes&Datefrom=01/Jan/1975&Dateto=now&SeriesCodes=IUDBEDR,IUMBV34,IUMBV37,IUMBV42,IUMBV45,IUM2WTL,IUM5WTL,IUMTLMV&UsingCodes=Y&VPD=Y&VFD=N",2026-08-10
2012-02-29,IUMBV42,4.17,bank_of_england_iadb,"https://www.bankofengland.co.uk/boeapps/database/_iadb-fromshowcolumns.asp?csv.x=yes&Datefrom=01/Jan/1975&Dateto=now&SeriesCodes=IUDBEDR,IUMBV34,IUMBV37,IUMBV42,IUMBV45,IUM2WTL,IUM5WTL,IUMTLMV&UsingCodes=Y&VPD=Y&VFD=N",2026-08-10
2012-02-29,IUMTLMV,4.14,bank_of_england_iadb,"https://www.bankofengland.co.uk/boeapps/database/_iadb-fromshowcolumns.asp?csv.x=yes&Datefrom=01/Jan/1975&Dateto=now&SeriesCodes=IUDBEDR,IUMBV34,IUMBV37,IUMBV42,IUMBV45,IUM2WTL,IUM5WTL,IUMTLMV&UsingCodes=Y&VPD=Y&VFD=N",2026-08-10
2012-03-31,IUMBV34,3.44,bank_of_england_iadb,"https://www.bankofengland.co.uk/boeapps/database/_iadb-fromshowcolumns.asp?csv.x=yes&Datefrom=01/Jan/1975&Dateto=now&SeriesCodes=IUDBEDR,IUMBV34,IUMBV37,IUMBV42,IUMBV45,IUM2WTL,IUM5WTL,IUMTLMV&UsingCodes=Y&VPD=Y&VFD=N",2026-08-10
2012-03-31,IUMBV37,3.91,bank_of_england_iadb,"https://www.bankofengland.co.uk/boeapps/database/_iadb-fromshowcolumns.asp?csv.x=yes&Datefrom=01/Jan/1975&Dateto=now&SeriesCodes=IUDBEDR,IUMBV34,IUMBV37,IUMBV42,IUMBV45,IUM2WTL,IUM5WTL,IUMTLMV&UsingCodes=Y&VPD=Y&VFD=N",2026-08-10
2012-03-31,IUMBV42,4.19,bank_of_england_iadb,"https://www.bankofengland.co.uk/boeapps/database/_iadb-fromshowcolumns.asp?csv.x=yes&Datefrom=01/Jan/1975&Dateto=now&SeriesCodes=IUDBEDR,IUMBV34,IUMBV37,IUMBV42,IUMBV45,IUM2WTL,IUM5WTL,IUMTLMV&UsingCodes=Y&VPD=Y&VFD=N",2026-08-10
2012-03-31,IUMTLMV,4.1,bank_of_england_iadb,"https://www.bankofengland.co.uk/boeapps/database/_iadb-fromshowcolumns.asp?csv.x=yes&Datefrom=01/Jan/1975&Dateto=now&SeriesCodes=IUDBEDR,IUMBV34,IUMBV37,IUMBV42,IUMBV45,IUM2WTL,IUM5WTL,IUMTLMV&UsingCodes=Y&VPD=Y&VFD=N",2026-08-10
2012-04-30,IUMBV34,3.66,bank_of_england_iadb,"https://www.bankofengland.co.uk/boeapps/database/_iadb-fromshowcolumns.asp?csv.x=yes&Datefrom=01/Jan/1975&Dateto=now&SeriesCodes=IUDBEDR,IUMBV34,IUMBV37,IUMBV42,IUMBV45,IUM2WTL,IUM5WTL,IUMTLMV&UsingCodes=Y&VPD=Y&VFD=N",2026-08-10
2012-04-30,IUMBV37,4.03,bank_of_england_iadb,"https://www.bankofengland.co.uk/boeapps/database/_iadb-fromshowcolumns.asp?csv.x=yes&Datefrom=01/Jan/1975&Dateto=now&SeriesCodes=IUDBEDR,IUMBV34,IUMBV37,IUMBV42,IUMBV45,IUM2WTL,IUM5WTL,IUMTLMV&UsingCodes=Y&VPD=Y&VFD=N",2026-08-10
2012-04-30,IUMBV42,4.29,bank_of_england_iadb,"https://www.bankofengland.co.uk/boeapps/database/_iadb-fromshowcolumns.asp?csv.x=yes&Datefrom=01/Jan/1975&Dateto=now&SeriesCodes=IUDBEDR,IUMBV34,IUMBV37,IUMBV42,IUMBV45,IUM2WTL,IUM5WTL,IUMTLMV&UsingCodes=Y&VPD=Y&VFD=N",2026-08-10
2012-04-30,IUMTLMV,4.1,bank_of_england_iadb,"https://www.bankofengland.co.uk/boeapps/database/_iadb-fromshowcolumns.asp?csv.x=yes&Datefrom=01/Jan/1975&Dateto=now&SeriesCodes=IUDBEDR,IUMBV34,IUMBV37,IUMBV42,IUMBV45,IUM2WTL,IUM5WTL,IUMTLMV&UsingCodes=Y&VPD=Y&VFD=N",2026-08-10
2012-05-31,IUMBV34,3.68,bank_of_england_iadb,"https://www.bankofengland.co.uk/boeapps/database/_iadb-fromshowcolumns.asp?csv.x=yes&Datefrom=01/Jan/1975&Dateto=now&SeriesCodes=IUDBEDR,IUMBV34,IUMBV37,IUMBV42,IUMBV45,IUM2WTL,IUM5WTL,IUMTLMV&UsingCodes=Y&VPD=Y&VFD=N",2026-08-10
2012-05-31,IUMBV37,4.1,bank_of_england_iadb,"https://www.bankofengland.co.uk/boeapps/database/_iadb-fromshowcolumns.asp?csv.x=yes&Datefrom=01/Jan/1975&Dateto=now&SeriesCodes=IUDBEDR,IUMBV34,IUMBV37,IUMBV42,IUMBV45,IUM2WTL,IUM5WTL,IUMTLMV&UsingCodes=Y&VPD=Y&VFD=N",2026-08-10
2012-05-31,IUMBV42,4.28,bank_of_england_iadb,"https://www.bankofengland.co.uk/boeapps/database/_iadb-fromshowcolumns.asp?csv.x=yes&Datefrom=01/Jan/1975&Dateto=now&SeriesCodes=IUDBEDR,IUMBV34,IUMBV37,IUMBV42,IUMBV45,IUM2WTL,IUM5WTL,IUMTLMV&UsingCodes=Y&VPD=Y&VFD=N",2026-08-10
2012-05-31,IUMTLMV,4.16,bank_of_england_iadb,"https://www.bankofengland.co.uk/boeapps/database/_iadb-fromshowcolumns.asp?csv.x=yes&Datefrom=01/Jan/1975&Dateto=now&SeriesCodes=IUDBEDR,IUMBV34,IUMBV37,IUMBV42,IUMBV45,IUM2WTL,IUM5WTL,IUMTLMV&UsingCodes=Y&VPD=Y&VFD=N",2026-08-10
2012-06-30,IUMBV34,3.74,bank_of_england_iadb,"https://www.bankofengland.co.uk/boeapps/database/_iadb-fromshowcolumns.asp?csv.x=yes&Datefrom=01/Jan/1975&Dateto=now&SeriesCodes=IUDBEDR,IUMBV34,IUMBV37,IUMBV42,IUMBV45,IUM2WTL,IUM5WTL,IUMTLMV&UsingCodes=Y&VPD=Y&VFD=N",2026-08-10
2012-06-30,IUMBV37,4.09,bank_of_england_iadb,"https://www.bankofengland.co.uk/boeapps/database/_iadb-fromshowcolumns.asp?csv.x=yes&Datefrom=01/Jan/1975&Dateto=now&SeriesCodes=IUDBEDR,IUMBV34,IUMBV37,IUMBV42,IUMBV45,IUM2WTL,IUM5WTL,IUMTLMV&UsingCodes=Y&VPD=Y&VFD=N",2026-08-10
2012-06-30,IUMBV42,4.3,bank_of_england_iadb,"https://www.bankofengland.co.uk/boeapps/database/_iadb-fromshowcolumns.asp?csv.x=yes&Datefrom=01/Jan/1975&Dateto=now&SeriesCodes=IUDBEDR,IUMBV34,IUMBV37,IUMBV42,IUMBV45,IUM2WTL,IUM5WTL,IUMTLMV&UsingCodes=Y&VPD=Y&VFD=N",2026-08-10
2012-06-30,IUMTLMV,4.22,bank_of_england_iadb,"https://www.bankofengland.co.uk/boeapps/database/_iadb-fromshowcolumns.asp?csv.x=yes&Datefrom=01/Jan/1975&Dateto=now&SeriesCodes=IUDBEDR,IUMBV34,IUMBV37,IUMBV42,IUMBV45,IUM2WTL,IUM5WTL,IUMTLMV&UsingCodes=Y&VPD=Y&VFD=N",2026-08-10
2012-07-31,IUMBV34,3.67,bank_of_england_iadb,"https://www.bankofengland.co.uk/boeapps/database/_iadb-fromshowcolumns.asp?csv.x=yes&Datefrom=01/Jan/1975&Dateto=now&SeriesCodes=IUDBEDR,IUMBV34,IUMBV37,IUMBV42,IUMBV45,IUM2WTL,IUM5WTL,IUMTLMV&UsingCodes=Y&VPD=Y&VFD=N",2026-08-10
2012-07-31,IUMBV37,3.97,bank_of_england_iadb,"https://www.bankofengland.co.uk/boeapps/database/_iadb-fromshowcolumns.asp?csv.x=yes&Datefrom=01/Jan/1975&Dateto=now&SeriesCodes=IUDBEDR,IUMBV34,IUMBV37,IUMBV42,IUMBV45,IUM2WTL,IUM5WTL,IUMTLMV&UsingCodes=Y&VPD=Y&VFD=N",2026-08-10
2012-07-31,IUMBV42,4.18,bank_of_england_iadb,"https://www.bankofengland.co.uk/boeapps/database/_iadb-fromshowcolumns.asp?csv.x=yes&Datefrom=01/Jan/1975&Dateto=now&SeriesCodes=IUDBEDR,IUMBV34,IUMBV37,IUMBV42,IUMBV45,IUM2WTL,IUM5WTL,IUMTLMV&UsingCodes=Y&VPD=Y&VFD=N",2026-08-10
2012-07-31,IUMTLMV,4.24,bank_of_england_iadb,"https://www.bankofengland.co.uk/boeapps/database/_iadb-fromshowcolumns.asp?csv.x=yes&Datefrom=01/Jan/1975&Dateto=now&SeriesCodes=IUDBEDR,IUMBV34,IUMBV37,IUMBV42,IUMBV45,IUM2WTL,IUM5WTL,IUMTLMV&UsingCodes=Y&VPD=Y&VFD=N",2026-08-10
2012-08-31,IUMBV34,3.69,bank_of_england_iadb,"https://www.bankofengland.co.uk/boeapps/database/_iadb-fromshowcolumns.asp?csv.x=yes&Datefrom=01/Jan/1975&Dateto=now&SeriesCodes=IUDBEDR,IUMBV34,IUMBV37,IUMBV42,IUMBV45,IUM2WTL,IUM5WTL,IUMTLMV&UsingCodes=Y&VPD=Y&VFD=N",2026-08-10
2012-08-31,IUMBV37,4.01,bank_of_england_iadb,"https://www.bankofengland.co.uk/boeapps/database/_iadb-fromshowcolumns.asp?csv.x=yes&Datefrom=01/Jan/1975&Dateto=now&SeriesCodes=IUDBEDR,IUMBV34,IUMBV37,IUMBV42,IUMBV45,IUM2WTL,IUM5WTL,IUMTLMV&UsingCodes=Y&VPD=Y&VFD=N",2026-08-10
2012-08-31,IUMBV42,4.11,bank_of_england_iadb,"https://www.bankofengland.co.uk/boeapps/database/_iadb-fromshowcolumns.asp?csv.x=yes&Datefrom=01/Jan/1975&Dateto=now&SeriesCodes=IUDBEDR,IUMBV34,IUMBV37,IUMBV42,IUMBV45,IUM2WTL,IUM5WTL,IUMTLMV&UsingCodes=Y&VPD=Y&VFD=N",2026-08-10
2012-08-31,IUMTLMV,4.27,bank_of_england_iadb,"https://www.bankofengland.co.uk/boeapps/database/_iadb-fromshowcolumns.asp?csv.x=yes&Datefrom=01/Jan/1975&Dateto=now&SeriesCodes=IUDBEDR,IUMBV34,IUMBV37,IUMBV42,IUMBV45,IUM2WTL,IUM5WTL,IUMTLMV&UsingCodes=Y&VPD=Y&VFD=N",2026-08-10
2012-09-30,IUMBV34,3.67,bank_of_england_iadb,"https://www.bankofengland.co.uk/boeapps/database/_iadb-fromshowcolumns.asp?csv.x=yes&Datefrom=01/Jan/1975&Dateto=now&SeriesCodes=IUDBEDR,IUMBV34,IUMBV37,IUMBV42,IUMBV45,IUM2WTL,IUM5WTL,IUMTLMV&UsingCodes=Y&VPD=Y&VFD=N",2026-08-10
2012-09-30,IUMBV37,4.05,bank_of_england_iadb,"https://www.bankofengland.co.uk/boeapps/database/_iadb-fromshowcolumns.asp?csv.x=yes&Datefrom=01/Jan/1975&Dateto=now&SeriesCodes=IUDBEDR,IUMBV34,IUMBV37,IUMBV42,IUMBV45,IUM2WTL,IUM5WTL,IUMTLMV&UsingCodes=Y&VPD=Y&VFD=N",2026-08-10
2012-09-30,IUMBV42,4.07,bank_of_england_iadb,"https://www.bankofengland.co.uk/boeapps/database/_iadb-fromshowcolumns.asp?csv.x=yes&Datefrom=01/Jan/1975&Dateto=now&SeriesCodes=IUDBEDR,IUMBV34,IUMBV37,IUMBV42,IUMBV45,IUM2WTL,IUM5WTL,IUMTLMV&UsingCodes=Y&VPD=Y&VFD=N",2026-08-10
2012-09-30,IUMTLMV,4.29,bank_of_england_iadb,"https://www.bankofengland.co.uk/boeapps/database/_iadb-fromshowcolumns.asp?csv.x=yes&Datefrom=01/Jan/1975&Dateto=now&SeriesCodes=IUDBEDR,IUMBV34,IUMBV37,IUMBV42,IUMBV45,IUM2WTL,IUM5WTL,IUMTLMV&UsingCodes=Y&VPD=Y&VFD=N",2026-08-10
2012-10-31,IUMBV34,3.49,bank_of_england_iadb,"https://www.bankofengland.co.uk/boeapps/database/_iadb-fromshowcolumns.asp?csv.x=yes&Datefrom=01/Jan/1975&Dateto=now&SeriesCodes=IUDBEDR,IUMBV34,IUMBV37,IUMBV42,IUMBV45,IUM2WTL,IUM5WTL,IUMTLMV&UsingCodes=Y&VPD=Y&VFD=N",2026-08-10
2012-10-31,IUMBV37,3.88,bank_of_england_iadb,"https://www.bankofengland.co.uk/boeapps/database/_iadb-fromshowcolumns.asp?csv.x=yes&Datefrom=01/Jan/1975&Dateto=now&SeriesCodes=IUDBEDR,IUMBV34,IUMBV37,IUMBV42,IUMBV45,IUM2WTL,IUM5WTL,IUMTLMV&UsingCodes=Y&VPD=Y&VFD=N",2026-08-10
2012-10-31,IUMBV42,3.96,bank_of_england_iadb,"https://www.bankofengland.co.uk/boeapps/database/_iadb-fromshowcolumns.asp?csv.x=yes&Datefrom=01/Jan/1975&Dateto=now&SeriesCodes=IUDBEDR,IUMBV34,IUMBV37,IUMBV42,IUMBV45,IUM2WTL,IUM5WTL,IUMTLMV&UsingCodes=Y&VPD=Y&VFD=N",2026-08-10
2012-10-31,IUMTLMV,4.32,bank_of_england_iadb,"https://www.bankofengland.co.uk/boeapps/database/_iadb-fromshowcolumns.asp?csv.x=yes&Datefrom=01/Jan/1975&Dateto=now&SeriesCodes=IUDBEDR,IUMBV34,IUMBV37,IUMBV42,IUMBV45,IUM2WTL,IUM5WTL,IUMTLMV&UsingCodes=Y&VPD=Y&VFD=N",2026-08-10
2012-11-30,IUMBV34,3.43,bank_of_england_iadb,"https://www.bankofengland.co.uk/boeapps/database/_iadb-fromshowcolumns.asp?csv.x=yes&Datefrom=01/Jan/1975&Dateto=now&SeriesCodes=IUDBEDR,IUMBV34,IUMBV37,IUMBV42,IUMBV45,IUM2WTL,IUM5WTL,IUMTLMV&UsingCodes=Y&VPD=Y&VFD=N",2026-08-10
2012-11-30,IUMBV37,3.75,bank_of_england_iadb,"https://www.bankofengland.co.uk/boeapps/database/_iadb-fromshowcolumns.asp?csv.x=yes&Datefrom=01/Jan/1975&Dateto=now&SeriesCodes=IUDBEDR,IUMBV34,IUMBV37,IUMBV42,IUMBV45,IUM2WTL,IUM5WTL,IUMTLMV&UsingCodes=Y&VPD=Y&VFD=N",2026-08-10
2012-11-30,IUMBV42,3.92,bank_of_england_iadb,"https://www.bankofengland.co.uk/boeapps/database/_iadb-fromshowcolumns.asp?csv.x=yes&Datefrom=01/Jan/1975&Dateto=now&SeriesCodes=IUDBEDR,IUMBV34,IUMBV37,IUMBV42,IUMBV45,IUM2WTL,IUM5WTL,IUMTLMV&UsingCodes=Y&VPD=Y&VFD=N",2026-08-10
2012-11-30,IUMTLMV,4.32,bank_of_england_iadb,"https://www.bankofengland.co.uk/boeapps/database/_iadb-fromshowcolumns.asp?csv.x=yes&Datefrom=01/Jan/1975&Dateto=now&SeriesCodes=IUDBEDR,IUMBV34,IUMBV37,IUMBV42,IUMBV45,IUM2WTL,IUM5WTL,IUMTLMV&UsingCodes=Y&VPD=Y&VFD=N",2026-08-10
2012-12-31,IUMBV34,3.35,bank_of_england_iadb,"https://www.bankofengland.co.uk/boeapps/database/_iadb-fromshowcolumns.asp?csv.x=yes&Datefrom=01/Jan/1975&Dateto=now&SeriesCodes=IUDBEDR,IUMBV34,IUMBV37,IUMBV42,IUMBV45,IUM2WTL,IUM5WTL,IUMTLMV&UsingCodes=Y&VPD=Y&VFD=N",2026-08-10
2012-12-31,IUMBV37,3.67,bank_of_england_iadb,"https://www.bankofengland.co.uk/boeapps/database/_iadb-fromshowcolumns.asp?csv.x=yes&Datefrom=01/Jan/1975&Dateto=now&SeriesCodes=IUDBEDR,IUMBV34,IUMBV37,IUMBV42,IUMBV45,IUM2WTL,IUM5WTL,IUMTLMV&UsingCodes=Y&VPD=Y&VFD=N",2026-08-10
2012-12-31,IUMBV42,3.91,bank_of_england_iadb,"https://www.bankofengland.co.uk/boeapps/database/_iadb-fromshowcolumns.asp?csv.x=yes&Datefrom=01/Jan/1975&Dateto=now&SeriesCodes=IUDBEDR,IUMBV34,IUMBV37,IUMBV42,IUMBV45,IUM2WTL,IUM5WTL,IUMTLMV&UsingCodes=Y&VPD=Y&VFD=N",2026-08-10
2012-12-31,IUMTLMV,4.35,bank_of_england_iadb,"https://www.bankofengland.co.uk/boeapps/database/_iadb-fromshowcolumns.asp?csv.x=yes&Datefrom=01/Jan/1975&Dateto=now&SeriesCodes=IUDBEDR,IUMBV34,IUMBV37,IUMBV42,IUMBV45,IUM2WTL,IUM5WTL,IUMTLMV&UsingCodes=Y&VPD=Y&VFD=N",2026-08-10
2013-01-31,IUMBV34,3.11,bank_of_england_iadb,"https://www.bankofengland.co.uk/boeapps/database/_iadb-fromshowcolumns.asp?csv.x=yes&Datefrom=01/Jan/1975&Dateto=now&SeriesCodes=IUDBEDR,IUMBV34,IUMBV37,IUMBV42,IUMBV45,IUM2WTL,IUM5WTL,IUMTLMV&UsingCodes=Y&VPD=Y&VFD=N",2026-08-10
2013-01-31,IUMBV37,3.43,bank_of_england_iadb,"https://www.bankofengland.co.uk/boeapps/database/_iadb-fromshowcolumns.asp?csv.x=yes&Datefrom=01/Jan/1975&Dateto=now&SeriesCodes=IUDBEDR,IUMBV34,IUMBV37,IUMBV42,IUMBV45,IUM2WTL,IUM5WTL,IUMTLMV&UsingCodes=Y&VPD=Y&VFD=N",2026-08-10
2013-01-31,IUMBV42,3.71,bank_of_england_iadb,"https://www.bankofengland.co.uk/boeapps/database/_iadb-fromshowcolumns.asp?csv.x=yes&Datefrom=01/Jan/1975&Dateto=now&SeriesCodes=IUDBEDR,IUMBV34,IUMBV37,IUMBV42,IUMBV45,IUM2WTL,IUM5WTL,IUMTLMV&UsingCodes=Y&VPD=Y&VFD=N",2026-08-10
2013-01-31,IUMTLMV,4.38,bank_of_england_iadb,"https://www.bankofengland.co.uk/boeapps/database/_iadb-fromshowcolumns.asp?csv.x=yes&Datefrom=01/Jan/1975&Dateto=now&SeriesCodes=IUDBEDR,IUMBV34,IUMBV37,IUMBV42,IUMBV45,IUM2WTL,IUM5WTL,IUMTLMV&UsingCodes=Y&VPD=Y&VFD=N",2026-08-10
2013-02-28,IUMBV34,2.92,bank_of_england_iadb,"https://www.bankofengland.co.uk/boeapps/database/_iadb-fromshowcolumns.asp?csv.x=yes&Datefrom=01/Jan/1975&Dateto=now&SeriesCodes=IUDBEDR,IUMBV34,IUMBV37,IUMBV42,IUMBV45,IUM2WTL,IUM5WTL,IUMTLMV&UsingCodes=Y&VPD=Y&VFD=N",2026-08-10
2013-02-28,IUMBV37,3.28,bank_of_england_iadb,"https://www.bankofengland.co.uk/boeapps/database/_iadb-fromshowcolumns.asp?csv.x=yes&Datefrom=01/Jan/1975&Dateto=now&SeriesCodes=IUDBEDR,IUMBV34,IUMBV37,IUMBV42,IUMBV45,IUM2WTL,IUM5WTL,IUMTLMV&UsingCodes=Y&VPD=Y&VFD=N",2026-08-10
2013-02-28,IUMBV42,3.62,bank_of_england_iadb,"https://www.bankofengland.co.uk/boeapps/database/_iadb-fromshowcolumns.asp?csv.x=yes&Datefrom=01/Jan/1975&Dateto=now&SeriesCodes=IUDBEDR,IUMBV34,IUMBV37,IUMBV42,IUMBV45,IUM2WTL,IUM5WTL,IUMTLMV&UsingCodes=Y&VPD=Y&VFD=N",2026-08-10
2013-02-28,IUMBV45,4.49,bank_of_england_iadb,"https://www.bankofengland.co.uk/boeapps/database/_iadb-fromshowcolumns.asp?csv.x=yes&Datefrom=01/Jan/1975&Dateto=now&SeriesCodes=IUDBEDR,IUMBV34,IUMBV37,IUMBV42,IUMBV45,IUM2WTL,IUM5WTL,IUMTLMV&UsingCodes=Y&VPD=Y&VFD=N",2026-08-10
2013-02-28,IUMTLMV,4.38,bank_of_england_iadb,"https://www.bankofengland.co.uk/boeapps/database/_iadb-fromshowcolumns.asp?csv.x=yes&Datefrom=01/Jan/1975&Dateto=now&SeriesCodes=IUDBEDR,IUMBV34,IUMBV37,IUMBV42,IUMBV45,IUM2WTL,IUM5WTL,IUMTLMV&UsingCodes=Y&VPD=Y&VFD=N",2026-08-10
2013-03-31,IUMBV34,2.9,bank_of_england_iadb,"https://www.bankofengland.co.uk/boeapps/database/_iadb-fromshowcolumns.asp?csv.x=yes&Datefrom=01/Jan/1975&Dateto=now&SeriesCodes=IUDBEDR,IUMBV34,IUMBV37,IUMBV42,IUMBV45,IUM2WTL,IUM5WTL,IUMTLMV&UsingCodes=Y&VPD=Y&VFD=N",2026-08-10
2013-03-31,IUMBV37,3.3,bank_of_england_iadb,"https://www.bankofengland.co.uk/boeapps/database/_iadb-fromshowcolumns.asp?csv.x=yes&Datefrom=01/Jan/1975&Dateto=now&SeriesCodes=IUDBEDR,IUMBV34,IUMBV37,IUMBV42,IUMBV45,IUM2WTL,IUM5WTL,IUMTLMV&UsingCodes=Y&VPD=Y&VFD=N",2026-08-10
2013-03-31,IUMBV42,3.63,bank_of_england_iadb,"https://www.bankofengland.co.uk/boeapps/database/_iadb-fromshowcolumns.asp?csv.x=yes&Datefrom=01/Jan/1975&Dateto=now&SeriesCodes=IUDBEDR,IUMBV34,IUMBV37,IUMBV42,IUMBV45,IUM2WTL,IUM5WTL,IUMTLMV&UsingCodes=Y&VPD=Y&VFD=N",2026-08-10
2013-03-31,IUMTLMV,4.34,bank_of_england_iadb,"https://www.bankofengland.co.uk/boeapps/database/_iadb-fromshowcolumns.asp?csv.x=yes&Datefrom=01/Jan/1975&Dateto=now&SeriesCodes=IUDBEDR,IUMBV34,IUMBV37,IUMBV42,IUMBV45,IUM2WTL,IUM5WTL,IUMTLMV&UsingCodes=Y&VPD=Y&VFD=N",2026-08-10
2013-04-30,IUMBV34,2.87,bank_of_england_iadb,"https://www.bankofengland.co.uk/boeapps/database/_iadb-fromshowcolumns.asp?csv.x=yes&Datefrom=01/Jan/1975&Dateto=now&SeriesCodes=IUDBEDR,IUMBV34,IUMBV37,IUMBV42,IUMBV45,IUM2WTL,IUM5WTL,IUMTLMV&UsingCodes=Y&VPD=Y&VFD=N",2026-08-10
2013-04-30,IUMBV37,2.98,bank_of_england_iadb,"https://www.bankofengland.co.uk/boeapps/database/_iadb-fromshowcolumns.asp?csv.x=yes&Datefrom=01/Jan/1975&Dateto=now&SeriesCodes=IUDBEDR,IUMBV34,IUMBV37,IUMBV42,IUMBV45,IUM2WTL,IUM5WTL,IUMTLMV&UsingCodes=Y&VPD=Y&VFD=N",2026-08-10
2013-04-30,IUMBV42,3.61,bank_of_england_iadb,"https://www.bankofengland.co.uk/boeapps/database/_iadb-fromshowcolumns.asp?csv.x=yes&Datefrom=01/Jan/1975&Dateto=now&SeriesCodes=IUDBEDR,IUMBV34,IUMBV37,IUMBV42,IUMBV45,IUM2WTL,IUM5WTL,IUMTLMV&UsingCodes=Y&VPD=Y&VFD=N",2026-08-10
2013-04-30,IUMTLMV,4.35,bank_of_england_iadb,"https://www.bankofengland.co.uk/boeapps/database/_iadb-fromshowcolumns.asp?csv.x=yes&Datefrom=01/Jan/1975&Dateto=now&SeriesCodes=IUDBEDR,IUMBV34,IUMBV37,IUMBV42,IUMBV45,IUM2WTL,IUM5WTL,IUMTLMV&UsingCodes=Y&VPD=Y&VFD=N",2026-08-10
2013-05-31,IUMBV34,2.69,bank_of_england_iadb,"https://www.bankofengland.co.uk/boeapps/database/_iadb-fromshowcolumns.asp?csv.x=yes&Datefrom=01/Jan/1975&Dateto=now&SeriesCodes=IUDBEDR,IUMBV34,IUMBV37,IUMBV42,IUMBV45,IUM2WTL,IUM5WTL,IUMTLMV&UsingCodes=Y&VPD=Y&VFD=N",2026-08-10
2013-05-31,IUMBV37,3.0,bank_of_england_iadb,"https://www.bankofengland.co.uk/boeapps/database/_iadb-fromshowcolumns.asp?csv.x=yes&Datefrom=01/Jan/1975&Dateto=now&SeriesCodes=IUDBEDR,IUMBV34,IUMBV37,IUMBV42,IUMBV45,IUM2WTL,IUM5WTL,IUMTLMV&UsingCodes=Y&VPD=Y&VFD=N",2026-08-10
2013-05-31,IUMBV42,3.44,bank_of_england_iadb,"https://www.bankofengland.co.uk/boeapps/database/_iadb-fromshowcolumns.asp?csv.x=yes&Datefrom=01/Jan/1975&Dateto=now&SeriesCodes=IUDBEDR,IUMBV34,IUMBV37,IUMBV42,IUMBV45,IUM2WTL,IUM5WTL,IUMTLMV&UsingCodes=Y&VPD=Y&VFD=N",2026-08-10
2013-05-31,IUMTLMV,4.38,bank_of_england_iadb,"https://www.bankofengland.co.uk/boeapps/database/_iadb-fromshowcolumns.asp?csv.x=yes&Datefrom=01/Jan/1975&Dateto=now&SeriesCodes=IUDBEDR,IUMBV34,IUMBV37,IUMBV42,IUMBV45,IUM2WTL,IUM5WTL,IUMTLMV&UsingCodes=Y&VPD=Y&VFD=N",2026-08-10
2013-06-30,IUMBV34,2.63,bank_of_england_iadb,"https://www.bankofengland.co.uk/boeapps/database/_iadb-fromshowcolumns.asp?csv.x=yes&Datefrom=01/Jan/1975&Dateto=now&SeriesCodes=IUDBEDR,IUMBV34,IUMBV37,IUMBV42,IUMBV45,IUM2WTL,IUM5WTL,IUMTLMV&UsingCodes=Y&VPD=Y&VFD=N",2026-08-10
2013-06-30,IUMBV37,2.95,bank_of_england_iadb,"https://www.bankofengland.co.uk/boeapps/database/_iadb-fromshowcolumns.asp?csv.x=yes&Datefrom=01/Jan/1975&Dateto=now&SeriesCodes=IUDBEDR,IUMBV34,IUMBV37,IUMBV42,IUMBV45,IUM2WTL,IUM5WTL,IUMTLMV&UsingCodes=Y&VPD=Y&VFD=N",2026-08-10
2013-06-30,IUMBV42,3.41,bank_of_england_iadb,"https://www.bankofengland.co.uk/boeapps/database/_iadb-fromshowcolumns.asp?csv.x=yes&Datefrom=01/Jan/1975&Dateto=now&SeriesCodes=IUDBEDR,IUMBV34,IUMBV37,IUMBV42,IUMBV45,IUM2WTL,IUM5WTL,IUMTLMV&UsingCodes=Y&VPD=Y&VFD=N",2026-08-10
2013-06-30,IUMTLMV,4.38,bank_of_england_iadb,"https://www.bankofengland.co.uk/boeapps/database/_iadb-fromshowcolumns.asp?csv.x=yes&Datefrom=01/Jan/1975&Dateto=now&SeriesCodes=IUDBEDR,IUMBV34,IUMBV37,IUMBV42,IUMBV45,IUM2WTL,IUM5WTL,IUMTLMV&UsingCodes=Y&VPD=Y&VFD=N",2026-08-10
2013-07-31,IUMBV34,2.62,bank_of_england_iadb,"https://www.bankofengland.co.uk/boeapps/database/_iadb-fromshowcolumns.asp?csv.x=yes&Datefrom=01/Jan/1975&Dateto=now&SeriesCodes=IUDBEDR,IUMBV34,IUMBV37,IUMBV42,IUMBV45,IUM2WTL,IUM5WTL,IUMTLMV&UsingCodes=Y&VPD=Y&VFD=N",2026-08-10
2013-07-31,IUMBV37,2.96,bank_of_england_iadb,"https://www.bankofengland.co.uk/boeapps/database/_iadb-fromshowcolumns.asp?csv.x=yes&Datefrom=01/Jan/1975&Dateto=now&SeriesCodes=IUDBEDR,IUMBV34,IUMBV37,IUMBV42,IUMBV45,IUM2WTL,IUM5WTL,IUMTLMV&UsingCodes=Y&VPD=Y&VFD=N",2026-08-10
2013-07-31,IUMBV42,3.39,bank_of_england_iadb,"https://www.bankofengland.co.uk/boeapps/database/_iadb-fromshowcolumns.asp?csv.x=yes&Datefrom=01/Jan/1975&Dateto=now&SeriesCodes=IUDBEDR,IUMBV34,IUMBV37,IUMBV42,IUMBV45,IUM2WTL,IUM5WTL,IUMTLMV&UsingCodes=Y&VPD=Y&VFD=N",2026-08-10
2013-07-31,IUMTLMV,4.37,bank_of_england_iadb,"https://www.bankofengland.co.uk/boeapps/database/_iadb-fromshowcolumns.asp?csv.x=yes&Datefrom=01/Jan/1975&Dateto=now&SeriesCodes=IUDBEDR,IUMBV34,IUMBV37,IUMBV42,IUMBV45,IUM2WTL,IUM5WTL,IUMTLMV&UsingCodes=Y&VPD=Y&VFD=N",2026-08-10
2013-08-31,IUMBV34,2.58,bank_of_england_iadb,"https://www.bankofengland.co.uk/boeapps/database/_iadb-fromshowcolumns.asp?csv.x=yes&Datefrom=01/Jan/1975&Dateto=now&SeriesCodes=IUDBEDR,IUMBV34,IUMBV37,IUMBV42,IUMBV45,IUM2WTL,IUM5WTL,IUMTLMV&UsingCodes=Y&VPD=Y&VFD=N",2026-08-10
2013-08-31,IUMBV37,2.87,bank_of_england_iadb,"https://www.bankofengland.co.uk/boeapps/database/_iadb-fromshowcolumns.asp?csv.x=yes&Datefrom=01/Jan/1975&Dateto=now&SeriesCodes=IUDBEDR,IUMBV34,IUMBV37,IUMBV42,IUMBV45,IUM2WTL,IUM5WTL,IUMTLMV&UsingCodes=Y&VPD=Y&VFD=N",2026-08-10
2013-08-31,IUMBV42,3.35,bank_of_england_iadb,"https://www.bankofengland.co.uk/boeapps/database/_iadb-fromshowcolumns.asp?csv.x=yes&Datefrom=01/Jan/1975&Dateto=now&SeriesCodes=IUDBEDR,IUMBV34,IUMBV37,IUMBV42,IUMBV45,IUM2WTL,IUM5WTL,IUMTLMV&UsingCodes=Y&VPD=Y&VFD=N",2026-08-10
2013-08-31,IUMTLMV,4.36,bank_of_england_iadb,"https://www.bankofengland.co.uk/boeapps/database/_iadb-fromshowcolumns.asp?csv.x=yes&Datefrom=01/Jan/1975&Dateto=now&SeriesCodes=IUDBEDR,IUMBV34,IUMBV37,IUMBV42,IUMBV45,IUM2WTL,IUM5WTL,IUMTLMV&UsingCodes=Y&VPD=Y&VFD=N",2026-08-10
2013-09-30,IUMBV34,2.54,bank_of_england_iadb,"https://www.bankofengland.co.uk/boeapps/database/_iadb-fromshowcolumns.asp?csv.x=yes&Datefrom=01/Jan/1975&Dateto=now&SeriesCodes=IUDBEDR,IUMBV34,IUMBV37,IUMBV42,IUMBV45,IUM2WTL,IUM5WTL,IUMTLMV&UsingCodes=Y&VPD=Y&VFD=N",2026-08-10
2013-09-30,IUMBV37,2.91,bank_of_england_iadb,"https://www.bankofengland.co.uk/boeapps/database/_iadb-fromshowcolumns.asp?csv.x=yes&Datefrom=01/Jan/1975&Dateto=now&SeriesCodes=IUDBEDR,IUMBV34,IUMBV37,IUMBV42,IUMBV45,IUM2WTL,IUM5WTL,IUMTLMV&UsingCodes=Y&VPD=Y&VFD=N",2026-08-10
2013-09-30,IUMBV42,3.4,bank_of_england_iadb,"https://www.bankofengland.co.uk/boeapps/database/_iadb-fromshowcolumns.asp?csv.x=yes&Datefrom=01/Jan/1975&Dateto=now&SeriesCodes=IUDBEDR,IUMBV34,IUMBV37,IUMBV42,IUMBV45,IUM2WTL,IUM5WTL,IUMTLMV&UsingCodes=Y&VPD=Y&VFD=N",2026-08-10
2013-09-30,IUMTLMV,4.35,bank_of_england_iadb,"https://www.bankofengland.co.uk/boeapps/database/_iadb-fromshowcolumns.asp?csv.x=yes&Datefrom=01/Jan/1975&Dateto=now&SeriesCodes=IUDBEDR,IUMBV34,IUMBV37,IUMBV42,IUMBV45,IUM2WTL,IUM5WTL,IUMTLMV&UsingCodes=Y&VPD=Y&VFD=N",2026-08-10
2013-10-31,IUMBV34,2.48,bank_of_england_iadb,"https://www.bankofengland.co.uk/boeapps/database/_iadb-fromshowcolumns.asp?csv.x=yes&Datefrom=01/Jan/1975&Dateto=now&SeriesCodes=IUDBEDR,IUMBV34,IUMBV37,IUMBV42,IUMBV45,IUM2WTL,IUM5WTL,IUMTLMV&UsingCodes=Y&VPD=Y&VFD=N",2026-08-10
2013-10-31,IUMBV37,2.89,bank_of_england_iadb,"https://www.bankofengland.co.uk/boeapps/database/_iadb-fromshowcolumns.asp?csv.x=yes&Datefrom=01/Jan/1975&Dateto=now&SeriesCodes=IUDBEDR,IUMBV34,IUMBV37,IUMBV42,IUMBV45,IUM2WTL,IUM5WTL,IUMTLMV&UsingCodes=Y&VPD=Y&VFD=N",2026-08-10
2013-10-31,IUMBV42,3.37,bank_of_england_iadb,"https://www.bankofengland.co.uk/boeapps/database/_iadb-fromshowcolumns.asp?csv.x=yes&Datefrom=01/Jan/1975&Dateto=now&SeriesCodes=IUDBEDR,IUMBV34,IUMBV37,IUMBV42,IUMBV45,IUM2WTL,IUM5WTL,IUMTLMV&UsingCodes=Y&VPD=Y&VFD=N",2026-08-10
2013-10-31,IUM2WTL,5.1,bank_of_england_iadb,"https://www.bankofengland.co.uk/boeapps/database/_iadb-fromshowcolumns.asp?csv.x=yes&Datefrom=01/Jan/1975&Dateto=now&SeriesCodes=IUDBEDR,IUMBV34,IUMBV37,IUMBV42,IUMBV45,IUM2WTL,IUM5WTL,IUMTLMV&UsingCodes=Y&VPD=Y&VFD=N",2026-08-10
2013-10-31,IUMTLMV,4.37,bank_of_england_iadb,"https://www.bankofengland.co.uk/boeapps/database/_iadb-fromshowcolumns.asp?csv.x=yes&Datefrom=01/Jan/1975&Dateto=now&SeriesCodes=IUDBEDR,IUMBV34,IUMBV37,IUMBV42,IUMBV45,IUM2WTL,IUM5WTL,IUMTLMV&UsingCodes=Y&VPD=Y&VFD=N",2026-08-10
2013-11-30,IUMBV34,2.44,bank_of_england_iadb,"https://www.bankofengland.co.uk/boeapps/database/_iadb-fromshowcolumns.asp?csv.x=yes&Datefrom=01/Jan/1975&Dateto=now&SeriesCodes=IUDBEDR,IUMBV34,IUMBV37,IUMBV42,IUMBV45,IUM2WTL,IUM5WTL,IUMTLMV&UsingCodes=Y&VPD=Y&VFD=N",2026-08-10
2013-11-30,IUMBV37,2.91,bank_of_england_iadb,"https://www.bankofengland.co.uk/boeapps/database/_iadb-fromshowcolumns.asp?csv.x=yes&Datefrom=01/Jan/1975&Dateto=now&SeriesCodes=IUDBEDR,IUMBV34,IUMBV37,IUMBV42,IUMBV45,IUM2WTL,IUM5WTL,IUMTLMV&UsingCodes=Y&VPD=Y&VFD=N",2026-08-10
2013-11-30,IUMBV42,3.36,bank_of_england_iadb,"https://www.bankofengland.co.uk/boeapps/database/_iadb-fromshowcolumns.asp?csv.x=yes&Datefrom=01/Jan/1975&Dateto=now&SeriesCodes=IUDBEDR,IUMBV34,IUMBV37,IUMBV42,IUMBV45,IUM2WTL,IUM5WTL,IUMTLMV&UsingCodes=Y&VPD=Y&VFD=N",2026-08-10
2013-11-30,IUM2WTL,5.04,bank_of_england_iadb,"https://www.bankofengland.co.uk/boeapps/database/_iadb-fromshowcolumns.asp?csv.x=yes&Datefrom=01/Jan/1975&Dateto=now&SeriesCodes=IUDBEDR,IUMBV34,IUMBV37,IUMBV42,IUMBV45,IUM2WTL,IUM5WTL,IUMTLMV&UsingCodes=Y&VPD=Y&VFD=N",2026-08-10
2013-11-30,IUM5WTL,5.32,bank_of_england_iadb,"https://www.bankofengland.co.uk/boeapps/database/_iadb-fromshowcolumns.asp?csv.x=yes&Datefrom=01/Jan/1975&Dateto=now&SeriesCodes=IUDBEDR,IUMBV34,IUMBV37,IUMBV42,IUMBV45,IUM2WTL,IUM5WTL,IUMTLMV&UsingCodes=Y&VPD=Y&VFD=N",2026-08-10
2013-11-30,IUMTLMV,4.41,bank_of_england_iadb,"https://www.bankofengland.co.uk/boeapps/database/_iadb-fromshowcolumns.asp?csv.x=yes&Datefrom=01/Jan/1975&Dateto=now&SeriesCodes=IUDBEDR,IUMBV34,IUMBV37,IUMBV42,IUMBV45,IUM2WTL,IUM5WTL,IUMTLMV&UsingCodes=Y&VPD=Y&VFD=N",2026-08-10
2013-12-31,IUMBV34,2.4,bank_of_england_iadb,"https://www.bankofengland.co.uk/boeapps/database/_iadb-fromshowcolumns.asp?csv.x=yes&Datefrom=01/Jan/1975&Dateto=now&SeriesCodes=IUDBEDR,IUMBV34,IUMBV37,IUMBV42,IUMBV45,IUM2WTL,IUM5WTL,IUMTLMV&UsingCodes=Y&VPD=Y&VFD=N",2026-08-10
2013-12-31,IUMBV37,2.9,bank_of_england_iadb,"https://www.bankofengland.co.uk/boeapps/database/_iadb-fromshowcolumns.asp?csv.x=yes&Datefrom=01/Jan/1975&Dateto=now&SeriesCodes=IUDBEDR,IUMBV34,IUMBV37,IUMBV42,IUMBV45,IUM2WTL,IUM5WTL,IUMTLMV&UsingCodes=Y&VPD=Y&VFD=N",2026-08-10
2013-12-31,IUMBV42,3.34,bank_of_england_iadb,"https://www.bankofengland.co.uk/boeapps/database/_iadb-fromshowcolumns.asp?csv.x=yes&Datefrom=01/Jan/1975&Dateto=now&SeriesCodes=IUDBEDR,IUMBV34,IUMBV37,IUMBV42,IUMBV45,IUM2WTL,IUM5WTL,IUMTLMV&UsingCodes=Y&VPD=Y&VFD=N",2026-08-10
2013-12-31,IUM2WTL,5.08,bank_of_england_iadb,"https://www.bankofengland.co.uk/boeapps/database/_iadb-fromshowcolumns.asp?csv.x=yes&Datefrom=01/Jan/1975&Dateto=now&SeriesCodes=IUDBEDR,IUMBV34,IUMBV37,IUMBV42,IUMBV45,IUM2WTL,IUM5WTL,IUMTLMV&UsingCodes=Y&VPD=Y&VFD=N",2026-08-10
2013-12-31,IUM5WTL,5.35,bank_of_england_iadb,"https://www.bankofengland.co.uk/boeapps/database/_iadb-fromshowcolumns.asp?csv.x=yes&Datefrom=01/Jan/1975&Dateto=now&SeriesCodes=IUDBEDR,IUMBV34,IUMBV37,IUMBV42,IUMBV45,IUM2WTL,IUM5WTL,IUMTLMV&UsingCodes=Y&VPD=Y&VFD=N",2026-08-10
2013-12-31,IUMTLMV,4.39,bank_of_england_iadb,"https://www.bankofengland.co.uk/boeapps/database/_iadb-fromshowcolumns.asp?csv.x=yes&Datefrom=01/Jan/1975&Dateto=now&SeriesCodes=IUDBEDR,IUMBV34,IUMBV37,IUMBV42,IUMBV45,IUM2WTL,IUM5WTL,IUMTLMV&UsingCodes=Y&VPD=Y&VFD=N",2026-08-10
2014-01-31,IUMBV34,2.37,bank_of_england_iadb,"https://www.bankofengland.co.uk/boeapps/database/_iadb-fromshowcolumns.asp?csv.x=yes&Datefrom=01/Jan/1975&Dateto=now&SeriesCodes=IUDBEDR,IUMBV34,IUMBV37,IUMBV42,IUMBV45,IUM2WTL,IUM5WTL,IUMTLMV&UsingCodes=Y&VPD=Y&VFD=N",2026-08-10
2014-01-31,IUMBV37,2.93,bank_of_england_iadb,"https://www.bankofengland.co.uk/boeapps/database/_iadb-fromshowcolumns.asp?csv.x=yes&Datefrom=01/Jan/1975&Dateto=now&SeriesCodes=IUDBEDR,IUMBV34,IUMBV37,IUMBV42,IUMBV45,IUM2WTL,IUM5WTL,IUMTLMV&UsingCodes=Y&VPD=Y&VFD=N",2026-08-10
2014-01-31,IUMBV42,3.34,bank_of_england_iadb,"https://www.bankofengland.co.uk/boeapps/database/_iadb-fromshowcolumns.asp?csv.x=yes&Datefrom=01/Jan/1975&Dateto=now&SeriesCodes=IUDBEDR,IUMBV34,IUMBV37,IUMBV42,IUMBV45,IUM2WTL,IUM5WTL,IUMTLMV&UsingCodes=Y&VPD=Y&VFD=N",2026-08-10
2014-01-31,IUM2WTL,5.05,bank_of_england_iadb,"https://www.bankofengland.co.uk/boeapps/database/_iadb-fromshowcolumns.asp?csv.x=yes&Datefrom=01/Jan/1975&Dateto=now&SeriesCodes=IUDBEDR,IUMBV34,IUMBV37,IUMBV42,IUMBV45,IUM2WTL,IUM5WTL,IUMTLMV&UsingCodes=Y&VPD=Y&VFD=N",2026-08-10
2014-01-31,IUM5WTL,5.44,bank_of_england_iadb,"https://www.bankofengland.co.uk/boeapps/database/_iadb-fromshowcolumns.asp?csv.x=yes&Datefrom=01/Jan/1975&Dateto=now&SeriesCodes=IUDBEDR,IUMBV34,IUMBV37,IUMBV42,IUMBV45,IUM2WTL,IUM5WTL,IUMTLMV&UsingCodes=Y&VPD=Y&VFD=N",2026-08-10
2014-01-31,IUMTLMV,4.41,bank_of_england_iadb,"https://www.bankofengland.co.uk/boeapps/database/_iadb-fromshowcolumns.asp?csv.x=yes&Datefrom=01/Jan/1975&Dateto=now&SeriesCodes=IUDBEDR,IUMBV34,IUMBV37,IUMBV42,IUMBV45,IUM2WTL,IUM5WTL,IUMTLMV&UsingCodes=Y&VPD=Y&VFD=N",2026-08-10
2014-02-28,IUMBV34,2.38,bank_of_england_iadb,"https://www.bankofengland.co.uk/boeapps/database/_iadb-fromshowcolumns.asp?csv.x=yes&Datefrom=01/Jan/1975&Dateto=now&SeriesCodes=IUDBEDR,IUMBV34,IUMBV37,IUMBV42,IUMBV45,IUM2WTL,IUM5WTL,IUMTLMV&UsingCodes=Y&VPD=Y&VFD=N",2026-08-10
2014-02-28,IUMBV37,2.96,bank_of_england_iadb,"https://www.bankofengland.co.uk/boeapps/database/_iadb-fromshowcolumns.asp?csv.x=yes&Datefrom=01/Jan/1975&Dateto=now&SeriesCodes=IUDBEDR,IUMBV34,IUMBV37,IUMBV42,IUMBV45,IUM2WTL,IUM5WTL,IUMTLMV&UsingCodes=Y&VPD=Y&VFD=N",2026-08-10
2014-02-28,IUMBV42,3.45,bank_of_england_iadb,"https://www.bankofengland.co.uk/boeapps/database/_iadb-fromshowcolumns.asp?csv.x=yes&Datefrom=01/Jan/1975&Dateto=now&SeriesCodes=IUDBEDR,IUMBV34,IUMBV37,IUMBV42,IUMBV45,IUM2WTL,IUM5WTL,IUMTLMV&UsingCodes=Y&VPD=Y&VFD=N",2026-08-10
2014-02-28,IUM2WTL,5.05,bank_of_england_iadb,"https://www.bankofengland.co.uk/boeapps/database/_iadb-fromshowcolumns.asp?csv.x=yes&Datefrom=01/Jan/1975&Dateto=now&SeriesCodes=IUDBEDR,IUMBV34,IUMBV37,IUMBV42,IUMBV45,IUM2WTL,IUM5WTL,IUMTLMV&UsingCodes=Y&VPD=Y&VFD=N",2026-08-10
2014-02-28,IUM5WTL,5.45,bank_of_england_iadb,"https://www.bankofengland.co.uk/boeapps/database/_iadb-fromshowcolumns.asp?csv.x=yes&Datefrom=01/Jan/1975&Dateto=now&SeriesCodes=IUDBEDR,IUMBV34,IUMBV37,IUMBV42,IUMBV45,IUM2WTL,IUM5WTL,IUMTLMV&UsingCodes=Y&VPD=Y&VFD=N",2026-08-10
2014-02-28,IUMTLMV,4.43,bank_of_england_iadb,"https://www.bankofengland.co.uk/boeapps/database/_iadb-fromshowcolumns.asp?csv.x=yes&Datefrom=01/Jan/1975&Dateto=now&SeriesCodes=IUDBEDR,IUMBV34,IUMBV37,IUMBV42,IUMBV45,IUM2WTL,IUM5WTL,IUMTLMV&UsingCodes=Y&VPD=Y&VFD=N",2026-08-10
2014-03-31,IUMBV34,2.37,bank_of_england_iadb,"https://www.bankofengland.co.uk/boeapps/database/_iadb-fromshowcolumns.asp?csv.x=yes&Datefrom=01/Jan/1975&Dateto=now&SeriesCodes=IUDBEDR,IUMBV34,IUMBV37,IUMBV42,IUMBV45,IUM2WTL,IUM5WTL,IUMTLMV&UsingCodes=Y&VPD=Y&VFD=N",2026-08-10
2014-03-31,IUMBV37,2.97,bank_of_england_iadb,"https://www.bankofengland.co.uk/boeapps/database/_iadb-fromshowcolumns.asp?csv.x=yes&Datefrom=01/Jan/1975&Dateto=now&SeriesCodes=IUDBEDR,IUMBV34,IUMBV37,IUMBV42,IUMBV45,IUM2WTL,IUM5WTL,IUMTLMV&UsingCodes=Y&VPD=Y&VFD=N",2026-08-10
2014-03-31,IUMBV42,3.48,bank_of_england_iadb,"https://www.bankofengland.co.uk/boeapps/database/_iadb-fromshowcolumns.asp?csv.x=yes&Datefrom=01/Jan/1975&Dateto=now&SeriesCodes=IUDBEDR,IUMBV34,IUMBV37,IUMBV42,IUMBV45,IUM2WTL,IUM5WTL,IUMTLMV&UsingCodes=Y&VPD=Y&VFD=N",2026-08-10
2014-03-31,IUM2WTL,5.06,bank_of_england_iadb,"https://www.bankofengland.co.uk/boeapps/database/_iadb-fromshowcolumns.asp?csv.x=yes&Datefrom=01/Jan/1975&Dateto=now&SeriesCodes=IUDBEDR,IUMBV34,IUMBV37,IUMBV42,IUMBV45,IUM2WTL,IUM5WTL,IUMTLMV&UsingCodes=Y&VPD=Y&VFD=N",2026-08-10
2014-03-31,IUM5WTL,5.46,bank_of_england_iadb,"https://www.bankofengland.co.uk/boeapps/database/_iadb-fromshowcolumns.asp?csv.x=yes&Datefrom=01/Jan/1975&Dateto=now&SeriesCodes=IUDBEDR,IUMBV34,IUMBV37,IUMBV42,IUMBV45,IUM2WTL,IUM5WTL,IUMTLMV&UsingCodes=Y&VPD=Y&VFD=N",2026-08-10
2014-03-31,IUMTLMV,4.43,bank_of_england_iadb,"https://www.bankofengland.co.uk/boeapps/database/_iadb-fromshowcolumns.asp?csv.x=yes&Datefrom=01/Jan/1975&Dateto=now&SeriesCodes=IUDBEDR,IUMBV34,IUMBV37,IUMBV42,IUMBV45,IUM2WTL,IUM5WTL,IUMTLMV&UsingCodes=Y&VPD=Y&VFD=N",2026-08-10
2014-04-30,IUMBV34,2.54,bank_of_england_iadb,"https://www.bankofengland.co.uk/boeapps/database/_iadb-fromshowcolumns.asp?csv.x=yes&Datefrom=01/Jan/1975&Dateto=now&SeriesCodes=IUDBEDR,IUMBV34,IUMBV37,IUMBV42,IUMBV45,IUM2WTL,IUM5WTL,IUMTLMV&UsingCodes=Y&VPD=Y&VFD=N",2026-08-10
2014-04-30,IUMBV37,2.96,bank_of_england_iadb,"https://www.bankofengland.co.uk/boeapps/database/_iadb-fromshowcolumns.asp?csv.x=yes&Datefrom=01/Jan/1975&Dateto=now&SeriesCodes=IUDBEDR,IUMBV34,IUMBV37,IUMBV42,IUMBV45,IUM2WTL,IUM5WTL,IUMTLMV&UsingCodes=Y&VPD=Y&VFD=N",2026-08-10
2014-04-30,IUMBV42,3.69,bank_of_england_iadb,"https://www.bankofengland.co.uk/boeapps/database/_iadb-fromshowcolumns.asp?csv.x=yes&Datefrom=01/Jan/1975&Dateto=now&SeriesCodes=IUDBEDR,IUMBV34,IUMBV37,IUMBV42,IUMBV45,IUM2WTL,IUM5WTL,IUMTLMV&UsingCodes=Y&VPD=Y&VFD=N",2026-08-10
2014-04-30,IUM2WTL,5.14,bank_of_england_iadb,"https://www.bankofengland.co.uk/boeapps/database/_iadb-fromshowcolumns.asp?csv.x=yes&Datefrom=01/Jan/1975&Dateto=now&SeriesCodes=IUDBEDR,IUMBV34,IUMBV37,IUMBV42,IUMBV45,IUM2WTL,IUM5WTL,IUMTLMV&UsingCodes=Y&VPD=Y&VFD=N",2026-08-10
2014-04-30,IUM5WTL,5.55,bank_of_england_iadb,"https://www.bankofengland.co.uk/boeapps/database/_iadb-fromshowcolumns.asp?csv.x=yes&Datefrom=01/Jan/1975&Dateto=now&SeriesCodes=IUDBEDR,IUMBV34,IUMBV37,IUMBV42,IUMBV45,IUM2WTL,IUM5WTL,IUMTLMV&UsingCodes=Y&VPD=Y&VFD=N",2026-08-10
2014-04-30,IUMTLMV,4.43,bank_of_england_iadb,"https://www.bankofengland.co.uk/boeapps/database/_iadb-fromshowcolumns.asp?csv.x=yes&Datefrom=01/Jan/1975&Dateto=now&SeriesCodes=IUDBEDR,IUMBV34,IUMBV37,IUMBV42,IUMBV45,IUM2WTL,IUM5WTL,IUMTLMV&UsingCodes=Y&VPD=Y&VFD=N",2026-08-10
2014-05-31,IUMBV34,2.56,bank_of_england_iadb,"https://www.bankofengland.co.uk/boeapps/database/_iadb-fromshowcolumns.asp?csv.x=yes&Datefrom=01/Jan/1975&Dateto=now&SeriesCodes=IUDBEDR,IUMBV34,IUMBV37,IUMBV42,IUMBV45,IUM2WTL,IUM5WTL,IUMTLMV&UsingCodes=Y&VPD=Y&VFD=N",2026-08-10
2014-05-31,IUMBV37,2.99,bank_of_england_iadb,"https://www.bankofengland.co.uk/boeapps/database/_iadb-fromshowcolumns.asp?csv.x=yes&Datefrom=01/Jan/1975&Dateto=now&SeriesCodes=IUDBEDR,IUMBV34,IUMBV37,IUMBV42,IUMBV45,IUM2WTL,IUM5WTL,IUMTLMV&UsingCodes=Y&VPD=Y&VFD=N",2026-08-10
2014-05-31,IUMBV42,3.72,bank_of_england_iadb,"https://www.bankofengland.co.uk/boeapps/database/_iadb-fromshowcolumns.asp?csv.x=yes&Datefrom=01/Jan/1975&Dateto=now&SeriesCodes=IUDBEDR,IUMBV34,IUMBV37,IUMBV42,IUMBV45,IUM2WTL,IUM5WTL,IUMTLMV&UsingCodes=Y&VPD=Y&VFD=N",2026-08-10
2014-05-31,IUM2WTL,5.2,bank_of_england_iadb,"https://www.bankofengland.co.uk/boeapps/database/_iadb-fromshowcolumns.asp?csv.x=yes&Datefrom=01/Jan/1975&Dateto=now&SeriesCodes=IUDBEDR,IUMBV34,IUMBV37,IUMBV42,IUMBV45,IUM2WTL,IUM5WTL,IUMTLMV&UsingCodes=Y&VPD=Y&VFD=N",2026-08-10
2014-05-31,IUM5WTL,5.57,bank_of_england_iadb,"https://www.bankofengland.co.uk/boeapps/database/_iadb-fromshowcolumns.asp?csv.x=yes&Datefrom=01/Jan/1975&Dateto=now&SeriesCodes=IUDBEDR,IUMBV34,IUMBV37,IUMBV42,IUMBV45,IUM2WTL,IUM5WTL,IUMTLMV&UsingCodes=Y&VPD=Y&VFD=N",2026-08-10
2014-05-31,IUMTLMV,4.42,bank_of_england_iadb,"https://www.bankofengland.co.uk/boeapps/database/_iadb-fromshowcolumns.asp?csv.x=yes&Datefrom=01/Jan/1975&Dateto=now&SeriesCodes=IUDBEDR,IUMBV34,IUMBV37,IUMBV42,IUMBV45,IUM2WTL,IUM5WTL,IUMTLMV&UsingCodes=Y&VPD=Y&VFD=N",2026-08-10
2014-06-30,IUMBV34,2.6,bank_of_england_iadb,"https://www.bankofengland.co.uk/boeapps/database/_iadb-fromshowcolumns.asp?csv.x=yes&Datefrom=01/Jan/1975&Dateto=now&SeriesCodes=IUDBEDR,IUMBV34,IUMBV37,IUMBV42,IUMBV45,IUM2WTL,IUM5WTL,IUMTLMV&UsingCodes=Y&VPD=Y&VFD=N",2026-08-10
2014-06-30,IUMBV37,3.01,bank_of_england_iadb,"https://www.bankofengland.co.uk/boeapps/database/_iadb-fromshowcolumns.asp?csv.x=yes&Datefrom=01/Jan/1975&Dateto=now&SeriesCodes=IUDBEDR,IUMBV34,IUMBV37,IUMBV42,IUMBV45,IUM2WTL,IUM5WTL,IUMTLMV&UsingCodes=Y&VPD=Y&VFD=N",2026-08-10
2014-06-30,IUMBV42,3.69,bank_of_england_iadb,"https://www.bankofengland.co.uk/boeapps/database/_iadb-fromshowcolumns.asp?csv.x=yes&Datefrom=01/Jan/1975&Dateto=now&SeriesCodes=IUDBEDR,IUMBV34,IUMBV37,IUMBV42,IUMBV45,IUM2WTL,IUM5WTL,IUMTLMV&UsingCodes=Y&VPD=Y&VFD=N",2026-08-10
2014-06-30,IUM2WTL,5.32,bank_of_england_iadb,"https://www.bankofengland.co.uk/boeapps/database/_iadb-fromshowcolumns.asp?csv.x=yes&Datefrom=01/Jan/1975&Dateto=now&SeriesCodes=IUDBEDR,IUMBV34,IUMBV37,IUMBV42,IUMBV45,IUM2WTL,IUM5WTL,IUMTLMV&UsingCodes=Y&VPD=Y&VFD=N",2026-08-10
2014-06-30,IUM5WTL,5.58,bank_of_england_iadb,"https://www.bankofengland.co.uk/boeapps/database/_iadb-fromshowcolumns.asp?csv.x=yes&Datefrom=01/Jan/1975&Dateto=now&SeriesCodes=IUDBEDR,IUMBV34,IUMBV37,IUMBV42,IUMBV45,IUM2WTL,IUM5WTL,IUMTLMV&UsingCodes=Y&VPD=Y&VFD=N",2026-08-10
2014-06-30,IUMTLMV,4.36,bank_of_england_iadb,"https://www.bankofengland.co.uk/boeapps/database/_iadb-fromshowcolumns.asp?csv.x=yes&Datefrom=01/Jan/1975&Dateto=now&SeriesCodes=IUDBEDR,IUMBV34,IUMBV37,IUMBV42,IUMBV45,IUM2WTL,IUM5WTL,IUMTLMV&UsingCodes=Y&VPD=Y&VFD=N",2026-08-10
2014-07-31,IUMBV34,2.54,bank_of_england_iadb,"https://www.bankofengland.co.uk/boeapps/database/_iadb-fromshowcolumns.asp?csv.x=yes&Datefrom=01/Jan/1975&Dateto=now&SeriesCodes=IUDBEDR,IUMBV34,IUMBV37,IUMBV42,IUMBV45,IUM2WTL,IUM5WTL,IUMTLMV&UsingCodes=Y&VPD=Y&VFD=N",2026-08-10
2014-07-31,IUMBV37,3.02,bank_of_england_iadb,"https://www.bankofengland.co.uk/boeapps/database/_iadb-fromshowcolumns.asp?csv.x=yes&Datefrom=01/Jan/1975&Dateto=now&SeriesCodes=IUDBEDR,IUMBV34,IUMBV37,IUMBV42,IUMBV45,IUM2WTL,IUM5WTL,IUMTLMV&UsingCodes=Y&VPD=Y&VFD=N",2026-08-10
2014-07-31,IUMBV42,3.78,bank_of_england_iadb,"https://www.bankofengland.co.uk/boeapps/database/_iadb-fromshowcolumns.asp?csv.x=yes&Datefrom=01/Jan/1975&Dateto=now&SeriesCodes=IUDBEDR,IUMBV34,IUMBV37,IUMBV42,IUMBV45,IUM2WTL,IUM5WTL,IUMTLMV&UsingCodes=Y&VPD=Y&VFD=N",2026-08-10
2014-07-31,IUM2WTL,5.33,bank_of_england_iadb,"https://www.bankofengland.co.uk/boeapps/database/_iadb-fromshowcolumns.asp?csv.x=yes&Datefrom=01/Jan/1975&Dateto=now&SeriesCodes=IUDBEDR,IUMBV34,IUMBV37,IUMBV42,IUMBV45,IUM2WTL,IUM5WTL,IUMTLMV&UsingCodes=Y&VPD=Y&VFD=N",2026-08-10
2014-07-31,IUM5WTL,5.58,bank_of_england_iadb,"https://www.bankofengland.co.uk/boeapps/database/_iadb-fromshowcolumns.asp?csv.x=yes&Datefrom=01/Jan/1975&Dateto=now&SeriesCodes=IUDBEDR,IUMBV34,IUMBV37,IUMBV42,IUMBV45,IUM2WTL,IUM5WTL,IUMTLMV&UsingCodes=Y&VPD=Y&VFD=N",2026-08-10
2014-07-31,IUMTLMV,4.45,bank_of_england_iadb,"https://www.bankofengland.co.uk/boeapps/database/_iadb-fromshowcolumns.asp?csv.x=yes&Datefrom=01/Jan/1975&Dateto=now&SeriesCodes=IUDBEDR,IUMBV34,IUMBV37,IUMBV42,IUMBV45,IUM2WTL,IUM5WTL,IUMTLMV&UsingCodes=Y&VPD=Y&VFD=N",2026-08-10
2014-08-31,IUMBV34,2.54,bank_of_england_iadb,"https://www.bankofengland.co.uk/boeapps/database/_iadb-fromshowcolumns.asp?csv.x=yes&Datefrom=01/Jan/1975&Dateto=now&SeriesCodes=IUDBEDR,IUMBV34,IUMBV37,IUMBV42,IUMBV45,IUM2WTL,IUM5WTL,IUMTLMV&UsingCodes=Y&VPD=Y&VFD=N",2026-08-10
2014-08-31,IUMBV37,3.01,bank_of_england_iadb,"https://www.bankofengland.co.uk/boeapps/database/_iadb-fromshowcolumns.asp?csv.x=yes&Datefrom=01/Jan/1975&Dateto=now&SeriesCodes=IUDBEDR,IUMBV34,IUMBV37,IUMBV42,IUMBV45,IUM2WTL,IUM5WTL,IUMTLMV&UsingCodes=Y&VPD=Y&VFD=N",2026-08-10
2014-08-31,IUMBV42,3.76,bank_of_england_iadb,"https://www.bankofengland.co.uk/boeapps/database/_iadb-fromshowcolumns.asp?csv.x=yes&Datefrom=01/Jan/1975&Dateto=now&SeriesCodes=IUDBEDR,IUMBV34,IUMBV37,IUMBV42,IUMBV45,IUM2WTL,IUM5WTL,IUMTLMV&UsingCodes=Y&VPD=Y&VFD=N",2026-08-10
2014-08-31,IUMBV45,4.36,bank_of_england_iadb,"https://www.bankofengland.co.uk/boeapps/database/_iadb-fromshowcolumns.asp?csv.x=yes&Datefrom=01/Jan/1975&Dateto=now&SeriesCodes=IUDBEDR,IUMBV34,IUMBV37,IUMBV42,IUMBV45,IUM2WTL,IUM5WTL,IUMTLMV&UsingCodes=Y&VPD=Y&VFD=N",2026-08-10
2014-08-31,IUM2WTL,5.28,bank_of_england_iadb,"https://www.bankofengland.co.uk/boeapps/database/_iadb-fromshowcolumns.asp?csv.x=yes&Datefrom=01/Jan/1975&Dateto=now&SeriesCodes=IUDBEDR,IUMBV34,IUMBV37,IUMBV42,IUMBV45,IUM2WTL,IUM5WTL,IUMTLMV&UsingCodes=Y&VPD=Y&VFD=N",2026-08-10
2014-08-31,IUM5WTL,5.58,bank_of_england_iadb,"https://www.bankofengland.co.uk/boeapps/database/_iadb-fromshowcolumns.asp?csv.x=yes&Datefrom=01/Jan/1975&Dateto=now&SeriesCodes=IUDBEDR,IUMBV34,IUMBV37,IUMBV42,IUMBV45,IUM2WTL,IUM5WTL,IUMTLMV&UsingCodes=Y&VPD=Y&VFD=N",2026-08-10
2014-08-31,IUMTLMV,4.45,bank_of_england_iadb,"https://www.bankofengland.co.uk/boeapps/database/_iadb-fromshowcolumns.asp?csv.x=yes&Datefrom=01/Jan/1975&Dateto=now&SeriesCodes=IUDBEDR,IUMBV34,IUMBV37,IUMBV42,IUMBV45,IUM2WTL,IUM5WTL,IUMTLMV&UsingCodes=Y&VPD=Y&VFD=N",2026-08-10
2014-09-30,IUMBV34,2.46,bank_of_england_iadb,"https://www.bankofengland.co.uk/boeapps/database/_iadb-fromshowcolumns.asp?csv.x=yes&Datefrom=01/Jan/1975&Dateto=now&SeriesCodes=IUDBEDR,IUMBV34,IUMBV37,IUMBV42,IUMBV45,IUM2WTL,IUM5WTL,IUMTLMV&UsingCodes=Y&VPD=Y&VFD=N",2026-08-10
2014-09-30,IUMBV37,2.94,bank_of_england_iadb,"https://www.bankofengland.co.uk/boeapps/database/_iadb-fromshowcolumns.asp?csv.x=yes&Datefrom=01/Jan/1975&Dateto=now&SeriesCodes=IUDBEDR,IUMBV34,IUMBV37,IUMBV42,IUMBV45,IUM2WTL,IUM5WTL,IUMTLMV&UsingCodes=Y&VPD=Y&VFD=N",2026-08-10
2014-09-30,IUMBV42,3.61,bank_of_england_iadb,"https://www.bankofengland.co.uk/boeapps/database/_iadb-fromshowcolumns.asp?csv.x=yes&Datefrom=01/Jan/1975&Dateto=now&SeriesCodes=IUDBEDR,IUMBV34,IUMBV37,IUMBV42,IUMBV45,IUM2WTL,IUM5WTL,IUMTLMV&UsingCodes=Y&VPD=Y&VFD=N",2026-08-10
2014-09-30,IUMBV45,4.06,bank_of_england_iadb,"https://www.bankofengland.co.uk/boeapps/database/_iadb-fromshowcolumns.asp?csv.x=yes&Datefrom=01/Jan/1975&Dateto=now&SeriesCodes=IUDBEDR,IUMBV34,IUMBV37,IUMBV42,IUMBV45,IUM2WTL,IUM5WTL,IUMTLMV&UsingCodes=Y&VPD=Y&VFD=N",2026-08-10
2014-09-30,IUM2WTL,5.28,bank_of_england_iadb,"https://www.bankofengland.co.uk/boeapps/database/_iadb-fromshowcolumns.asp?csv.x=yes&Datefrom=01/Jan/1975&Dateto=now&SeriesCodes=IUDBEDR,IUMBV34,IUMBV37,IUMBV42,IUMBV45,IUM2WTL,IUM5WTL,IUMTLMV&UsingCodes=Y&VPD=Y&VFD=N",2026-08-10
2014-09-30,IUM5WTL,5.63,bank_of_england_iadb,"https://www.bankofengland.co.uk/boeapps/database/_iadb-fromshowcolumns.asp?csv.x=yes&Datefrom=01/Jan/1975&Dateto=now&SeriesCodes=IUDBEDR,IUMBV34,IUMBV37,IUMBV42,IUMBV45,IUM2WTL,IUM5WTL,IUMTLMV&UsingCodes=Y&VPD=Y&VFD=N",2026-08-10
2014-09-30,IUMTLMV,4.52,bank_of_england_iadb,"https://www.bankofengland.co.uk/boeapps/database/_iadb-fromshowcolumns.asp?csv.x=yes&Datefrom=01/Jan/1975&Dateto=now&SeriesCodes=IUDBEDR,IUMBV34,IUMBV37,IUMBV42,IUMBV45,IUM2WTL,IUM5WTL,IUMTLMV&UsingCodes=Y&VPD=Y&VFD=N",2026-08-10
2014-10-31,IUMBV34,2.21,bank_of_england_iadb,"https://www.bankofengland.co.uk/boeapps/database/_iadb-fromshowcolumns.asp?csv.x=yes&Datefrom=01/Jan/1975&Dateto=now&SeriesCodes=IUDBEDR,IUMBV34,IUMBV37,IUMBV42,IUMBV45,IUM2WTL,IUM5WTL,IUMTLMV&UsingCodes=Y&VPD=Y&VFD=N",2026-08-10
2014-10-31,IUMBV37,2.92,bank_of_england_iadb,"https://www.bankofengland.co.uk/boeapps/database/_iadb-fromshowcolumns.asp?csv.x=yes&Datefrom=01/Jan/1975&Dateto=now&SeriesCodes=IUDBEDR,IUMBV34,IUMBV37,IUMBV42,IUMBV45,IUM2WTL,IUM5WTL,IUMTLMV&UsingCodes=Y&VPD=Y&VFD=N",2026-08-10
2014-10-31,IUMBV42,3.27,bank_of_england_iadb,"https://www.bankofengland.co.uk/boeapps/database/_iadb-fromshowcolumns.asp?csv.x=yes&Datefrom=01/Jan/1975&Dateto=now&SeriesCodes=IUDBEDR,IUMBV34,IUMBV37,IUMBV42,IUMBV45,IUM2WTL,IUM5WTL,IUMTLMV&UsingCodes=Y&VPD=Y&VFD=N",2026-08-10
2014-10-31,IUMBV45,4.04,bank_of_england_iadb,"https://www.bankofengland.co.uk/boeapps/database/_iadb-fromshowcolumns.asp?csv.x=yes&Datefrom=01/Jan/1975&Dateto=now&SeriesCodes=IUDBEDR,IUMBV34,IUMBV37,IUMBV42,IUMBV45,IUM2WTL,IUM5WTL,IUMTLMV&UsingCodes=Y&VPD=Y&VFD=N",2026-08-10
2014-10-31,IUM2WTL,5.2,bank_of_england_iadb,"https://www.bankofengland.co.uk/boeapps/database/_iadb-fromshowcolumns.asp?csv.x=yes&Datefrom=01/Jan/1975&Dateto=now&SeriesCodes=IUDBEDR,IUMBV34,IUMBV37,IUMBV42,IUMBV45,IUM2WTL,IUM5WTL,IUMTLMV&UsingCodes=Y&VPD=Y&VFD=N",2026-08-10
2014-10-31,IUM5WTL,5.58,bank_of_england_iadb,"https://www.bankofengland.co.uk/boeapps/database/_iadb-fromshowcolumns.asp?csv.x=yes&Datefrom=01/Jan/1975&Dateto=now&SeriesCodes=IUDBEDR,IUMBV34,IUMBV37,IUMBV42,IUMBV45,IUM2WTL,IUM5WTL,IUMTLMV&UsingCodes=Y&VPD=Y&VFD=N",2026-08-10
2014-10-31,IUMTLMV,4.53,bank_of_england_iadb,"https://www.bankofengland.co.uk/boeapps/database/_iadb-fromshowcolumns.asp?csv.x=yes&Datefrom=01/Jan/1975&Dateto=now&SeriesCodes=IUDBEDR,IUMBV34,IUMBV37,IUMBV42,IUMBV45,IUM2WTL,IUM5WTL,IUMTLMV&UsingCodes=Y&VPD=Y&VFD=N",2026-08-10
2014-11-30,IUMBV34,2.17,bank_of_england_iadb,"https://www.bankofengland.co.uk/boeapps/database/_iadb-fromshowcolumns.asp?csv.x=yes&Datefrom=01/Jan/1975&Dateto=now&SeriesCodes=IUDBEDR,IUMBV34,IUMBV37,IUMBV42,IUMBV45,IUM2WTL,IUM5WTL,IUMTLMV&UsingCodes=Y&VPD=Y&VFD=N",2026-08-10
2014-11-30,IUMBV37,2.89,bank_of_england_iadb,"https://www.bankofengland.co.uk/boeapps/database/_iadb-fromshowcolumns.asp?csv.x=yes&Datefrom=01/Jan/1975&Dateto=now&SeriesCodes=IUDBEDR,IUMBV34,IUMBV37,IUMBV42,IUMBV45,IUM2WTL,IUM5WTL,IUMTLMV&UsingCodes=Y&VPD=Y&VFD=N",2026-08-10
2014-11-30,IUMBV42,3.21,bank_of_england_iadb,"https://www.bankofengland.co.uk/boeapps/database/_iadb-fromshowcolumns.asp?csv.x=yes&Datefrom=01/Jan/1975&Dateto=now&SeriesCodes=IUDBEDR,IUMBV34,IUMBV37,IUMBV42,IUMBV45,IUM2WTL,IUM5WTL,IUMTLMV&UsingCodes=Y&VPD=Y&VFD=N",2026-08-10
2014-11-30,IUMBV45,4.04,bank_of_england_iadb,"https://www.bankofengland.co.uk/boeapps/database/_iadb-fromshowcolumns.asp?csv.x=yes&Datefrom=01/Jan/1975&Dateto=now&SeriesCodes=IUDBEDR,IUMBV34,IUMBV37,IUMBV42,IUMBV45,IUM2WTL,IUM5WTL,IUMTLMV&UsingCodes=Y&VPD=Y&VFD=N",2026-08-10
2014-11-30,IUM2WTL,5.27,bank_of_england_iadb,"https://www.bankofengland.co.uk/boeapps/database/_iadb-fromshowcolumns.asp?csv.x=yes&Datefrom=01/Jan/1975&Dateto=now&SeriesCodes=IUDBEDR,IUMBV34,IUMBV37,IUMBV42,IUMBV45,IUM2WTL,IUM5WTL,IUMTLMV&UsingCodes=Y&VPD=Y&VFD=N",2026-08-10
2014-11-30,IUM5WTL,5.52,bank_of_england_iadb,"https://www.bankofengland.co.uk/boeapps/database/_iadb-fromshowcolumns.asp?csv.x=yes&Datefrom=01/Jan/1975&Dateto=now&SeriesCodes=IUDBEDR,IUMBV34,IUMBV37,IUMBV42,IUMBV45,IUM2WTL,IUM5WTL,IUMTLMV&UsingCodes=Y&VPD=Y&VFD=N",2026-08-10
2014-11-30,IUMTLMV,4.49,bank_of_england_iadb,"https://www.bankofengland.co.uk/boeapps/database/_iadb-fromshowcolumns.asp?csv.x=yes&Datefrom=01/Jan/1975&Dateto=now&SeriesCodes=IUDBEDR,IUMBV34,IUMBV37,IUMBV42,IUMBV45,IUM2WTL,IUM5WTL,IUMTLMV&UsingCodes=Y&VPD=Y&VFD=N",2026-08-10
2014-12-31,IUMBV34,2.08,bank_of_england_iadb,"https://www.bankofengland.co.uk/boeapps/database/_iadb-fromshowcolumns.asp?csv.x=yes&Datefrom=01/Jan/1975&Dateto=now&SeriesCodes=IUDBEDR,IUMBV34,IUMBV37,IUMBV42,IUMBV45,IUM2WTL,IUM5WTL,IUMTLMV&UsingCodes=Y&VPD=Y&VFD=N",2026-08-10
2014-12-31,IUMBV37,2.89,bank_of_england_iadb,"https://www.bankofengland.co.uk/boeapps/database/_iadb-fromshowcolumns.asp?csv.x=yes&Datefrom=01/Jan/1975&Dateto=now&SeriesCodes=IUDBEDR,IUMBV34,IUMBV37,IUMBV42,IUMBV45,IUM2WTL,IUM5WTL,IUMTLMV&UsingCodes=Y&VPD=Y&VFD=N",2026-08-10
2014-12-31,IUMBV42,3.21,bank_of_england_iadb,"https://www.bankofengland.co.uk/boeapps/database/_iadb-fromshowcolumns.asp?csv.x=yes&Datefrom=01/Jan/1975&Dateto=now&SeriesCodes=IUDBEDR,IUMBV34,IUMBV37,IUMBV42,IUMBV45,IUM2WTL,IUM5WTL,IUMTLMV&UsingCodes=Y&VPD=Y&VFD=N",2026-08-10
2014-12-31,IUMBV45,4.0,bank_of_england_iadb,"https://www.bankofengland.co.uk/boeapps/database/_iadb-fromshowcolumns.asp?csv.x=yes&Datefrom=01/Jan/1975&Dateto=now&SeriesCodes=IUDBEDR,IUMBV34,IUMBV37,IUMBV42,IUMBV45,IUM2WTL,IUM5WTL,IUMTLMV&UsingCodes=Y&VPD=Y&VFD=N",2026-08-10
2014-12-31,IUM2WTL,5.27,bank_of_england_iadb,"https://www.bankofengland.co.uk/boeapps/database/_iadb-fromshowcolumns.asp?csv.x=yes&Datefrom=01/Jan/1975&Dateto=now&SeriesCodes=IUDBEDR,IUMBV34,IUMBV37,IUMBV42,IUMBV45,IUM2WTL,IUM5WTL,IUMTLMV&UsingCodes=Y&VPD=Y&VFD=N",2026-08-10
2014-12-31,IUM5WTL,5.43,bank_of_england_iadb,"https://www.bankofengland.co.uk/boeapps/database/_iadb-fromshowcolumns.asp?csv.x=yes&Datefrom=01/Jan/1975&Dateto=now&SeriesCodes=IUDBEDR,IUMBV34,IUMBV37,IUMBV42,IUMBV45,IUM2WTL,IUM5WTL,IUMTLMV&UsingCodes=Y&VPD=Y&VFD=N",2026-08-10
2014-12-31,IUMTLMV,4.48,bank_of_england_iadb,"https://www.bankofengland.co.uk/boeapps/database/_iadb-fromshowcolumns.asp?csv.x=yes&Datefrom=01/Jan/1975&Dateto=now&SeriesCodes=IUDBEDR,IUMBV34,IUMBV37,IUMBV42,IUMBV45,IUM2WTL,IUM5WTL,IUMTLMV&UsingCodes=Y&VPD=Y&VFD=N",2026-08-10
2015-01-31,IUMBV34,2.01,bank_of_england_iadb,"https://www.bankofengland.co.uk/boeapps/database/_iadb-fromshowcolumns.asp?csv.x=yes&Datefrom=01/Jan/1975&Dateto=now&SeriesCodes=IUDBEDR,IUMBV34,IUMBV37,IUMBV42,IUMBV45,IUM2WTL,IUM5WTL,IUMTLMV&UsingCodes=Y&VPD=Y&VFD=N",2026-08-10
2015-01-31,IUMBV37,2.86,bank_of_england_iadb,"https://www.bankofengland.co.uk/boeapps/database/_iadb-fromshowcolumns.asp?csv.x=yes&Datefrom=01/Jan/1975&Dateto=now&SeriesCodes=IUDBEDR,IUMBV34,IUMBV37,IUMBV42,IUMBV45,IUM2WTL,IUM5WTL,IUMTLMV&UsingCodes=Y&VPD=Y&VFD=N",2026-08-10
2015-01-31,IUMBV42,3.09,bank_of_england_iadb,"https://www.bankofengland.co.uk/boeapps/database/_iadb-fromshowcolumns.asp?csv.x=yes&Datefrom=01/Jan/1975&Dateto=now&SeriesCodes=IUDBEDR,IUMBV34,IUMBV37,IUMBV42,IUMBV45,IUM2WTL,IUM5WTL,IUMTLMV&UsingCodes=Y&VPD=Y&VFD=N",2026-08-10
2015-01-31,IUMBV45,3.95,bank_of_england_iadb,"https://www.bankofengland.co.uk/boeapps/database/_iadb-fromshowcolumns.asp?csv.x=yes&Datefrom=01/Jan/1975&Dateto=now&SeriesCodes=IUDBEDR,IUMBV34,IUMBV37,IUMBV42,IUMBV45,IUM2WTL,IUM5WTL,IUMTLMV&UsingCodes=Y&VPD=Y&VFD=N",2026-08-10
2015-01-31,IUM2WTL,4.74,bank_of_england_iadb,"https://www.bankofengland.co.uk/boeapps/database/_iadb-fromshowcolumns.asp?csv.x=yes&Datefrom=01/Jan/1975&Dateto=now&SeriesCodes=IUDBEDR,IUMBV34,IUMBV37,IUMBV42,IUMBV45,IUM2WTL,IUM5WTL,IUMTLMV&UsingCodes=Y&VPD=Y&VFD=N",2026-08-10
2015-01-31,IUM5WTL,5.06,bank_of_england_iadb,"https://www.bankofengland.co.uk/boeapps/database/_iadb-fromshowcolumns.asp?csv.x=yes&Datefrom=01/Jan/1975&Dateto=now&SeriesCodes=IUDBEDR,IUMBV34,IUMBV37,IUMBV42,IUMBV45,IUM2WTL,IUM5WTL,IUMTLMV&UsingCodes=Y&VPD=Y&VFD=N",2026-08-10
2015-01-31,IUMTLMV,4.56,bank_of_england_iadb,"https://www.bankofengland.co.uk/boeapps/database/_iadb-fromshowcolumns.asp?csv.x=yes&Datefrom=01/Jan/1975&Dateto=now&SeriesCodes=IUDBEDR,IUMBV34,IUMBV37,IUMBV42,IUMBV45,IUM2WTL,IUM5WTL,IUMTLMV&UsingCodes=Y&VPD=Y&VFD=N",2026-08-10
2015-02-28,IUMBV34,1.96,bank_of_england_iadb,"https://www.bankofengland.co.uk/boeapps/database/_iadb-fromshowcolumns.asp?csv.x=yes&Datefrom=01/Jan/1975&Dateto=now&SeriesCodes=IUDBEDR,IUMBV34,IUMBV37,IUMBV42,IUMBV45,IUM2WTL,IUM5WTL,IUMTLMV&UsingCodes=Y&VPD=Y&VFD=N",2026-08-10
2015-02-28,IUMBV37,2.62,bank_of_england_iadb,"https://www.bankofengland.co.uk/boeapps/database/_iadb-fromshowcolumns.asp?csv.x=yes&Datefrom=01/Jan/1975&Dateto=now&SeriesCodes=IUDBEDR,IUMBV34,IUMBV37,IUMBV42,IUMBV45,IUM2WTL,IUM5WTL,IUMTLMV&UsingCodes=Y&VPD=Y&VFD=N",2026-08-10
2015-02-28,IUMBV42,3.05,bank_of_england_iadb,"https://www.bankofengland.co.uk/boeapps/database/_iadb-fromshowcolumns.asp?csv.x=yes&Datefrom=01/Jan/1975&Dateto=now&SeriesCodes=IUDBEDR,IUMBV34,IUMBV37,IUMBV42,IUMBV45,IUM2WTL,IUM5WTL,IUMTLMV&UsingCodes=Y&VPD=Y&VFD=N",2026-08-10
2015-02-28,IUMBV45,3.67,bank_of_england_iadb,"https://www.bankofengland.co.uk/boeapps/database/_iadb-fromshowcolumns.asp?csv.x=yes&Datefrom=01/Jan/1975&Dateto=now&SeriesCodes=IUDBEDR,IUMBV34,IUMBV37,IUMBV42,IUMBV45,IUM2WTL,IUM5WTL,IUMTLMV&UsingCodes=Y&VPD=Y&VFD=N",2026-08-10
2015-02-28,IUM2WTL,4.67,bank_of_england_iadb,"https://www.bankofengland.co.uk/boeapps/database/_iadb-fromshowcolumns.asp?csv.x=yes&Datefrom=01/Jan/1975&Dateto=now&SeriesCodes=IUDBEDR,IUMBV34,IUMBV37,IUMBV42,IUMBV45,IUM2WTL,IUM5WTL,IUMTLMV&UsingCodes=Y&VPD=Y&VFD=N",2026-08-10
2015-02-28,IUM5WTL,5.02,bank_of_england_iadb,"https://www.bankofengland.co.uk/boeapps/database/_iadb-fromshowcolumns.asp?csv.x=yes&Datefrom=01/Jan/1975&Dateto=now&SeriesCodes=IUDBEDR,IUMBV34,IUMBV37,IUMBV42,IUMBV45,IUM2WTL,IUM5WTL,IUMTLMV&UsingCodes=Y&VPD=Y&VFD=N",2026-08-10
2015-02-28,IUMTLMV,4.51,bank_of_england_iadb,"https://www.bankofengland.co.uk/boeapps/database/_iadb-fromshowcolumns.asp?csv.x=yes&Datefrom=01/Jan/1975&Dateto=now&SeriesCodes=IUDBEDR,IUMBV34,IUMBV37,IUMBV42,IUMBV45,IUM2WTL,IUM5WTL,IUMTLMV&UsingCodes=Y&VPD=Y&VFD=N",2026-08-10
2015-03-31,IUMBV34,1.99,bank_of_england_iadb,"https://www.bankofengland.co.uk/boeapps/database/_iadb-fromshowcolumns.asp?csv.x=yes&Datefrom=01/Jan/1975&Dateto=now&SeriesCodes=IUDBEDR,IUMBV34,IUMBV37,IUMBV42,IUMBV45,IUM2WTL,IUM5WTL,IUMTLMV&UsingCodes=Y&VPD=Y&VFD=N",2026-08-10
2015-03-31,IUMBV37,2.63,bank_of_england_iadb,"https://www.bankofengland.co.uk/boeapps/database/_iadb-fromshowcolumns.asp?csv.x=yes&Datefrom=01/Jan/1975&Dateto=now&SeriesCodes=IUDBEDR,IUMBV34,IUMBV37,IUMBV42,IUMBV45,IUM2WTL,IUM5WTL,IUMTLMV&UsingCodes=Y&VPD=Y&VFD=N",2026-08-10
2015-03-31,IUMBV42,2.98,bank_of_england_iadb,"https://www.bankofengland.co.uk/boeapps/database/_iadb-fromshowcolumns.asp?csv.x=yes&Datefrom=01/Jan/1975&Dateto=now&SeriesCodes=IUDBEDR,IUMBV34,IUMBV37,IUMBV42,IUMBV45,IUM2WTL,IUM5WTL,IUMTLMV&UsingCodes=Y&VPD=Y&VFD=N",2026-08-10
2015-03-31,IUMBV45,3.47,bank_of_england_iadb,"https://www.bankofengland.co.uk/boeapps/database/_iadb-fromshowcolumns.asp?csv.x=yes&Datefrom=01/Jan/1975&Dateto=now&SeriesCodes=IUDBEDR,IUMBV34,IUMBV37,IUMBV42,IUMBV45,IUM2WTL,IUM5WTL,IUMTLMV&UsingCodes=Y&VPD=Y&VFD=N",2026-08-10
2015-03-31,IUM2WTL,4.72,bank_of_england_iadb,"https://www.bankofengland.co.uk/boeapps/database/_iadb-fromshowcolumns.asp?csv.x=yes&Datefrom=01/Jan/1975&Dateto=now&SeriesCodes=IUDBEDR,IUMBV34,IUMBV37,IUMBV42,IUMBV45,IUM2WTL,IUM5WTL,IUMTLMV&UsingCodes=Y&VPD=Y&VFD=N",2026-08-10
2015-03-31,IUM5WTL,4.98,bank_of_england_iadb,"https://www.bankofengland.co.uk/boeapps/database/_iadb-fromshowcolumns.asp?csv.x=yes&Datefrom=01/Jan/1975&Dateto=now&SeriesCodes=IUDBEDR,IUMBV34,IUMBV37,IUMBV42,IUMBV45,IUM2WTL,IUM5WTL,IUMTLMV&UsingCodes=Y&VPD=Y&VFD=N",2026-08-10
2015-03-31,IUMTLMV,4.51,bank_of_england_iadb,"https://www.bankofengland.co.uk/boeapps/database/_iadb-fromshowcolumns.asp?csv.x=yes&Datefrom=01/Jan/1975&Dateto=now&SeriesCodes=IUDBEDR,IUMBV34,IUMBV37,IUMBV42,IUMBV45,IUM2WTL,IUM5WTL,IUMTLMV&UsingCodes=Y&VPD=Y&VFD=N",2026-08-10
2015-04-30,IUMBV34,1.95,bank_of_england_iadb,"https://www.bankofengland.co.uk/boeapps/database/_iadb-fromshowcolumns.asp?csv.x=yes&Datefrom=01/Jan/1975&Dateto=now&SeriesCodes=IUDBEDR,IUMBV34,IUMBV37,IUMBV42,IUMBV45,IUM2WTL,IUM5WTL,IUMTLMV&UsingCodes=Y&VPD=Y&VFD=N",2026-08-10
2015-04-30,IUMBV37,2.57,bank_of_england_iadb,"https://www.bankofengland.co.uk/boeapps/database/_iadb-fromshowcolumns.asp?csv.x=yes&Datefrom=01/Jan/1975&Dateto=now&SeriesCodes=IUDBEDR,IUMBV34,IUMBV37,IUMBV42,IUMBV45,IUM2WTL,IUM5WTL,IUMTLMV&UsingCodes=Y&VPD=Y&VFD=N",2026-08-10
2015-04-30,IUMBV42,2.92,bank_of_england_iadb,"https://www.bankofengland.co.uk/boeapps/database/_iadb-fromshowcolumns.asp?csv.x=yes&Datefrom=01/Jan/1975&Dateto=now&SeriesCodes=IUDBEDR,IUMBV34,IUMBV37,IUMBV42,IUMBV45,IUM2WTL,IUM5WTL,IUMTLMV&UsingCodes=Y&VPD=Y&VFD=N",2026-08-10
2015-04-30,IUMBV45,3.49,bank_of_england_iadb,"https://www.bankofengland.co.uk/boeapps/database/_iadb-fromshowcolumns.asp?csv.x=yes&Datefrom=01/Jan/1975&Dateto=now&SeriesCodes=IUDBEDR,IUMBV34,IUMBV37,IUMBV42,IUMBV45,IUM2WTL,IUM5WTL,IUMTLMV&UsingCodes=Y&VPD=Y&VFD=N",2026-08-10
2015-04-30,IUM2WTL,4.58,bank_of_england_iadb,"https://www.bankofengland.co.uk/boeapps/database/_iadb-fromshowcolumns.asp?csv.x=yes&Datefrom=01/Jan/1975&Dateto=now&SeriesCodes=IUDBEDR,IUMBV34,IUMBV37,IUMBV42,IUMBV45,IUM2WTL,IUM5WTL,IUMTLMV&UsingCodes=Y&VPD=Y&VFD=N",2026-08-10
2015-04-30,IUM5WTL,4.98,bank_of_england_iadb,"https://www.bankofengland.co.uk/boeapps/database/_iadb-fromshowcolumns.asp?csv.x=yes&Datefrom=01/Jan/1975&Dateto=now&SeriesCodes=IUDBEDR,IUMBV34,IUMBV37,IUMBV42,IUMBV45,IUM2WTL,IUM5WTL,IUMTLMV&UsingCodes=Y&VPD=Y&VFD=N",2026-08-10
2015-04-30,IUMTLMV,4.53,bank_of_england_iadb,"https://www.bankofengland.co.uk/boeapps/database/_iadb-fromshowcolumns.asp?csv.x=yes&Datefrom=01/Jan/1975&Dateto=now&SeriesCodes=IUDBEDR,IUMBV34,IUMBV37,IUMBV42,IUMBV45,IUM2WTL,IUM5WTL,IUMTLMV&UsingCodes=Y&VPD=Y&VFD=N",2026-08-10
2015-05-31,IUMBV34,1.9,bank_of_england_iadb,"https://www.bankofengland.co.uk/boeapps/database/_iadb-fromshowcolumns.asp?csv.x=yes&Datefrom=01/Jan/1975&Dateto=now&SeriesCodes=IUDBEDR,IUMBV34,IUMBV37,IUMBV42,IUMBV45,IUM2WTL,IUM5WTL,IUMTLMV&UsingCodes=Y&VPD=Y&VFD=N",2026-08-10
2015-05-31,IUMBV37,2.56,bank_of_england_iadb,"https://www.bankofengland.co.uk/boeapps/database/_iadb-fromshowcolumns.asp?csv.x=yes&Datefrom=01/Jan/1975&Dateto=now&SeriesCodes=IUDBEDR,IUMBV34,IUMBV37,IUMBV42,IUMBV45,IUM2WTL,IUM5WTL,IUMTLMV&UsingCodes=Y&VPD=Y&VFD=N",2026-08-10
2015-05-31,IUMBV42,2.86,bank_of_england_iadb,"https://www.bankofengland.co.uk/boeapps/database/_iadb-fromshowcolumns.asp?csv.x=yes&Datefrom=01/Jan/1975&Dateto=now&SeriesCodes=IUDBEDR,IUMBV34,IUMBV37,IUMBV42,IUMBV45,IUM2WTL,IUM5WTL,IUMTLMV&UsingCodes=Y&VPD=Y&VFD=N",2026-08-10
2015-05-31,IUMBV45,3.28,bank_of_england_iadb,"https://www.bankofengland.co.uk/boeapps/database/_iadb-fromshowcolumns.asp?csv.x=yes&Datefrom=01/Jan/1975&Dateto=now&SeriesCodes=IUDBEDR,IUMBV34,IUMBV37,IUMBV42,IUMBV45,IUM2WTL,IUM5WTL,IUMTLMV&UsingCodes=Y&VPD=Y&VFD=N",2026-08-10
2015-05-31,IUM2WTL,4.57,bank_of_england_iadb,"https://www.bankofengland.co.uk/boeapps/database/_iadb-fromshowcolumns.asp?csv.x=yes&Datefrom=01/Jan/1975&Dateto=now&SeriesCodes=IUDBEDR,IUMBV34,IUMBV37,IUMBV42,IUMBV45,IUM2WTL,IUM5WTL,IUMTLMV&UsingCodes=Y&VPD=Y&VFD=N",2026-08-10
2015-05-31,IUM5WTL,4.96,bank_of_england_iadb,"https://www.bankofengland.co.uk/boeapps/database/_iadb-fromshowcolumns.asp?csv.x=yes&Datefrom=01/Jan/1975&Dateto=now&SeriesCodes=IUDBEDR,IUMBV34,IUMBV37,IUMBV42,IUMBV45,IUM2WTL,IUM5WTL,IUMTLMV&UsingCodes=Y&VPD=Y&VFD=N",2026-08-10
2015-05-31,IUMTLMV,4.55,bank_of_england_iadb,"https://www.bankofengland.co.uk/boeapps/database/_iadb-fromshowcolumns.asp?csv.x=yes&Datefrom=01/Jan/1975&Dateto=now&SeriesCodes=IUDBEDR,IUMBV34,IUMBV37,IUMBV42,IUMBV45,IUM2WTL,IUM5WTL,IUMTLMV&UsingCodes=Y&VPD=Y&VFD=N",2026-08-10
2015-06-30,IUMBV34,1.83,bank_of_england_iadb,"https://www.bankofengland.co.uk/boeapps/database/_iadb-fromshowcolumns.asp?csv.x=yes&Datefrom=01/Jan/1975&Dateto=now&SeriesCodes=IUDBEDR,IUMBV34,IUMBV37,IUMBV42,IUMBV45,IUM2WTL,IUM5WTL,IUMTLMV&UsingCodes=Y&VPD=Y&VFD=N",2026-08-10
2015-06-30,IUMBV37,2.54,bank_of_england_iadb,"https://www.bankofengland.co.uk/boeapps/database/_iadb-fromshowcolumns.asp?csv.x=yes&Datefrom=01/Jan/1975&Dateto=now&SeriesCodes=IUDBEDR,IUMBV34,IUMBV37,IUMBV42,IUMBV45,IUM2WTL,IUM5WTL,IUMTLMV&UsingCodes=Y&VPD=Y&VFD=N",2026-08-10
2015-06-30,IUMBV42,2.82,bank_of_england_iadb,"https://www.bankofengland.co.uk/boeapps/database/_iadb-fromshowcolumns.asp?csv.x=yes&Datefrom=01/Jan/1975&Dateto=now&SeriesCodes=IUDBEDR,IUMBV34,IUMBV37,IUMBV42,IUMBV45,IUM2WTL,IUM5WTL,IUMTLMV&UsingCodes=Y&VPD=Y&VFD=N",2026-08-10
2015-06-30,IUMBV45,3.24,bank_of_england_iadb,"https://www.bankofengland.co.uk/boeapps/database/_iadb-fromshowcolumns.asp?csv.x=yes&Datefrom=01/Jan/1975&Dateto=now&SeriesCodes=IUDBEDR,IUMBV34,IUMBV37,IUMBV42,IUMBV45,IUM2WTL,IUM5WTL,IUMTLMV&UsingCodes=Y&VPD=Y&VFD=N",2026-08-10
2015-06-30,IUM2WTL,4.39,bank_of_england_iadb,"https://www.bankofengland.co.uk/boeapps/database/_iadb-fromshowcolumns.asp?csv.x=yes&Datefrom=01/Jan/1975&Dateto=now&SeriesCodes=IUDBEDR,IUMBV34,IUMBV37,IUMBV42,IUMBV45,IUM2WTL,IUM5WTL,IUMTLMV&UsingCodes=Y&VPD=Y&VFD=N",2026-08-10
2015-06-30,IUM5WTL,4.96,bank_of_england_iadb,"https://www.bankofengland.co.uk/boeapps/database/_iadb-fromshowcolumns.asp?csv.x=yes&Datefrom=01/Jan/1975&Dateto=now&SeriesCodes=IUDBEDR,IUMBV34,IUMBV37,IUMBV42,IUMBV45,IUM2WTL,IUM5WTL,IUMTLMV&UsingCodes=Y&VPD=Y&VFD=N",2026-08-10
2015-06-30,IUMTLMV,4.49,bank_of_england_iadb,"https://www.bankofengland.co.uk/boeapps/database/_iadb-fromshowcolumns.asp?csv.x=yes&Datefrom=01/Jan/1975&Dateto=now&SeriesCodes=IUDBEDR,IUMBV34,IUMBV37,IUMBV42,IUMBV45,IUM2WTL,IUM5WTL,IUMTLMV&UsingCodes=Y&VPD=Y&VFD=N",2026-08-10
2015-07-31,IUMBV34,1.87,bank_of_england_iadb,"https://www.bankofengland.co.uk/boeapps/database/_iadb-fromshowcolumns.asp?csv.x=yes&Datefrom=01/Jan/1975&Dateto=now&SeriesCodes=IUDBEDR,IUMBV34,IUMBV37,IUMBV42,IUMBV45,IUM2WTL,IUM5WTL,IUMTLMV&UsingCodes=Y&VPD=Y&VFD=N",2026-08-10
2015-07-31,IUMBV37,2.54,bank_of_england_iadb,"https://www.bankofengland.co.uk/boeapps/database/_iadb-fromshowcolumns.asp?csv.x=yes&Datefrom=01/Jan/1975&Dateto=now&SeriesCodes=IUDBEDR,IUMBV34,IUMBV37,IUMBV42,IUMBV45,IUM2WTL,IUM5WTL,IUMTLMV&UsingCodes=Y&VPD=Y&VFD=N",2026-08-10
2015-07-31,IUMBV42,2.83,bank_of_england_iadb,"https://www.bankofengland.co.uk/boeapps/database/_iadb-fromshowcolumns.asp?csv.x=yes&Datefrom=01/Jan/1975&Dateto=now&SeriesCodes=IUDBEDR,IUMBV34,IUMBV37,IUMBV42,IUMBV45,IUM2WTL,IUM5WTL,IUMTLMV&UsingCodes=Y&VPD=Y&VFD=N",2026-08-10
2015-07-31,IUMBV45,3.34,bank_of_england_iadb,"https://www.bankofengland.co.uk/boeapps/database/_iadb-fromshowcolumns.asp?csv.x=yes&Datefrom=01/Jan/1975&Dateto=now&SeriesCodes=IUDBEDR,IUMBV34,IUMBV37,IUMBV42,IUMBV45,IUM2WTL,IUM5WTL,IUMTLMV&UsingCodes=Y&VPD=Y&VFD=N",2026-08-10
2015-07-31,IUM2WTL,4.32,bank_of_england_iadb,"https://www.bankofengland.co.uk/boeapps/database/_iadb-fromshowcolumns.asp?csv.x=yes&Datefrom=01/Jan/1975&Dateto=now&SeriesCodes=IUDBEDR,IUMBV34,IUMBV37,IUMBV42,IUMBV45,IUM2WTL,IUM5WTL,IUMTLMV&UsingCodes=Y&VPD=Y&VFD=N",2026-08-10
2015-07-31,IUM5WTL,4.97,bank_of_england_iadb,"https://www.bankofengland.co.uk/boeapps/database/_iadb-fromshowcolumns.asp?csv.x=yes&Datefrom=01/Jan/1975&Dateto=now&SeriesCodes=IUDBEDR,IUMBV34,IUMBV37,IUMBV42,IUMBV45,IUM2WTL,IUM5WTL,IUMTLMV&UsingCodes=Y&VPD=Y&VFD=N",2026-08-10
2015-07-31,IUMTLMV,4.5,bank_of_england_iadb,"https://www.bankofengland.co.uk/boeapps/database/_iadb-fromshowcolumns.asp?csv.x=yes&Datefrom=01/Jan/1975&Dateto=now&SeriesCodes=IUDBEDR,IUMBV34,IUMBV37,IUMBV42,IUMBV45,IUM2WTL,IUM5WTL,IUMTLMV&UsingCodes=Y&VPD=Y&VFD=N",2026-08-10
2015-08-31,IUMBV34,1.95,bank_of_england_iadb,"https://www.bankofengland.co.uk/boeapps/database/_iadb-fromshowcolumns.asp?csv.x=yes&Datefrom=01/Jan/1975&Dateto=now&SeriesCodes=IUDBEDR,IUMBV34,IUMBV37,IUMBV42,IUMBV45,IUM2WTL,IUM5WTL,IUMTLMV&UsingCodes=Y&VPD=Y&VFD=N",2026-08-10
2015-08-31,IUMBV37,2.55,bank_of_england_iadb,"https://www.bankofengland.co.uk/boeapps/database/_iadb-fromshowcolumns.asp?csv.x=yes&Datefrom=01/Jan/1975&Dateto=now&SeriesCodes=IUDBEDR,IUMBV34,IUMBV37,IUMBV42,IUMBV45,IUM2WTL,IUM5WTL,IUMTLMV&UsingCodes=Y&VPD=Y&VFD=N",2026-08-10
2015-08-31,IUMBV42,2.92,bank_of_england_iadb,"https://www.bankofengland.co.uk/boeapps/database/_iadb-fromshowcolumns.asp?csv.x=yes&Datefrom=01/Jan/1975&Dateto=now&SeriesCodes=IUDBEDR,IUMBV34,IUMBV37,IUMBV42,IUMBV45,IUM2WTL,IUM5WTL,IUMTLMV&UsingCodes=Y&VPD=Y&VFD=N",2026-08-10
2015-08-31,IUMBV45,3.33,bank_of_england_iadb,"https://www.bankofengland.co.uk/boeapps/database/_iadb-fromshowcolumns.asp?csv.x=yes&Datefrom=01/Jan/1975&Dateto=now&SeriesCodes=IUDBEDR,IUMBV34,IUMBV37,IUMBV42,IUMBV45,IUM2WTL,IUM5WTL,IUMTLMV&UsingCodes=Y&VPD=Y&VFD=N",2026-08-10
2015-08-31,IUM2WTL,4.36,bank_of_england_iadb,"https://www.bankofengland.co.uk/boeapps/database/_iadb-fromshowcolumns.asp?csv.x=yes&Datefrom=01/Jan/1975&Dateto=now&SeriesCodes=IUDBEDR,IUMBV34,IUMBV37,IUMBV42,IUMBV45,IUM2WTL,IUM5WTL,IUMTLMV&UsingCodes=Y&VPD=Y&VFD=N",2026-08-10
2015-08-31,IUM5WTL,4.97,bank_of_england_iadb,"https://www.bankofengland.co.uk/boeapps/database/_iadb-fromshowcolumns.asp?csv.x=yes&Datefrom=01/Jan/1975&Dateto=now&SeriesCodes=IUDBEDR,IUMBV34,IUMBV37,IUMBV42,IUMBV45,IUM2WTL,IUM5WTL,IUMTLMV&UsingCodes=Y&VPD=Y&VFD=N",2026-08-10
2015-08-31,IUMTLMV,4.48,bank_of_england_iadb,"https://www.bankofengland.co.uk/boeapps/database/_iadb-fromshowcolumns.asp?csv.x=yes&Datefrom=01/Jan/1975&Dateto=now&SeriesCodes=IUDBEDR,IUMBV34,IUMBV37,IUMBV42,IUMBV45,IUM2WTL,IUM5WTL,IUMTLMV&UsingCodes=Y&VPD=Y&VFD=N",2026-08-10
2015-09-30,IUMBV34,1.91,bank_of_england_iadb,"https://www.bankofengland.co.uk/boeapps/database/_iadb-fromshowcolumns.asp?csv.x=yes&Datefrom=01/Jan/1975&Dateto=now&SeriesCodes=IUDBEDR,IUMBV34,IUMBV37,IUMBV42,IUMBV45,IUM2WTL,IUM5WTL,IUMTLMV&UsingCodes=Y&VPD=Y&VFD=N",2026-08-10
2015-09-30,IUMBV37,2.4,bank_of_england_iadb,"https://www.bankofengland.co.uk/boeapps/database/_iadb-fromshowcolumns.asp?csv.x=yes&Datefrom=01/Jan/1975&Dateto=now&SeriesCodes=IUDBEDR,IUMBV34,IUMBV37,IUMBV42,IUMBV45,IUM2WTL,IUM5WTL,IUMTLMV&UsingCodes=Y&VPD=Y&VFD=N",2026-08-10
2015-09-30,IUMBV42,2.84,bank_of_england_iadb,"https://www.bankofengland.co.uk/boeapps/database/_iadb-fromshowcolumns.asp?csv.x=yes&Datefrom=01/Jan/1975&Dateto=now&SeriesCodes=IUDBEDR,IUMBV34,IUMBV37,IUMBV42,IUMBV45,IUM2WTL,IUM5WTL,IUMTLMV&UsingCodes=Y&VPD=Y&VFD=N",2026-08-10
2015-09-30,IUMBV45,3.35,bank_of_england_iadb,"https://www.bankofengland.co.uk/boeapps/database/_iadb-fromshowcolumns.asp?csv.x=yes&Datefrom=01/Jan/1975&Dateto=now&SeriesCodes=IUDBEDR,IUMBV34,IUMBV37,IUMBV42,IUMBV45,IUM2WTL,IUM5WTL,IUMTLMV&UsingCodes=Y&VPD=Y&VFD=N",2026-08-10
2015-09-30,IUM2WTL,4.22,bank_of_england_iadb,"https://www.bankofengland.co.uk/boeapps/database/_iadb-fromshowcolumns.asp?csv.x=yes&Datefrom=01/Jan/1975&Dateto=now&SeriesCodes=IUDBEDR,IUMBV34,IUMBV37,IUMBV42,IUMBV45,IUM2WTL,IUM5WTL,IUMTLMV&UsingCodes=Y&VPD=Y&VFD=N",2026-08-10
2015-09-30,IUM5WTL,4.88,bank_of_england_iadb,"https://www.bankofengland.co.uk/boeapps/database/_iadb-fromshowcolumns.asp?csv.x=yes&Datefrom=01/Jan/1975&Dateto=now&SeriesCodes=IUDBEDR,IUMBV34,IUMBV37,IUMBV42,IUMBV45,IUM2WTL,IUM5WTL,IUMTLMV&UsingCodes=Y&VPD=Y&VFD=N",2026-08-10
2015-09-30,IUMTLMV,4.5,bank_of_england_iadb,"https://www.bankofengland.co.uk/boeapps/database/_iadb-fromshowcolumns.asp?csv.x=yes&Datefrom=01/Jan/1975&Dateto=now&SeriesCodes=IUDBEDR,IUMBV34,IUMBV37,IUMBV42,IUMBV45,IUM2WTL,IUM5WTL,IUMTLMV&UsingCodes=Y&VPD=Y&VFD=N",2026-08-10
2015-10-31,IUMBV34,1.87,bank_of_england_iadb,"https://www.bankofengland.co.uk/boeapps/database/_iadb-fromshowcolumns.asp?csv.x=yes&Datefrom=01/Jan/1975&Dateto=now&SeriesCodes=IUDBEDR,IUMBV34,IUMBV37,IUMBV42,IUMBV45,IUM2WTL,IUM5WTL,IUMTLMV&UsingCodes=Y&VPD=Y&VFD=N",2026-08-10
2015-10-31,IUMBV37,2.3,bank_of_england_iadb,"https://www.bankofengland.co.uk/boeapps/database/_iadb-fromshowcolumns.asp?csv.x=yes&Datefrom=01/Jan/1975&Dateto=now&SeriesCodes=IUDBEDR,IUMBV34,IUMBV37,IUMBV42,IUMBV45,IUM2WTL,IUM5WTL,IUMTLMV&UsingCodes=Y&VPD=Y&VFD=N",2026-08-10
2015-10-31,IUMBV42,2.78,bank_of_england_iadb,"https://www.bankofengland.co.uk/boeapps/database/_iadb-fromshowcolumns.asp?csv.x=yes&Datefrom=01/Jan/1975&Dateto=now&SeriesCodes=IUDBEDR,IUMBV34,IUMBV37,IUMBV42,IUMBV45,IUM2WTL,IUM5WTL,IUMTLMV&UsingCodes=Y&VPD=Y&VFD=N",2026-08-10
2015-10-31,IUMBV45,3.29,bank_of_england_iadb,"https://www.bankofengland.co.uk/boeapps/database/_iadb-fromshowcolumns.asp?csv.x=yes&Datefrom=01/Jan/1975&Dateto=now&SeriesCodes=IUDBEDR,IUMBV34,IUMBV37,IUMBV42,IUMBV45,IUM2WTL,IUM5WTL,IUMTLMV&UsingCodes=Y&VPD=Y&VFD=N",2026-08-10
2015-10-31,IUM2WTL,4.22,bank_of_england_iadb,"https://www.bankofengland.co.uk/boeapps/database/_iadb-fromshowcolumns.asp?csv.x=yes&Datefrom=01/Jan/1975&Dateto=now&SeriesCodes=IUDBEDR,IUMBV34,IUMBV37,IUMBV42,IUMBV45,IUM2WTL,IUM5WTL,IUMTLMV&UsingCodes=Y&VPD=Y&VFD=N",2026-08-10
2015-10-31,IUM5WTL,4.89,bank_of_england_iadb,"https://www.bankofengland.co.uk/boeapps/database/_iadb-fromshowcolumns.asp?csv.x=yes&Datefrom=01/Jan/1975&Dateto=now&SeriesCodes=IUDBEDR,IUMBV34,IUMBV37,IUMBV42,IUMBV45,IUM2WTL,IUM5WTL,IUMTLMV&UsingCodes=Y&VPD=Y&VFD=N",2026-08-10
2015-10-31,IUMTLMV,4.54,bank_of_england_iadb,"https://www.bankofengland.co.uk/boeapps/database/_iadb-fromshowcolumns.asp?csv.x=yes&Datefrom=01/Jan/1975&Dateto=now&SeriesCodes=IUDBEDR,IUMBV34,IUMBV37,IUMBV42,IUMBV45,IUM2WTL,IUM5WTL,IUMTLMV&UsingCodes=Y&VPD=Y&VFD=N",2026-08-10
2015-11-30,IUMBV34,1.92,bank_of_england_iadb,"https://www.bankofengland.co.uk/boeapps/database/_iadb-fromshowcolumns.asp?csv.x=yes&Datefrom=01/Jan/1975&Dateto=now&SeriesCodes=IUDBEDR,IUMBV34,IUMBV37,IUMBV42,IUMBV45,IUM2WTL,IUM5WTL,IUMTLMV&UsingCodes=Y&VPD=Y&VFD=N",2026-08-10
2015-11-30,IUMBV37,2.27,bank_of_england_iadb,"https://www.bankofengland.co.uk/boeapps/database/_iadb-fromshowcolumns.asp?csv.x=yes&Datefrom=01/Jan/1975&Dateto=now&SeriesCodes=IUDBEDR,IUMBV34,IUMBV37,IUMBV42,IUMBV45,IUM2WTL,IUM5WTL,IUMTLMV&UsingCodes=Y&VPD=Y&VFD=N",2026-08-10
2015-11-30,IUMBV42,2.77,bank_of_england_iadb,"https://www.bankofengland.co.uk/boeapps/database/_iadb-fromshowcolumns.asp?csv.x=yes&Datefrom=01/Jan/1975&Dateto=now&SeriesCodes=IUDBEDR,IUMBV34,IUMBV37,IUMBV42,IUMBV45,IUM2WTL,IUM5WTL,IUMTLMV&UsingCodes=Y&VPD=Y&VFD=N",2026-08-10
2015-11-30,IUMBV45,3.37,bank_of_england_iadb,"https://www.bankofengland.co.uk/boeapps/database/_iadb-fromshowcolumns.asp?csv.x=yes&Datefrom=01/Jan/1975&Dateto=now&SeriesCodes=IUDBEDR,IUMBV34,IUMBV37,IUMBV42,IUMBV45,IUM2WTL,IUM5WTL,IUMTLMV&UsingCodes=Y&VPD=Y&VFD=N",2026-08-10
2015-11-30,IUM2WTL,4.13,bank_of_england_iadb,"https://www.bankofengland.co.uk/boeapps/database/_iadb-fromshowcolumns.asp?csv.x=yes&Datefrom=01/Jan/1975&Dateto=now&SeriesCodes=IUDBEDR,IUMBV34,IUMBV37,IUMBV42,IUMBV45,IUM2WTL,IUM5WTL,IUMTLMV&UsingCodes=Y&VPD=Y&VFD=N",2026-08-10
2015-11-30,IUM5WTL,4.85,bank_of_england_iadb,"https://www.bankofengland.co.uk/boeapps/database/_iadb-fromshowcolumns.asp?csv.x=yes&Datefrom=01/Jan/1975&Dateto=now&SeriesCodes=IUDBEDR,IUMBV34,IUMBV37,IUMBV42,IUMBV45,IUM2WTL,IUM5WTL,IUMTLMV&UsingCodes=Y&VPD=Y&VFD=N",2026-08-10
2015-11-30,IUMTLMV,4.49,bank_of_england_iadb,"https://www.bankofengland.co.uk/boeapps/database/_iadb-fromshowcolumns.asp?csv.x=yes&Datefrom=01/Jan/1975&Dateto=now&SeriesCodes=IUDBEDR,IUMBV34,IUMBV37,IUMBV42,IUMBV45,IUM2WTL,IUM5WTL,IUMTLMV&UsingCodes=Y&VPD=Y&VFD=N",2026-08-10
2015-12-31,IUMBV34,1.9,bank_of_england_iadb,"https://www.bankofengland.co.uk/boeapps/database/_iadb-fromshowcolumns.asp?csv.x=yes&Datefrom=01/Jan/1975&Dateto=now&SeriesCodes=IUDBEDR,IUMBV34,IUMBV37,IUMBV42,IUMBV45,IUM2WTL,IUM5WTL,IUMTLMV&UsingCodes=Y&VPD=Y&VFD=N",2026-08-10
2015-12-31,IUMBV37,2.26,bank_of_england_iadb,"https://www.bankofengland.co.uk/boeapps/database/_iadb-fromshowcolumns.asp?csv.x=yes&Datefrom=01/Jan/1975&Dateto=now&SeriesCodes=IUDBEDR,IUMBV34,IUMBV37,IUMBV42,IUMBV45,IUM2WTL,IUM5WTL,IUMTLMV&UsingCodes=Y&VPD=Y&VFD=N",2026-08-10
2015-12-31,IUMBV42,2.75,bank_of_england_iadb,"https://www.bankofengland.co.uk/boeapps/database/_iadb-fromshowcolumns.asp?csv.x=yes&Datefrom=01/Jan/1975&Dateto=now&SeriesCodes=IUDBEDR,IUMBV34,IUMBV37,IUMBV42,IUMBV45,IUM2WTL,IUM5WTL,IUMTLMV&UsingCodes=Y&VPD=Y&VFD=N",2026-08-10
2015-12-31,IUMBV45,3.36,bank_of_england_iadb,"https://www.bankofengland.co.uk/boeapps/database/_iadb-fromshowcolumns.asp?csv.x=yes&Datefrom=01/Jan/1975&Dateto=now&SeriesCodes=IUDBEDR,IUMBV34,IUMBV37,IUMBV42,IUMBV45,IUM2WTL,IUM5WTL,IUMTLMV&UsingCodes=Y&VPD=Y&VFD=N",2026-08-10
2015-12-31,IUM2WTL,4.06,bank_of_england_iadb,"https://www.bankofengland.co.uk/boeapps/database/_iadb-fromshowcolumns.asp?csv.x=yes&Datefrom=01/Jan/1975&Dateto=now&SeriesCodes=IUDBEDR,IUMBV34,IUMBV37,IUMBV42,IUMBV45,IUM2WTL,IUM5WTL,IUMTLMV&UsingCodes=Y&VPD=Y&VFD=N",2026-08-10
2015-12-31,IUM5WTL,4.82,bank_of_england_iadb,"https://www.bankofengland.co.uk/boeapps/database/_iadb-fromshowcolumns.asp?csv.x=yes&Datefrom=01/Jan/1975&Dateto=now&SeriesCodes=IUDBEDR,IUMBV34,IUMBV37,IUMBV42,IUMBV45,IUM2WTL,IUM5WTL,IUMTLMV&UsingCodes=Y&VPD=Y&VFD=N",2026-08-10
2015-12-31,IUMTLMV,4.49,bank_of_england_iadb,"https://www.bankofengland.co.uk/boeapps/database/_iadb-fromshowcolumns.asp?csv.x=yes&Datefrom=01/Jan/1975&Dateto=now&SeriesCodes=IUDBEDR,IUMBV34,IUMBV37,IUMBV42,IUMBV45,IUM2WTL,IUM5WTL,IUMTLMV&UsingCodes=Y&VPD=Y&VFD=N",2026-08-10
2016-01-31,IUMBV34,1.93,bank_of_england_iadb,"https://www.bankofengland.co.uk/boeapps/database/_iadb-fromshowcolumns.asp?csv.x=yes&Datefrom=01/Jan/1975&Dateto=now&SeriesCodes=IUDBEDR,IUMBV34,IUMBV37,IUMBV42,IUMBV45,IUM2WTL,IUM5WTL,IUMTLMV&UsingCodes=Y&VPD=Y&VFD=N",2026-08-10
2016-01-31,IUMBV37,2.19,bank_of_england_iadb,"https://www.bankofengland.co.uk/boeapps/database/_iadb-fromshowcolumns.asp?csv.x=yes&Datefrom=01/Jan/1975&Dateto=now&SeriesCodes=IUDBEDR,IUMBV34,IUMBV37,IUMBV42,IUMBV45,IUM2WTL,IUM5WTL,IUMTLMV&UsingCodes=Y&VPD=Y&VFD=N",2026-08-10
2016-01-31,IUMBV42,2.68,bank_of_england_iadb,"https://www.bankofengland.co.uk/boeapps/database/_iadb-fromshowcolumns.asp?csv.x=yes&Datefrom=01/Jan/1975&Dateto=now&SeriesCodes=IUDBEDR,IUMBV34,IUMBV37,IUMBV42,IUMBV45,IUM2WTL,IUM5WTL,IUMTLMV&UsingCodes=Y&VPD=Y&VFD=N",2026-08-10
2016-01-31,IUMBV45,3.27,bank_of_england_iadb,"https://www.bankofengland.co.uk/boeapps/database/_iadb-fromshowcolumns.asp?csv.x=yes&Datefrom=01/Jan/1975&Dateto=now&SeriesCodes=IUDBEDR,IUMBV34,IUMBV37,IUMBV42,IUMBV45,IUM2WTL,IUM5WTL,IUMTLMV&UsingCodes=Y&VPD=Y&VFD=N",2026-08-10
2016-01-31,IUM2WTL,3.95,bank_of_england_iadb,"https://www.bankofengland.co.uk/boeapps/database/_iadb-fromshowcolumns.asp?csv.x=yes&Datefrom=01/Jan/1975&Dateto=now&SeriesCodes=IUDBEDR,IUMBV34,IUMBV37,IUMBV42,IUMBV45,IUM2WTL,IUM5WTL,IUMTLMV&UsingCodes=Y&VPD=Y&VFD=N",2026-08-10
2016-01-31,IUM5WTL,4.71,bank_of_england_iadb,"https://www.bankofengland.co.uk/boeapps/database/_iadb-fromshowcolumns.asp?csv.x=yes&Datefrom=01/Jan/1975&Dateto=now&SeriesCodes=IUDBEDR,IUMBV34,IUMBV37,IUMBV42,IUMBV45,IUM2WTL,IUM5WTL,IUMTLMV&UsingCodes=Y&VPD=Y&VFD=N",2026-08-10
2016-01-31,IUMTLMV,4.56,bank_of_england_iadb,"https://www.bankofengland.co.uk/boeapps/database/_iadb-fromshowcolumns.asp?csv.x=yes&Datefrom=01/Jan/1975&Dateto=now&SeriesCodes=IUDBEDR,IUMBV34,IUMBV37,IUMBV42,IUMBV45,IUM2WTL,IUM5WTL,IUMTLMV&UsingCodes=Y&VPD=Y&VFD=N",2026-08-10
2016-02-29,IUMBV34,1.95,bank_of_england_iadb,"https://www.bankofengland.co.uk/boeapps/database/_iadb-fromshowcolumns.asp?csv.x=yes&Datefrom=01/Jan/1975&Dateto=now&SeriesCodes=IUDBEDR,IUMBV34,IUMBV37,IUMBV42,IUMBV45,IUM2WTL,IUM5WTL,IUMTLMV&UsingCodes=Y&VPD=Y&VFD=N",2026-08-10
2016-02-29,IUMBV37,2.14,bank_of_england_iadb,"https://www.bankofengland.co.uk/boeapps/database/_iadb-fromshowcolumns.asp?csv.x=yes&Datefrom=01/Jan/1975&Dateto=now&SeriesCodes=IUDBEDR,IUMBV34,IUMBV37,IUMBV42,IUMBV45,IUM2WTL,IUM5WTL,IUMTLMV&UsingCodes=Y&VPD=Y&VFD=N",2026-08-10
2016-02-29,IUMBV42,2.73,bank_of_england_iadb,"https://www.bankofengland.co.uk/boeapps/database/_iadb-fromshowcolumns.asp?csv.x=yes&Datefrom=01/Jan/1975&Dateto=now&SeriesCodes=IUDBEDR,IUMBV34,IUMBV37,IUMBV42,IUMBV45,IUM2WTL,IUM5WTL,IUMTLMV&UsingCodes=Y&VPD=Y&VFD=N",2026-08-10
2016-02-29,IUMBV45,3.2,bank_of_england_iadb,"https://www.bankofengland.co.uk/boeapps/database/_iadb-fromshowcolumns.asp?csv.x=yes&Datefrom=01/Jan/1975&Dateto=now&SeriesCodes=IUDBEDR,IUMBV34,IUMBV37,IUMBV42,IUMBV45,IUM2WTL,IUM5WTL,IUMTLMV&UsingCodes=Y&VPD=Y&VFD=N",2026-08-10
2016-02-29,IUM2WTL,3.99,bank_of_england_iadb,"https://www.bankofengland.co.uk/boeapps/database/_iadb-fromshowcolumns.asp?csv.x=yes&Datefrom=01/Jan/1975&Dateto=now&SeriesCodes=IUDBEDR,IUMBV34,IUMBV37,IUMBV42,IUMBV45,IUM2WTL,IUM5WTL,IUMTLMV&UsingCodes=Y&VPD=Y&VFD=N",2026-08-10
2016-02-29,IUM5WTL,4.7,bank_of_england_iadb,"https://www.bankofengland.co.uk/boeapps/database/_iadb-fromshowcolumns.asp?csv.x=yes&Datefrom=01/Jan/1975&Dateto=now&SeriesCodes=IUDBEDR,IUMBV34,IUMBV37,IUMBV42,IUMBV45,IUM2WTL,IUM5WTL,IUMTLMV&UsingCodes=Y&VPD=Y&VFD=N",2026-08-10
2016-02-29,IUMTLMV,4.58,bank_of_england_iadb,"https://www.bankofengland.co.uk/boeapps/database/_iadb-fromshowcolumns.asp?csv.x=yes&Datefrom=01/Jan/1975&Dateto=now&SeriesCodes=IUDBEDR,IUMBV34,IUMBV37,IUMBV42,IUMBV45,IUM2WTL,IUM5WTL,IUMTLMV&UsingCodes=Y&VPD=Y&VFD=N",2026-08-10
2016-03-31,IUMBV34,1.9,bank_of_england_iadb,"https://www.bankofengland.co.uk/boeapps/database/_iadb-fromshowcolumns.asp?csv.x=yes&Datefrom=01/Jan/1975&Dateto=now&SeriesCodes=IUDBEDR,IUMBV34,IUMBV37,IUMBV42,IUMBV45,IUM2WTL,IUM5WTL,IUMTLMV&UsingCodes=Y&VPD=Y&VFD=N",2026-08-10
2016-03-31,IUMBV37,2.14,bank_of_england_iadb,"https://www.bankofengland.co.uk/boeapps/database/_iadb-fromshowcolumns.asp?csv.x=yes&Datefrom=01/Jan/1975&Dateto=now&SeriesCodes=IUDBEDR,IUMBV34,IUMBV37,IUMBV42,IUMBV45,IUM2WTL,IUM5WTL,IUMTLMV&UsingCodes=Y&VPD=Y&VFD=N",2026-08-10
2016-03-31,IUMBV42,2.7,bank_of_england_iadb,"https://www.bankofengland.co.uk/boeapps/database/_iadb-fromshowcolumns.asp?csv.x=yes&Datefrom=01/Jan/1975&Dateto=now&SeriesCodes=IUDBEDR,IUMBV34,IUMBV37,IUMBV42,IUMBV45,IUM2WTL,IUM5WTL,IUMTLMV&UsingCodes=Y&VPD=Y&VFD=N",2026-08-10
2016-03-31,IUMBV45,3.19,bank_of_england_iadb,"https://www.bankofengland.co.uk/boeapps/database/_iadb-fromshowcolumns.asp?csv.x=yes&Datefrom=01/Jan/1975&Dateto=now&SeriesCodes=IUDBEDR,IUMBV34,IUMBV37,IUMBV42,IUMBV45,IUM2WTL,IUM5WTL,IUMTLMV&UsingCodes=Y&VPD=Y&VFD=N",2026-08-10
2016-03-31,IUM2WTL,3.92,bank_of_england_iadb,"https://www.bankofengland.co.uk/boeapps/database/_iadb-fromshowcolumns.asp?csv.x=yes&Datefrom=01/Jan/1975&Dateto=now&SeriesCodes=IUDBEDR,IUMBV34,IUMBV37,IUMBV42,IUMBV45,IUM2WTL,IUM5WTL,IUMTLMV&UsingCodes=Y&VPD=Y&VFD=N",2026-08-10
2016-03-31,IUM5WTL,4.68,bank_of_england_iadb,"https://www.bankofengland.co.uk/boeapps/database/_iadb-fromshowcolumns.asp?csv.x=yes&Datefrom=01/Jan/1975&Dateto=now&SeriesCodes=IUDBEDR,IUMBV34,IUMBV37,IUMBV42,IUMBV45,IUM2WTL,IUM5WTL,IUMTLMV&UsingCodes=Y&VPD=Y&VFD=N",2026-08-10
2016-03-31,IUMTLMV,4.57,bank_of_england_iadb,"https://www.bankofengland.co.uk/boeapps/database/_iadb-fromshowcolumns.asp?csv.x=yes&Datefrom=01/Jan/1975&Dateto=now&SeriesCodes=IUDBEDR,IUMBV34,IUMBV37,IUMBV42,IUMBV45,IUM2WTL,IUM5WTL,IUMTLMV&UsingCodes=Y&VPD=Y&VFD=N",2026-08-10
2016-04-30,IUMBV34,1.84,bank_of_england_iadb,"https://www.bankofengland.co.uk/boeapps/database/_iadb-fromshowcolumns.asp?csv.x=yes&Datefrom=01/Jan/1975&Dateto=now&SeriesCodes=IUDBEDR,IUMBV34,IUMBV37,IUMBV42,IUMBV45,IUM2WTL,IUM5WTL,IUMTLMV&UsingCodes=Y&VPD=Y&VFD=N",2026-08-10
2016-04-30,IUMBV37,2.13,bank_of_england_iadb,"https://www.bankofengland.co.uk/boeapps/database/_iadb-fromshowcolumns.asp?csv.x=yes&Datefrom=01/Jan/1975&Dateto=now&SeriesCodes=IUDBEDR,IUMBV34,IUMBV37,IUMBV42,IUMBV45,IUM2WTL,IUM5WTL,IUMTLMV&UsingCodes=Y&VPD=Y&VFD=N",2026-08-10
2016-04-30,IUMBV42,2.71,bank_of_england_iadb,"https://www.bankofengland.co.uk/boeapps/database/_iadb-fromshowcolumns.asp?csv.x=yes&Datefrom=01/Jan/1975&Dateto=now&SeriesCodes=IUDBEDR,IUMBV34,IUMBV37,IUMBV42,IUMBV45,IUM2WTL,IUM5WTL,IUMTLMV&UsingCodes=Y&VPD=Y&VFD=N",2026-08-10
2016-04-30,IUMBV45,3.12,bank_of_england_iadb,"https://www.bankofengland.co.uk/boeapps/database/_iadb-fromshowcolumns.asp?csv.x=yes&Datefrom=01/Jan/1975&Dateto=now&SeriesCodes=IUDBEDR,IUMBV34,IUMBV37,IUMBV42,IUMBV45,IUM2WTL,IUM5WTL,IUMTLMV&UsingCodes=Y&VPD=Y&VFD=N",2026-08-10
2016-04-30,IUM2WTL,3.92,bank_of_england_iadb,"https://www.bankofengland.co.uk/boeapps/database/_iadb-fromshowcolumns.asp?csv.x=yes&Datefrom=01/Jan/1975&Dateto=now&SeriesCodes=IUDBEDR,IUMBV34,IUMBV37,IUMBV42,IUMBV45,IUM2WTL,IUM5WTL,IUMTLMV&UsingCodes=Y&VPD=Y&VFD=N",2026-08-10
2016-04-30,IUM5WTL,4.71,bank_of_england_iadb,"https://www.bankofengland.co.uk/boeapps/database/_iadb-fromshowcolumns.asp?csv.x=yes&Datefrom=01/Jan/1975&Dateto=now&SeriesCodes=IUDBEDR,IUMBV34,IUMBV37,IUMBV42,IUMBV45,IUM2WTL,IUM5WTL,IUMTLMV&UsingCodes=Y&VPD=Y&VFD=N",2026-08-10
2016-04-30,IUMTLMV,4.64,bank_of_england_iadb,"https://www.bankofengland.co.uk/boeapps/database/_iadb-fromshowcolumns.asp?csv.x=yes&Datefrom=01/Jan/1975&Dateto=now&SeriesCodes=IUDBEDR,IUMBV34,IUMBV37,IUMBV42,IUMBV45,IUM2WTL,IUM5WTL,IUMTLMV&UsingCodes=Y&VPD=Y&VFD=N",2026-08-10
2016-05-31,IUMBV34,1.91,bank_of_england_iadb,"https://www.bankofengland.co.uk/boeapps/database/_iadb-fromshowcolumns.asp?csv.x=yes&Datefrom=01/Jan/1975&Dateto=now&SeriesCodes=IUDBEDR,IUMBV34,IUMBV37,IUMBV42,IUMBV45,IUM2WTL,IUM5WTL,IUMTLMV&UsingCodes=Y&VPD=Y&VFD=N",2026-08-10
2016-05-31,IUMBV37,2.12,bank_of_england_iadb,"https://www.bankofengland.co.uk/boeapps/database/_iadb-fromshowcolumns.asp?csv.x=yes&Datefrom=01/Jan/1975&Dateto=now&SeriesCodes=IUDBEDR,IUMBV34,IUMBV37,IUMBV42,IUMBV45,IUM2WTL,IUM5WTL,IUMTLMV&UsingCodes=Y&VPD=Y&VFD=N",2026-08-10
2016-05-31,IUMBV42,2.64,bank_of_england_iadb,"https://www.bankofengland.co.uk/boeapps/database/_iadb-fromshowcolumns.asp?csv.x=yes&Datefrom=01/Jan/1975&Dateto=now&SeriesCodes=IUDBEDR,IUMBV34,IUMBV37,IUMBV42,IUMBV45,IUM2WTL,IUM5WTL,IUMTLMV&UsingCodes=Y&VPD=Y&VFD=N",2026-08-10
2016-05-31,IUMBV45,3.15,bank_of_england_iadb,"https://www.bankofengland.co.uk/boeapps/database/_iadb-fromshowcolumns.asp?csv.x=yes&Datefrom=01/Jan/1975&Dateto=now&SeriesCodes=IUDBEDR,IUMBV34,IUMBV37,IUMBV42,IUMBV45,IUM2WTL,IUM5WTL,IUMTLMV&UsingCodes=Y&VPD=Y&VFD=N",2026-08-10
2016-05-31,IUM2WTL,3.93,bank_of_england_iadb,"https://www.bankofengland.co.uk/boeapps/database/_iadb-fromshowcolumns.asp?csv.x=yes&Datefrom=01/Jan/1975&Dateto=now&SeriesCodes=IUDBEDR,IUMBV34,IUMBV37,IUMBV42,IUMBV45,IUM2WTL,IUM5WTL,IUMTLMV&UsingCodes=Y&VPD=Y&VFD=N",2026-08-10
2016-05-31,IUM5WTL,4.68,bank_of_england_iadb,"https://www.bankofengland.co.uk/boeapps/database/_iadb-fromshowcolumns.asp?csv.x=yes&Datefrom=01/Jan/1975&Dateto=now&SeriesCodes=IUDBEDR,IUMBV34,IUMBV37,IUMBV42,IUMBV45,IUM2WTL,IUM5WTL,IUMTLMV&UsingCodes=Y&VPD=Y&VFD=N",2026-08-10
2016-05-31,IUMTLMV,4.56,bank_of_england_iadb,"https://www.bankofengland.co.uk/boeapps/database/_iadb-fromshowcolumns.asp?csv.x=yes&Datefrom=01/Jan/1975&Dateto=now&SeriesCodes=IUDBEDR,IUMBV34,IUMBV37,IUMBV42,IUMBV45,IUM2WTL,IUM5WTL,IUMTLMV&UsingCodes=Y&VPD=Y&VFD=N",2026-08-10
2016-06-30,IUMBV34,1.75,bank_of_england_iadb,"https://www.bankofengland.co.uk/boeapps/database/_iadb-fromshowcolumns.asp?csv.x=yes&Datefrom=01/Jan/1975&Dateto=now&SeriesCodes=IUDBEDR,IUMBV34,IUMBV37,IUMBV42,IUMBV45,IUM2WTL,IUM5WTL,IUMTLMV&UsingCodes=Y&VPD=Y&VFD=N",2026-08-10
2016-06-30,IUMBV37,2.13,bank_of_england_iadb,"https://www.bankofengland.co.uk/boeapps/database/_iadb-fromshowcolumns.asp?csv.x=yes&Datefrom=01/Jan/1975&Dateto=now&SeriesCodes=IUDBEDR,IUMBV34,IUMBV37,IUMBV42,IUMBV45,IUM2WTL,IUM5WTL,IUMTLMV&UsingCodes=Y&VPD=Y&VFD=N",2026-08-10
2016-06-30,IUMBV42,2.54,bank_of_england_iadb,"https://www.bankofengland.co.uk/boeapps/database/_iadb-fromshowcolumns.asp?csv.x=yes&Datefrom=01/Jan/1975&Dateto=now&SeriesCodes=IUDBEDR,IUMBV34,IUMBV37,IUMBV42,IUMBV45,IUM2WTL,IUM5WTL,IUMTLMV&UsingCodes=Y&VPD=Y&VFD=N",2026-08-10
2016-06-30,IUMBV45,3.1,bank_of_england_iadb,"https://www.bankofengland.co.uk/boeapps/database/_iadb-fromshowcolumns.asp?csv.x=yes&Datefrom=01/Jan/1975&Dateto=now&SeriesCodes=IUDBEDR,IUMBV34,IUMBV37,IUMBV42,IUMBV45,IUM2WTL,IUM5WTL,IUMTLMV&UsingCodes=Y&VPD=Y&VFD=N",2026-08-10
2016-06-30,IUM2WTL,3.88,bank_of_england_iadb,"https://www.bankofengland.co.uk/boeapps/database/_iadb-fromshowcolumns.asp?csv.x=yes&Datefrom=01/Jan/1975&Dateto=now&SeriesCodes=IUDBEDR,IUMBV34,IUMBV37,IUMBV42,IUMBV45,IUM2WTL,IUM5WTL,IUMTLMV&UsingCodes=Y&VPD=Y&VFD=N",2026-08-10
2016-06-30,IUM5WTL,4.65,bank_of_england_iadb,"https://www.bankofengland.co.uk/boeapps/database/_iadb-fromshowcolumns.asp?csv.x=yes&Datefrom=01/Jan/1975&Dateto=now&SeriesCodes=IUDBEDR,IUMBV34,IUMBV37,IUMBV42,IUMBV45,IUM2WTL,IUM5WTL,IUMTLMV&UsingCodes=Y&VPD=Y&VFD=N",2026-08-10
2016-06-30,IUMTLMV,4.52,bank_of_england_iadb,"https://www.bankofengland.co.uk/boeapps/database/_iadb-fromshowcolumns.asp?csv.x=yes&Datefrom=01/Jan/1975&Dateto=now&SeriesCodes=IUDBEDR,IUMBV34,IUMBV37,IUMBV42,IUMBV45,IUM2WTL,IUM5WTL,IUMTLMV&UsingCodes=Y&VPD=Y&VFD=N",2026-08-10
2016-07-31,IUMBV34,1.72,bank_of_england_iadb,"https://www.bankofengland.co.uk/boeapps/database/_iadb-fromshowcolumns.asp?csv.x=yes&Datefrom=01/Jan/1975&Dateto=now&SeriesCodes=IUDBEDR,IUMBV34,IUMBV37,IUMBV42,IUMBV45,IUM2WTL,IUM5WTL,IUMTLMV&UsingCodes=Y&VPD=Y&VFD=N",2026-08-10
2016-07-31,IUMBV37,2.09,bank_of_england_iadb,"https://www.bankofengland.co.uk/boeapps/database/_iadb-fromshowcolumns.asp?csv.x=yes&Datefrom=01/Jan/1975&Dateto=now&SeriesCodes=IUDBEDR,IUMBV34,IUMBV37,IUMBV42,IUMBV45,IUM2WTL,IUM5WTL,IUMTLMV&UsingCodes=Y&VPD=Y&VFD=N",2026-08-10
2016-07-31,IUMBV42,2.51,bank_of_england_iadb,"https://www.bankofengland.co.uk/boeapps/database/_iadb-fromshowcolumns.asp?csv.x=yes&Datefrom=01/Jan/1975&Dateto=now&SeriesCodes=IUDBEDR,IUMBV34,IUMBV37,IUMBV42,IUMBV45,IUM2WTL,IUM5WTL,IUMTLMV&UsingCodes=Y&VPD=Y&VFD=N",2026-08-10
2016-07-31,IUMBV45,3.05,bank_of_england_iadb,"https://www.bankofengland.co.uk/boeapps/database/_iadb-fromshowcolumns.asp?csv.x=yes&Datefrom=01/Jan/1975&Dateto=now&SeriesCodes=IUDBEDR,IUMBV34,IUMBV37,IUMBV42,IUMBV45,IUM2WTL,IUM5WTL,IUMTLMV&UsingCodes=Y&VPD=Y&VFD=N",2026-08-10
2016-07-31,IUM2WTL,3.85,bank_of_england_iadb,"https://www.bankofengland.co.uk/boeapps/database/_iadb-fromshowcolumns.asp?csv.x=yes&Datefrom=01/Jan/1975&Dateto=now&SeriesCodes=IUDBEDR,IUMBV34,IUMBV37,IUMBV42,IUMBV45,IUM2WTL,IUM5WTL,IUMTLMV&UsingCodes=Y&VPD=Y&VFD=N",2026-08-10
2016-07-31,IUM5WTL,4.65,bank_of_england_iadb,"https://www.bankofengland.co.uk/boeapps/database/_iadb-fromshowcolumns.asp?csv.x=yes&Datefrom=01/Jan/1975&Dateto=now&SeriesCodes=IUDBEDR,IUMBV34,IUMBV37,IUMBV42,IUMBV45,IUM2WTL,IUM5WTL,IUMTLMV&UsingCodes=Y&VPD=Y&VFD=N",2026-08-10
2016-07-31,IUMTLMV,4.55,bank_of_england_iadb,"https://www.bankofengland.co.uk/boeapps/database/_iadb-fromshowcolumns.asp?csv.x=yes&Datefrom=01/Jan/1975&Dateto=now&SeriesCodes=IUDBEDR,IUMBV34,IUMBV37,IUMBV42,IUMBV45,IUM2WTL,IUM5WTL,IUMTLMV&UsingCodes=Y&VPD=Y&VFD=N",2026-08-10
2016-08-31,IUMBV34,1.69,bank_of_england_iadb,"https://www.bankofengland.co.uk/boeapps/database/_iadb-fromshowcolumns.asp?csv.x=yes&Datefrom=01/Jan/1975&Dateto=now&SeriesCodes=IUDBEDR,IUMBV34,IUMBV37,IUMBV42,IUMBV45,IUM2WTL,IUM5WTL,IUMTLMV&UsingCodes=Y&VPD=Y&VFD=N",2026-08-10
2016-08-31,IUMBV37,2.02,bank_of_england_iadb,"https://www.bankofengland.co.uk/boeapps/database/_iadb-fromshowcolumns.asp?csv.x=yes&Datefrom=01/Jan/1975&Dateto=now&SeriesCodes=IUDBEDR,IUMBV34,IUMBV37,IUMBV42,IUMBV45,IUM2WTL,IUM5WTL,IUMTLMV&UsingCodes=Y&VPD=Y&VFD=N",2026-08-10
2016-08-31,IUMBV42,2.39,bank_of_england_iadb,"https://www.bankofengland.co.uk/boeapps/database/_iadb-fromshowcolumns.asp?csv.x=yes&Datefrom=01/Jan/1975&Dateto=now&SeriesCodes=IUDBEDR,IUMBV34,IUMBV37,IUMBV42,IUMBV45,IUM2WTL,IUM5WTL,IUMTLMV&UsingCodes=Y&VPD=Y&VFD=N",2026-08-10
2016-08-31,IUMBV45,3.04,bank_of_england_iadb,"https://www.bankofengland.co.uk/boeapps/database/_iadb-fromshowcolumns.asp?csv.x=yes&Datefrom=01/Jan/1975&Dateto=now&SeriesCodes=IUDBEDR,IUMBV34,IUMBV37,IUMBV42,IUMBV45,IUM2WTL,IUM5WTL,IUMTLMV&UsingCodes=Y&VPD=Y&VFD=N",2026-08-10
2016-08-31,IUM2WTL,3.88,bank_of_england_iadb,"https://www.bankofengland.co.uk/boeapps/database/_iadb-fromshowcolumns.asp?csv.x=yes&Datefrom=01/Jan/1975&Dateto=now&SeriesCodes=IUDBEDR,IUMBV34,IUMBV37,IUMBV42,IUMBV45,IUM2WTL,IUM5WTL,IUMTLMV&UsingCodes=Y&VPD=Y&VFD=N",2026-08-10
2016-08-31,IUM5WTL,4.64,bank_of_england_iadb,"https://www.bankofengland.co.uk/boeapps/database/_iadb-fromshowcolumns.asp?csv.x=yes&Datefrom=01/Jan/1975&Dateto=now&SeriesCodes=IUDBEDR,IUMBV34,IUMBV37,IUMBV42,IUMBV45,IUM2WTL,IUM5WTL,IUMTLMV&UsingCodes=Y&VPD=Y&VFD=N",2026-08-10
2016-08-31,IUMTLMV,4.3,bank_of_england_iadb,"https://www.bankofengland.co.uk/boeapps/database/_iadb-fromshowcolumns.asp?csv.x=yes&Datefrom=01/Jan/1975&Dateto=now&SeriesCodes=IUDBEDR,IUMBV34,IUMBV37,IUMBV42,IUMBV45,IUM2WTL,IUM5WTL,IUMTLMV&UsingCodes=Y&VPD=Y&VFD=N",2026-08-10
2016-09-30,IUMBV34,1.59,bank_of_england_iadb,"https://www.bankofengland.co.uk/boeapps/database/_iadb-fromshowcolumns.asp?csv.x=yes&Datefrom=01/Jan/1975&Dateto=now&SeriesCodes=IUDBEDR,IUMBV34,IUMBV37,IUMBV42,IUMBV45,IUM2WTL,IUM5WTL,IUMTLMV&UsingCodes=Y&VPD=Y&VFD=N",2026-08-10
2016-09-30,IUMBV37,1.92,bank_of_england_iadb,"https://www.bankofengland.co.uk/boeapps/database/_iadb-fromshowcolumns.asp?csv.x=yes&Datefrom=01/Jan/1975&Dateto=now&SeriesCodes=IUDBEDR,IUMBV34,IUMBV37,IUMBV42,IUMBV45,IUM2WTL,IUM5WTL,IUMTLMV&UsingCodes=Y&VPD=Y&VFD=N",2026-08-10
2016-09-30,IUMBV42,2.34,bank_of_england_iadb,"https://www.bankofengland.co.uk/boeapps/database/_iadb-fromshowcolumns.asp?csv.x=yes&Datefrom=01/Jan/1975&Dateto=now&SeriesCodes=IUDBEDR,IUMBV34,IUMBV37,IUMBV42,IUMBV45,IUM2WTL,IUM5WTL,IUMTLMV&UsingCodes=Y&VPD=Y&VFD=N",2026-08-10
2016-09-30,IUMBV45,2.84,bank_of_england_iadb,"https://www.bankofengland.co.uk/boeapps/database/_iadb-fromshowcolumns.asp?csv.x=yes&Datefrom=01/Jan/1975&Dateto=now&SeriesCodes=IUDBEDR,IUMBV34,IUMBV37,IUMBV42,IUMBV45,IUM2WTL,IUM5WTL,IUMTLMV&UsingCodes=Y&VPD=Y&VFD=N",2026-08-10
2016-09-30,IUM2WTL,3.84,bank_of_england_iadb,"https://www.bankofengland.co.uk/boeapps/database/_iadb-fromshowcolumns.asp?csv.x=yes&Datefrom=01/Jan/1975&Dateto=now&SeriesCodes=IUDBEDR,IUMBV34,IUMBV37,IUMBV42,IUMBV45,IUM2WTL,IUM5WTL,IUMTLMV&UsingCodes=Y&VPD=Y&VFD=N",2026-08-10
2016-09-30,IUM5WTL,4.62,bank_of_england_iadb,"https://www.bankofengland.co.uk/boeapps/database/_iadb-fromshowcolumns.asp?csv.x=yes&Datefrom=01/Jan/1975&Dateto=now&SeriesCodes=IUDBEDR,IUMBV34,IUMBV37,IUMBV42,IUMBV45,IUM2WTL,IUM5WTL,IUMTLMV&UsingCodes=Y&VPD=Y&VFD=N",2026-08-10
2016-09-30,IUMTLMV,4.24,bank_of_england_iadb,"https://www.bankofengland.co.uk/boeapps/database/_iadb-fromshowcolumns.asp?csv.x=yes&Datefrom=01/Jan/1975&Dateto=now&SeriesCodes=IUDBEDR,IUMBV34,IUMBV37,IUMBV42,IUMBV45,IUM2WTL,IUM5WTL,IUMTLMV&UsingCodes=Y&VPD=Y&VFD=N",2026-08-10
2016-10-31,IUMBV34,1.52,bank_of_england_iadb,"https://www.bankofengland.co.uk/boeapps/database/_iadb-fromshowcolumns.asp?csv.x=yes&Datefrom=01/Jan/1975&Dateto=now&SeriesCodes=IUDBEDR,IUMBV34,IUMBV37,IUMBV42,IUMBV45,IUM2WTL,IUM5WTL,IUMTLMV&UsingCodes=Y&VPD=Y&VFD=N",2026-08-10
2016-10-31,IUMBV37,1.83,bank_of_england_iadb,"https://www.bankofengland.co.uk/boeapps/database/_iadb-fromshowcolumns.asp?csv.x=yes&Datefrom=01/Jan/1975&Dateto=now&SeriesCodes=IUDBEDR,IUMBV34,IUMBV37,IUMBV42,IUMBV45,IUM2WTL,IUM5WTL,IUMTLMV&UsingCodes=Y&VPD=Y&VFD=N",2026-08-10
2016-10-31,IUMBV42,2.27,bank_of_england_iadb,"https://www.bankofengland.co.uk/boeapps/database/_iadb-fromshowcolumns.asp?csv.x=yes&Datefrom=01/Jan/1975&Dateto=now&SeriesCodes=IUDBEDR,IUMBV34,IUMBV37,IUMBV42,IUMBV45,IUM2WTL,IUM5WTL,IUMTLMV&UsingCodes=Y&VPD=Y&VFD=N",2026-08-10
2016-10-31,IUMBV45,2.75,bank_of_england_iadb,"https://www.bankofengland.co.uk/boeapps/database/_iadb-fromshowcolumns.asp?csv.x=yes&Datefrom=01/Jan/1975&Dateto=now&SeriesCodes=IUDBEDR,IUMBV34,IUMBV37,IUMBV42,IUMBV45,IUM2WTL,IUM5WTL,IUMTLMV&UsingCodes=Y&VPD=Y&VFD=N",2026-08-10
2016-10-31,IUM2WTL,3.73,bank_of_england_iadb,"https://www.bankofengland.co.uk/boeapps/database/_iadb-fromshowcolumns.asp?csv.x=yes&Datefrom=01/Jan/1975&Dateto=now&SeriesCodes=IUDBEDR,IUMBV34,IUMBV37,IUMBV42,IUMBV45,IUM2WTL,IUM5WTL,IUMTLMV&UsingCodes=Y&VPD=Y&VFD=N",2026-08-10
2016-10-31,IUM5WTL,4.56,bank_of_england_iadb,"https://www.bankofengland.co.uk/boeapps/database/_iadb-fromshowcolumns.asp?csv.x=yes&Datefrom=01/Jan/1975&Dateto=now&SeriesCodes=IUDBEDR,IUMBV34,IUMBV37,IUMBV42,IUMBV45,IUM2WTL,IUM5WTL,IUMTLMV&UsingCodes=Y&VPD=Y&VFD=N",2026-08-10
2016-10-31,IUMTLMV,4.24,bank_of_england_iadb,"https://www.bankofengland.co.uk/boeapps/database/_iadb-fromshowcolumns.asp?csv.x=yes&Datefrom=01/Jan/1975&Dateto=now&SeriesCodes=IUDBEDR,IUMBV34,IUMBV37,IUMBV42,IUMBV45,IUM2WTL,IUM5WTL,IUMTLMV&UsingCodes=Y&VPD=Y&VFD=N",2026-08-10
2016-11-30,IUMBV34,1.43,bank_of_england_iadb,"https://www.bankofengland.co.uk/boeapps/database/_iadb-fromshowcolumns.asp?csv.x=yes&Datefrom=01/Jan/1975&Dateto=now&SeriesCodes=IUDBEDR,IUMBV34,IUMBV37,IUMBV42,IUMBV45,IUM2WTL,IUM5WTL,IUMTLMV&UsingCodes=Y&VPD=Y&VFD=N",2026-08-10
2016-11-30,IUMBV37,1.79,bank_of_england_iadb,"https://www.bankofengland.co.uk/boeapps/database/_iadb-fromshowcolumns.asp?csv.x=yes&Datefrom=01/Jan/1975&Dateto=now&SeriesCodes=IUDBEDR,IUMBV34,IUMBV37,IUMBV42,IUMBV45,IUM2WTL,IUM5WTL,IUMTLMV&UsingCodes=Y&VPD=Y&VFD=N",2026-08-10
2016-11-30,IUMBV42,2.25,bank_of_england_iadb,"https://www.bankofengland.co.uk/boeapps/database/_iadb-fromshowcolumns.asp?csv.x=yes&Datefrom=01/Jan/1975&Dateto=now&SeriesCodes=IUDBEDR,IUMBV34,IUMBV37,IUMBV42,IUMBV45,IUM2WTL,IUM5WTL,IUMTLMV&UsingCodes=Y&VPD=Y&VFD=N",2026-08-10
2016-11-30,IUMBV45,2.78,bank_of_england_iadb,"https://www.bankofengland.co.uk/boeapps/database/_iadb-fromshowcolumns.asp?csv.x=yes&Datefrom=01/Jan/1975&Dateto=now&SeriesCodes=IUDBEDR,IUMBV34,IUMBV37,IUMBV42,IUMBV45,IUM2WTL,IUM5WTL,IUMTLMV&UsingCodes=Y&VPD=Y&VFD=N",2026-08-10
2016-11-30,IUM2WTL,3.66,bank_of_england_iadb,"https://www.bankofengland.co.uk/boeapps/database/_iadb-fromshowcolumns.asp?csv.x=yes&Datefrom=01/Jan/1975&Dateto=now&SeriesCodes=IUDBEDR,IUMBV34,IUMBV37,IUMBV42,IUMBV45,IUM2WTL,IUM5WTL,IUMTLMV&UsingCodes=Y&VPD=Y&VFD=N",2026-08-10
2016-11-30,IUM5WTL,4.6,bank_of_england_iadb,"https://www.bankofengland.co.uk/boeapps/database/_iadb-fromshowcolumns.asp?csv.x=yes&Datefrom=01/Jan/1975&Dateto=now&SeriesCodes=IUDBEDR,IUMBV34,IUMBV37,IUMBV42,IUMBV45,IUM2WTL,IUM5WTL,IUMTLMV&UsingCodes=Y&VPD=Y&VFD=N",2026-08-10
2016-11-30,IUMTLMV,4.28,bank_of_england_iadb,"https://www.bankofengland.co.uk/boeapps/database/_iadb-fromshowcolumns.asp?csv.x=yes&Datefrom=01/Jan/1975&Dateto=now&SeriesCodes=IUDBEDR,IUMBV34,IUMBV37,IUMBV42,IUMBV45,IUM2WTL,IUM5WTL,IUMTLMV&UsingCodes=Y&VPD=Y&VFD=N",2026-08-10
2016-12-31,IUMBV34,1.45,bank_of_england_iadb,"https://www.bankofengland.co.uk/boeapps/database/_iadb-fromshowcolumns.asp?csv.x=yes&Datefrom=01/Jan/1975&Dateto=now&SeriesCodes=IUDBEDR,IUMBV34,IUMBV37,IUMBV42,IUMBV45,IUM2WTL,IUM5WTL,IUMTLMV&UsingCodes=Y&VPD=Y&VFD=N",2026-08-10
2016-12-31,IUMBV37,1.79,bank_of_england_iadb,"https://www.bankofengland.co.uk/boeapps/database/_iadb-fromshowcolumns.asp?csv.x=yes&Datefrom=01/Jan/1975&Dateto=now&SeriesCodes=IUDBEDR,IUMBV34,IUMBV37,IUMBV42,IUMBV45,IUM2WTL,IUM5WTL,IUMTLMV&UsingCodes=Y&VPD=Y&VFD=N",2026-08-10
2016-12-31,IUMBV42,2.26,bank_of_england_iadb,"https://www.bankofengland.co.uk/boeapps/database/_iadb-fromshowcolumns.asp?csv.x=yes&Datefrom=01/Jan/1975&Dateto=now&SeriesCodes=IUDBEDR,IUMBV34,IUMBV37,IUMBV42,IUMBV45,IUM2WTL,IUM5WTL,IUMTLMV&UsingCodes=Y&VPD=Y&VFD=N",2026-08-10
2016-12-31,IUMBV45,2.98,bank_of_england_iadb,"https://www.bankofengland.co.uk/boeapps/database/_iadb-fromshowcolumns.asp?csv.x=yes&Datefrom=01/Jan/1975&Dateto=now&SeriesCodes=IUDBEDR,IUMBV34,IUMBV37,IUMBV42,IUMBV45,IUM2WTL,IUM5WTL,IUMTLMV&UsingCodes=Y&VPD=Y&VFD=N",2026-08-10
2016-12-31,IUM2WTL,3.62,bank_of_england_iadb,"https://www.bankofengland.co.uk/boeapps/database/_iadb-fromshowcolumns.asp?csv.x=yes&Datefrom=01/Jan/1975&Dateto=now&SeriesCodes=IUDBEDR,IUMBV34,IUMBV37,IUMBV42,IUMBV45,IUM2WTL,IUM5WTL,IUMTLMV&UsingCodes=Y&VPD=Y&VFD=N",2026-08-10
2016-12-31,IUM5WTL,4.6,bank_of_england_iadb,"https://www.bankofengland.co.uk/boeapps/database/_iadb-fromshowcolumns.asp?csv.x=yes&Datefrom=01/Jan/1975&Dateto=now&SeriesCodes=IUDBEDR,IUMBV34,IUMBV37,IUMBV42,IUMBV45,IUM2WTL,IUM5WTL,IUMTLMV&UsingCodes=Y&VPD=Y&VFD=N",2026-08-10
2016-12-31,IUMTLMV,4.23,bank_of_england_iadb,"https://www.bankofengland.co.uk/boeapps/database/_iadb-fromshowcolumns.asp?csv.x=yes&Datefrom=01/Jan/1975&Dateto=now&SeriesCodes=IUDBEDR,IUMBV34,IUMBV37,IUMBV42,IUMBV45,IUM2WTL,IUM5WTL,IUMTLMV&UsingCodes=Y&VPD=Y&VFD=N",2026-08-10
2017-01-31,IUMBV34,1.45,bank_of_england_iadb,"https://www.bankofengland.co.uk/boeapps/database/_iadb-fromshowcolumns.asp?csv.x=yes&Datefrom=01/Jan/1975&Dateto=now&SeriesCodes=IUDBEDR,IUMBV34,IUMBV37,IUMBV42,IUMBV45,IUM2WTL,IUM5WTL,IUMTLMV&UsingCodes=Y&VPD=Y&VFD=N",2026-08-10
2017-01-31,IUMBV37,1.75,bank_of_england_iadb,"https://www.bankofengland.co.uk/boeapps/database/_iadb-fromshowcolumns.asp?csv.x=yes&Datefrom=01/Jan/1975&Dateto=now&SeriesCodes=IUDBEDR,IUMBV34,IUMBV37,IUMBV42,IUMBV45,IUM2WTL,IUM5WTL,IUMTLMV&UsingCodes=Y&VPD=Y&VFD=N",2026-08-10
2017-01-31,IUMBV42,2.22,bank_of_england_iadb,"https://www.bankofengland.co.uk/boeapps/database/_iadb-fromshowcolumns.asp?csv.x=yes&Datefrom=01/Jan/1975&Dateto=now&SeriesCodes=IUDBEDR,IUMBV34,IUMBV37,IUMBV42,IUMBV45,IUM2WTL,IUM5WTL,IUMTLMV&UsingCodes=Y&VPD=Y&VFD=N",2026-08-10
2017-01-31,IUMBV45,2.93,bank_of_england_iadb,"https://www.bankofengland.co.uk/boeapps/database/_iadb-fromshowcolumns.asp?csv.x=yes&Datefrom=01/Jan/1975&Dateto=now&SeriesCodes=IUDBEDR,IUMBV34,IUMBV37,IUMBV42,IUMBV45,IUM2WTL,IUM5WTL,IUMTLMV&UsingCodes=Y&VPD=Y&VFD=N",2026-08-10
2017-01-31,IUM2WTL,3.62,bank_of_england_iadb,"https://www.bankofengland.co.uk/boeapps/database/_iadb-fromshowcolumns.asp?csv.x=yes&Datefrom=01/Jan/1975&Dateto=now&SeriesCodes=IUDBEDR,IUMBV34,IUMBV37,IUMBV42,IUMBV45,IUM2WTL,IUM5WTL,IUMTLMV&UsingCodes=Y&VPD=Y&VFD=N",2026-08-10
2017-01-31,IUM5WTL,4.58,bank_of_england_iadb,"https://www.bankofengland.co.uk/boeapps/database/_iadb-fromshowcolumns.asp?csv.x=yes&Datefrom=01/Jan/1975&Dateto=now&SeriesCodes=IUDBEDR,IUMBV34,IUMBV37,IUMBV42,IUMBV45,IUM2WTL,IUM5WTL,IUMTLMV&UsingCodes=Y&VPD=Y&VFD=N",2026-08-10
2017-01-31,IUMTLMV,4.49,bank_of_england_iadb,"https://www.bankofengland.co.uk/boeapps/database/_iadb-fromshowcolumns.asp?csv.x=yes&Datefrom=01/Jan/1975&Dateto=now&SeriesCodes=IUDBEDR,IUMBV34,IUMBV37,IUMBV42,IUMBV45,IUM2WTL,IUM5WTL,IUMTLMV&UsingCodes=Y&VPD=Y&VFD=N",2026-08-10
2017-02-28,IUMBV34,1.42,bank_of_england_iadb,"https://www.bankofengland.co.uk/boeapps/database/_iadb-fromshowcolumns.asp?csv.x=yes&Datefrom=01/Jan/1975&Dateto=now&SeriesCodes=IUDBEDR,IUMBV34,IUMBV37,IUMBV42,IUMBV45,IUM2WTL,IUM5WTL,IUMTLMV&UsingCodes=Y&VPD=Y&VFD=N",2026-08-10
2017-02-28,IUMBV37,1.7,bank_of_england_iadb,"https://www.bankofengland.co.uk/boeapps/database/_iadb-fromshowcolumns.asp?csv.x=yes&Datefrom=01/Jan/1975&Dateto=now&SeriesCodes=IUDBEDR,IUMBV34,IUMBV37,IUMBV42,IUMBV45,IUM2WTL,IUM5WTL,IUMTLMV&UsingCodes=Y&VPD=Y&VFD=N",2026-08-10
2017-02-28,IUMBV42,2.2,bank_of_england_iadb,"https://www.bankofengland.co.uk/boeapps/database/_iadb-fromshowcolumns.asp?csv.x=yes&Datefrom=01/Jan/1975&Dateto=now&SeriesCodes=IUDBEDR,IUMBV34,IUMBV37,IUMBV42,IUMBV45,IUM2WTL,IUM5WTL,IUMTLMV&UsingCodes=Y&VPD=Y&VFD=N",2026-08-10
2017-02-28,IUMBV45,2.91,bank_of_england_iadb,"https://www.bankofengland.co.uk/boeapps/database/_iadb-fromshowcolumns.asp?csv.x=yes&Datefrom=01/Jan/1975&Dateto=now&SeriesCodes=IUDBEDR,IUMBV34,IUMBV37,IUMBV42,IUMBV45,IUM2WTL,IUM5WTL,IUMTLMV&UsingCodes=Y&VPD=Y&VFD=N",2026-08-10
2017-02-28,IUM2WTL,3.8,bank_of_england_iadb,"https://www.bankofengland.co.uk/boeapps/database/_iadb-fromshowcolumns.asp?csv.x=yes&Datefrom=01/Jan/1975&Dateto=now&SeriesCodes=IUDBEDR,IUMBV34,IUMBV37,IUMBV42,IUMBV45,IUM2WTL,IUM5WTL,IUMTLMV&UsingCodes=Y&VPD=Y&VFD=N",2026-08-10
2017-02-28,IUM5WTL,4.62,bank_of_england_iadb,"https://www.bankofengland.co.uk/boeapps/database/_iadb-fromshowcolumns.asp?csv.x=yes&Datefrom=01/Jan/1975&Dateto=now&SeriesCodes=IUDBEDR,IUMBV34,IUMBV37,IUMBV42,IUMBV45,IUM2WTL,IUM5WTL,IUMTLMV&UsingCodes=Y&VPD=Y&VFD=N",2026-08-10
2017-02-28,IUMTLMV,4.37,bank_of_england_iadb,"https://www.bankofengland.co.uk/boeapps/database/_iadb-fromshowcolumns.asp?csv.x=yes&Datefrom=01/Jan/1975&Dateto=now&SeriesCodes=IUDBEDR,IUMBV34,IUMBV37,IUMBV42,IUMBV45,IUM2WTL,IUM5WTL,IUMTLMV&UsingCodes=Y&VPD=Y&VFD=N",2026-08-10
2017-03-31,IUMBV34,1.37,bank_of_england_iadb,"https://www.bankofengland.co.uk/boeapps/database/_iadb-fromshowcolumns.asp?csv.x=yes&Datefrom=01/Jan/1975&Dateto=now&SeriesCodes=IUDBEDR,IUMBV34,IUMBV37,IUMBV42,IUMBV45,IUM2WTL,IUM5WTL,IUMTLMV&UsingCodes=Y&VPD=Y&VFD=N",2026-08-10
2017-03-31,IUMBV37,1.68,bank_of_england_iadb,"https://www.bankofengland.co.uk/boeapps/database/_iadb-fromshowcolumns.asp?csv.x=yes&Datefrom=01/Jan/1975&Dateto=now&SeriesCodes=IUDBEDR,IUMBV34,IUMBV37,IUMBV42,IUMBV45,IUM2WTL,IUM5WTL,IUMTLMV&UsingCodes=Y&VPD=Y&VFD=N",2026-08-10
2017-03-31,IUMBV42,2.15,bank_of_england_iadb,"https://www.bankofengland.co.uk/boeapps/database/_iadb-fromshowcolumns.asp?csv.x=yes&Datefrom=01/Jan/1975&Dateto=now&SeriesCodes=IUDBEDR,IUMBV34,IUMBV37,IUMBV42,IUMBV45,IUM2WTL,IUM5WTL,IUMTLMV&UsingCodes=Y&VPD=Y&VFD=N",2026-08-10
2017-03-31,IUMBV45,2.8,bank_of_england_iadb,"https://www.bankofengland.co.uk/boeapps/database/_iadb-fromshowcolumns.asp?csv.x=yes&Datefrom=01/Jan/1975&Dateto=now&SeriesCodes=IUDBEDR,IUMBV34,IUMBV37,IUMBV42,IUMBV45,IUM2WTL,IUM5WTL,IUMTLMV&UsingCodes=Y&VPD=Y&VFD=N",2026-08-10
2017-03-31,IUM2WTL,3.99,bank_of_england_iadb,"https://www.bankofengland.co.uk/boeapps/database/_iadb-fromshowcolumns.asp?csv.x=yes&Datefrom=01/Jan/1975&Dateto=now&SeriesCodes=IUDBEDR,IUMBV34,IUMBV37,IUMBV42,IUMBV45,IUM2WTL,IUM5WTL,IUMTLMV&UsingCodes=Y&VPD=Y&VFD=N",2026-08-10
2017-03-31,IUM5WTL,4.7,bank_of_england_iadb,"https://www.bankofengland.co.uk/boeapps/database/_iadb-fromshowcolumns.asp?csv.x=yes&Datefrom=01/Jan/1975&Dateto=now&SeriesCodes=IUDBEDR,IUMBV34,IUMBV37,IUMBV42,IUMBV45,IUM2WTL,IUM5WTL,IUMTLMV&UsingCodes=Y&VPD=Y&VFD=N",2026-08-10
2017-03-31,IUMTLMV,4.28,bank_of_england_iadb,"https://www.bankofengland.co.uk/boeapps/database/_iadb-fromshowcolumns.asp?csv.x=yes&Datefrom=01/Jan/1975&Dateto=now&SeriesCodes=IUDBEDR,IUMBV34,IUMBV37,IUMBV42,IUMBV45,IUM2WTL,IUM5WTL,IUMTLMV&UsingCodes=Y&VPD=Y&VFD=N",2026-08-10
2017-04-30,IUMBV34,1.35,bank_of_england_iadb,"https://www.bankofengland.co.uk/boeapps/database/_iadb-fromshowcolumns.asp?csv.x=yes&Datefrom=01/Jan/1975&Dateto=now&SeriesCodes=IUDBEDR,IUMBV34,IUMBV37,IUMBV42,IUMBV45,IUM2WTL,IUM5WTL,IUMTLMV&UsingCodes=Y&VPD=Y&VFD=N",2026-08-10
2017-04-30,IUMBV37,1.65,bank_of_england_iadb,"https://www.bankofengland.co.uk/boeapps/database/_iadb-fromshowcolumns.asp?csv.x=yes&Datefrom=01/Jan/1975&Dateto=now&SeriesCodes=IUDBEDR,IUMBV34,IUMBV37,IUMBV42,IUMBV45,IUM2WTL,IUM5WTL,IUMTLMV&UsingCodes=Y&VPD=Y&VFD=N",2026-08-10
2017-04-30,IUMBV42,2.09,bank_of_england_iadb,"https://www.bankofengland.co.uk/boeapps/database/_iadb-fromshowcolumns.asp?csv.x=yes&Datefrom=01/Jan/1975&Dateto=now&SeriesCodes=IUDBEDR,IUMBV34,IUMBV37,IUMBV42,IUMBV45,IUM2WTL,IUM5WTL,IUMTLMV&UsingCodes=Y&VPD=Y&VFD=N",2026-08-10
2017-04-30,IUMBV45,2.78,bank_of_england_iadb,"https://www.bankofengland.co.uk/boeapps/database/_iadb-fromshowcolumns.asp?csv.x=yes&Datefrom=01/Jan/1975&Dateto=now&SeriesCodes=IUDBEDR,IUMBV34,IUMBV37,IUMBV42,IUMBV45,IUM2WTL,IUM5WTL,IUMTLMV&UsingCodes=Y&VPD=Y&VFD=N",2026-08-10
2017-04-30,IUM2WTL,4.04,bank_of_england_iadb,"https://www.bankofengland.co.uk/boeapps/database/_iadb-fromshowcolumns.asp?csv.x=yes&Datefrom=01/Jan/1975&Dateto=now&SeriesCodes=IUDBEDR,IUMBV34,IUMBV37,IUMBV42,IUMBV45,IUM2WTL,IUM5WTL,IUMTLMV&UsingCodes=Y&VPD=Y&VFD=N",2026-08-10
2017-04-30,IUM5WTL,4.7,bank_of_england_iadb,"https://www.bankofengland.co.uk/boeapps/database/_iadb-fromshowcolumns.asp?csv.x=yes&Datefrom=01/Jan/1975&Dateto=now&SeriesCodes=IUDBEDR,IUMBV34,IUMBV37,IUMBV42,IUMBV45,IUM2WTL,IUM5WTL,IUMTLMV&UsingCodes=Y&VPD=Y&VFD=N",2026-08-10
2017-04-30,IUMTLMV,4.54,bank_of_england_iadb,"https://www.bankofengland.co.uk/boeapps/database/_iadb-fromshowcolumns.asp?csv.x=yes&Datefrom=01/Jan/1975&Dateto=now&SeriesCodes=IUDBEDR,IUMBV34,IUMBV37,IUMBV42,IUMBV45,IUM2WTL,IUM5WTL,IUMTLMV&UsingCodes=Y&VPD=Y&VFD=N",2026-08-10
2017-05-31,IUMBV34,1.49,bank_of_england_iadb,"https://www.bankofengland.co.uk/boeapps/database/_iadb-fromshowcolumns.asp?csv.x=yes&Datefrom=01/Jan/1975&Dateto=now&SeriesCodes=IUDBEDR,IUMBV34,IUMBV37,IUMBV42,IUMBV45,IUM2WTL,IUM5WTL,IUMTLMV&UsingCodes=Y&VPD=Y&VFD=N",2026-08-10
2017-05-31,IUMBV37,1.73,bank_of_england_iadb,"https://www.bankofengland.co.uk/boeapps/database/_iadb-fromshowcolumns.asp?csv.x=yes&Datefrom=01/Jan/1975&Dateto=now&SeriesCodes=IUDBEDR,IUMBV34,IUMBV37,IUMBV42,IUMBV45,IUM2WTL,IUM5WTL,IUMTLMV&UsingCodes=Y&VPD=Y&VFD=N",2026-08-10
2017-05-31,IUMBV42,2.03,bank_of_england_iadb,"https://www.bankofengland.co.uk/boeapps/database/_iadb-fromshowcolumns.asp?csv.x=yes&Datefrom=01/Jan/1975&Dateto=now&SeriesCodes=IUDBEDR,IUMBV34,IUMBV37,IUMBV42,IUMBV45,IUM2WTL,IUM5WTL,IUMTLMV&UsingCodes=Y&VPD=Y&VFD=N",2026-08-10
2017-05-31,IUMBV45,2.83,bank_of_england_iadb,"https://www.bankofengland.co.uk/boeapps/database/_iadb-fromshowcolumns.asp?csv.x=yes&Datefrom=01/Jan/1975&Dateto=now&SeriesCodes=IUDBEDR,IUMBV34,IUMBV37,IUMBV42,IUMBV45,IUM2WTL,IUM5WTL,IUMTLMV&UsingCodes=Y&VPD=Y&VFD=N",2026-08-10
2017-05-31,IUM2WTL,4.19,bank_of_england_iadb,"https://www.bankofengland.co.uk/boeapps/database/_iadb-fromshowcolumns.asp?csv.x=yes&Datefrom=01/Jan/1975&Dateto=now&SeriesCodes=IUDBEDR,IUMBV34,IUMBV37,IUMBV42,IUMBV45,IUM2WTL,IUM5WTL,IUMTLMV&UsingCodes=Y&VPD=Y&VFD=N",2026-08-10
2017-05-31,IUM5WTL,4.72,bank_of_england_iadb,"https://www.bankofengland.co.uk/boeapps/database/_iadb-fromshowcolumns.asp?csv.x=yes&Datefrom=01/Jan/1975&Dateto=now&SeriesCodes=IUDBEDR,IUMBV34,IUMBV37,IUMBV42,IUMBV45,IUM2WTL,IUM5WTL,IUMTLMV&UsingCodes=Y&VPD=Y&VFD=N",2026-08-10
2017-05-31,IUMTLMV,4.23,bank_of_england_iadb,"https://www.bankofengland.co.uk/boeapps/database/_iadb-fromshowcolumns.asp?csv.x=yes&Datefrom=01/Jan/1975&Dateto=now&SeriesCodes=IUDBEDR,IUMBV34,IUMBV37,IUMBV42,IUMBV45,IUM2WTL,IUM5WTL,IUMTLMV&UsingCodes=Y&VPD=Y&VFD=N",2026-08-10
2017-06-30,IUMBV34,1.48,bank_of_england_iadb,"https://www.bankofengland.co.uk/boeapps/database/_iadb-fromshowcolumns.asp?csv.x=yes&Datefrom=01/Jan/1975&Dateto=now&SeriesCodes=IUDBEDR,IUMBV34,IUMBV37,IUMBV42,IUMBV45,IUM2WTL,IUM5WTL,IUMTLMV&UsingCodes=Y&VPD=Y&VFD=N",2026-08-10
2017-06-30,IUMBV37,1.7,bank_of_england_iadb,"https://www.bankofengland.co.uk/boeapps/database/_iadb-fromshowcolumns.asp?csv.x=yes&Datefrom=01/Jan/1975&Dateto=now&SeriesCodes=IUDBEDR,IUMBV34,IUMBV37,IUMBV42,IUMBV45,IUM2WTL,IUM5WTL,IUMTLMV&UsingCodes=Y&VPD=Y&VFD=N",2026-08-10
2017-06-30,IUMBV42,1.99,bank_of_england_iadb,"https://www.bankofengland.co.uk/boeapps/database/_iadb-fromshowcolumns.asp?csv.x=yes&Datefrom=01/Jan/1975&Dateto=now&SeriesCodes=IUDBEDR,IUMBV34,IUMBV37,IUMBV42,IUMBV45,IUM2WTL,IUM5WTL,IUMTLMV&UsingCodes=Y&VPD=Y&VFD=N",2026-08-10
2017-06-30,IUMBV45,2.82,bank_of_england_iadb,"https://www.bankofengland.co.uk/boeapps/database/_iadb-fromshowcolumns.asp?csv.x=yes&Datefrom=01/Jan/1975&Dateto=now&SeriesCodes=IUDBEDR,IUMBV34,IUMBV37,IUMBV42,IUMBV45,IUM2WTL,IUM5WTL,IUMTLMV&UsingCodes=Y&VPD=Y&VFD=N",2026-08-10
2017-06-30,IUM2WTL,4.2,bank_of_england_iadb,"https://www.bankofengland.co.uk/boeapps/database/_iadb-fromshowcolumns.asp?csv.x=yes&Datefrom=01/Jan/1975&Dateto=now&SeriesCodes=IUDBEDR,IUMBV34,IUMBV37,IUMBV42,IUMBV45,IUM2WTL,IUM5WTL,IUMTLMV&UsingCodes=Y&VPD=Y&VFD=N",2026-08-10
2017-06-30,IUM5WTL,4.74,bank_of_england_iadb,"https://www.bankofengland.co.uk/boeapps/database/_iadb-fromshowcolumns.asp?csv.x=yes&Datefrom=01/Jan/1975&Dateto=now&SeriesCodes=IUDBEDR,IUMBV34,IUMBV37,IUMBV42,IUMBV45,IUM2WTL,IUM5WTL,IUMTLMV&UsingCodes=Y&VPD=Y&VFD=N",2026-08-10
2017-06-30,IUMTLMV,4.28,bank_of_england_iadb,"https://www.bankofengland.co.uk/boeapps/database/_iadb-fromshowcolumns.asp?csv.x=yes&Datefrom=01/Jan/1975&Dateto=now&SeriesCodes=IUDBEDR,IUMBV34,IUMBV37,IUMBV42,IUMBV45,IUM2WTL,IUM5WTL,IUMTLMV&UsingCodes=Y&VPD=Y&VFD=N",2026-08-10
2017-07-31,IUMBV34,1.41,bank_of_england_iadb,"https://www.bankofengland.co.uk/boeapps/database/_iadb-fromshowcolumns.asp?csv.x=yes&Datefrom=01/Jan/1975&Dateto=now&SeriesCodes=IUDBEDR,IUMBV34,IUMBV37,IUMBV42,IUMBV45,IUM2WTL,IUM5WTL,IUMTLMV&UsingCodes=Y&VPD=Y&VFD=N",2026-08-10
2017-07-31,IUMBV37,1.81,bank_of_england_iadb,"https://www.bankofengland.co.uk/boeapps/database/_iadb-fromshowcolumns.asp?csv.x=yes&Datefrom=01/Jan/1975&Dateto=now&SeriesCodes=IUDBEDR,IUMBV34,IUMBV37,IUMBV42,IUMBV45,IUM2WTL,IUM5WTL,IUMTLMV&UsingCodes=Y&VPD=Y&VFD=N",2026-08-10
2017-07-31,IUMBV42,1.97,bank_of_england_iadb,"https://www.bankofengland.co.uk/boeapps/database/_iadb-fromshowcolumns.asp?csv.x=yes&Datefrom=01/Jan/1975&Dateto=now&SeriesCodes=IUDBEDR,IUMBV34,IUMBV37,IUMBV42,IUMBV45,IUM2WTL,IUM5WTL,IUMTLMV&UsingCodes=Y&VPD=Y&VFD=N",2026-08-10
2017-07-31,IUMBV45,2.77,bank_of_england_iadb,"https://www.bankofengland.co.uk/boeapps/database/_iadb-fromshowcolumns.asp?csv.x=yes&Datefrom=01/Jan/1975&Dateto=now&SeriesCodes=IUDBEDR,IUMBV34,IUMBV37,IUMBV42,IUMBV45,IUM2WTL,IUM5WTL,IUMTLMV&UsingCodes=Y&VPD=Y&VFD=N",2026-08-10
2017-07-31,IUM2WTL,4.07,bank_of_england_iadb,"https://www.bankofengland.co.uk/boeapps/database/_iadb-fromshowcolumns.asp?csv.x=yes&Datefrom=01/Jan/1975&Dateto=now&SeriesCodes=IUDBEDR,IUMBV34,IUMBV37,IUMBV42,IUMBV45,IUM2WTL,IUM5WTL,IUMTLMV&UsingCodes=Y&VPD=Y&VFD=N",2026-08-10
2017-07-31,IUM5WTL,4.67,bank_of_england_iadb,"https://www.bankofengland.co.uk/boeapps/database/_iadb-fromshowcolumns.asp?csv.x=yes&Datefrom=01/Jan/1975&Dateto=now&SeriesCodes=IUDBEDR,IUMBV34,IUMBV37,IUMBV42,IUMBV45,IUM2WTL,IUM5WTL,IUMTLMV&UsingCodes=Y&VPD=Y&VFD=N",2026-08-10
2017-07-31,IUMTLMV,4.51,bank_of_england_iadb,"https://www.bankofengland.co.uk/boeapps/database/_iadb-fromshowcolumns.asp?csv.x=yes&Datefrom=01/Jan/1975&Dateto=now&SeriesCodes=IUDBEDR,IUMBV34,IUMBV37,IUMBV42,IUMBV45,IUM2WTL,IUM5WTL,IUMTLMV&UsingCodes=Y&VPD=Y&VFD=N",2026-08-10
2017-08-31,IUMBV34,1.43,bank_of_england_iadb,"https://www.bankofengland.co.uk/boeapps/database/_iadb-fromshowcolumns.asp?csv.x=yes&Datefrom=01/Jan/1975&Dateto=now&SeriesCodes=IUDBEDR,IUMBV34,IUMBV37,IUMBV42,IUMBV45,IUM2WTL,IUM5WTL,IUMTLMV&UsingCodes=Y&VPD=Y&VFD=N",2026-08-10
2017-08-31,IUMBV37,1.62,bank_of_england_iadb,"https://www.bankofengland.co.uk/boeapps/database/_iadb-fromshowcolumns.asp?csv.x=yes&Datefrom=01/Jan/1975&Dateto=now&SeriesCodes=IUDBEDR,IUMBV34,IUMBV37,IUMBV42,IUMBV45,IUM2WTL,IUM5WTL,IUMTLMV&UsingCodes=Y&VPD=Y&VFD=N",2026-08-10
2017-08-31,IUMBV42,1.96,bank_of_england_iadb,"https://www.bankofengland.co.uk/boeapps/database/_iadb-fromshowcolumns.asp?csv.x=yes&Datefrom=01/Jan/1975&Dateto=now&SeriesCodes=IUDBEDR,IUMBV34,IUMBV37,IUMBV42,IUMBV45,IUM2WTL,IUM5WTL,IUMTLMV&UsingCodes=Y&VPD=Y&VFD=N",2026-08-10
2017-08-31,IUMBV45,2.77,bank_of_england_iadb,"https://www.bankofengland.co.uk/boeapps/database/_iadb-fromshowcolumns.asp?csv.x=yes&Datefrom=01/Jan/1975&Dateto=now&SeriesCodes=IUDBEDR,IUMBV34,IUMBV37,IUMBV42,IUMBV45,IUM2WTL,IUM5WTL,IUMTLMV&UsingCodes=Y&VPD=Y&VFD=N",2026-08-10
2017-08-31,IUM2WTL,4.02,bank_of_england_iadb,"https://www.bankofengland.co.uk/boeapps/database/_iadb-fromshowcolumns.asp?csv.x=yes&Datefrom=01/Jan/1975&Dateto=now&SeriesCodes=IUDBEDR,IUMBV34,IUMBV37,IUMBV42,IUMBV45,IUM2WTL,IUM5WTL,IUMTLMV&UsingCodes=Y&VPD=Y&VFD=N",2026-08-10
2017-08-31,IUM5WTL,4.63,bank_of_england_iadb,"https://www.bankofengland.co.uk/boeapps/database/_iadb-fromshowcolumns.asp?csv.x=yes&Datefrom=01/Jan/1975&Dateto=now&SeriesCodes=IUDBEDR,IUMBV34,IUMBV37,IUMBV42,IUMBV45,IUM2WTL,IUM5WTL,IUMTLMV&UsingCodes=Y&VPD=Y&VFD=N",2026-08-10
2017-08-31,IUMTLMV,4.32,bank_of_england_iadb,"https://www.bankofengland.co.uk/boeapps/database/_iadb-fromshowcolumns.asp?csv.x=yes&Datefrom=01/Jan/1975&Dateto=now&SeriesCodes=IUDBEDR,IUMBV34,IUMBV37,IUMBV42,IUMBV45,IUM2WTL,IUM5WTL,IUMTLMV&UsingCodes=Y&VPD=Y&VFD=N",2026-08-10
2017-09-30,IUMBV34,1.4,bank_of_england_iadb,"https://www.bankofengland.co.uk/boeapps/database/_iadb-fromshowcolumns.asp?csv.x=yes&Datefrom=01/Jan/1975&Dateto=now&SeriesCodes=IUDBEDR,IUMBV34,IUMBV37,IUMBV42,IUMBV45,IUM2WTL,IUM5WTL,IUMTLMV&UsingCodes=Y&VPD=Y&VFD=N",2026-08-10
2017-09-30,IUMBV37,1.6,bank_of_england_iadb,"https://www.bankofengland.co.uk/boeapps/database/_iadb-fromshowcolumns.asp?csv.x=yes&Datefrom=01/Jan/1975&Dateto=now&SeriesCodes=IUDBEDR,IUMBV34,IUMBV37,IUMBV42,IUMBV45,IUM2WTL,IUM5WTL,IUMTLMV&UsingCodes=Y&VPD=Y&VFD=N",2026-08-10
2017-09-30,IUMBV42,1.9,bank_of_england_iadb,"https://www.bankofengland.co.uk/boeapps/database/_iadb-fromshowcolumns.asp?csv.x=yes&Datefrom=01/Jan/1975&Dateto=now&SeriesCodes=IUDBEDR,IUMBV34,IUMBV37,IUMBV42,IUMBV45,IUM2WTL,IUM5WTL,IUMTLMV&UsingCodes=Y&VPD=Y&VFD=N",2026-08-10
2017-09-30,IUMBV45,2.72,bank_of_england_iadb,"https://www.bankofengland.co.uk/boeapps/database/_iadb-fromshowcolumns.asp?csv.x=yes&Datefrom=01/Jan/1975&Dateto=now&SeriesCodes=IUDBEDR,IUMBV34,IUMBV37,IUMBV42,IUMBV45,IUM2WTL,IUM5WTL,IUMTLMV&UsingCodes=Y&VPD=Y&VFD=N",2026-08-10
2017-09-30,IUM2WTL,4.01,bank_of_england_iadb,"https://www.bankofengland.co.uk/boeapps/database/_iadb-fromshowcolumns.asp?csv.x=yes&Datefrom=01/Jan/1975&Dateto=now&SeriesCodes=IUDBEDR,IUMBV34,IUMBV37,IUMBV42,IUMBV45,IUM2WTL,IUM5WTL,IUMTLMV&UsingCodes=Y&VPD=Y&VFD=N",2026-08-10
2017-09-30,IUM5WTL,4.68,bank_of_england_iadb,"https://www.bankofengland.co.uk/boeapps/database/_iadb-fromshowcolumns.asp?csv.x=yes&Datefrom=01/Jan/1975&Dateto=now&SeriesCodes=IUDBEDR,IUMBV34,IUMBV37,IUMBV42,IUMBV45,IUM2WTL,IUM5WTL,IUMTLMV&UsingCodes=Y&VPD=Y&VFD=N",2026-08-10
2017-09-30,IUMTLMV,4.31,bank_of_england_iadb,"https://www.bankofengland.co.uk/boeapps/database/_iadb-fromshowcolumns.asp?csv.x=yes&Datefrom=01/Jan/1975&Dateto=now&SeriesCodes=IUDBEDR,IUMBV34,IUMBV37,IUMBV42,IUMBV45,IUM2WTL,IUM5WTL,IUMTLMV&UsingCodes=Y&VPD=Y&VFD=N",2026-08-10
2017-10-31,IUMBV34,1.55,bank_of_england_iadb,"https://www.bankofengland.co.uk/boeapps/database/_iadb-fromshowcolumns.asp?csv.x=yes&Datefrom=01/Jan/1975&Dateto=now&SeriesCodes=IUDBEDR,IUMBV34,IUMBV37,IUMBV42,IUMBV45,IUM2WTL,IUM5WTL,IUMTLMV&UsingCodes=Y&VPD=Y&VFD=N",2026-08-10
2017-10-31,IUMBV37,1.7,bank_of_england_iadb,"https://www.bankofengland.co.uk/boeapps/database/_iadb-fromshowcolumns.asp?csv.x=yes&Datefrom=01/Jan/1975&Dateto=now&SeriesCodes=IUDBEDR,IUMBV34,IUMBV37,IUMBV42,IUMBV45,IUM2WTL,IUM5WTL,IUMTLMV&UsingCodes=Y&VPD=Y&VFD=N",2026-08-10
2017-10-31,IUMBV42,2.04,bank_of_england_iadb,"https://www.bankofengland.co.uk/boeapps/database/_iadb-fromshowcolumns.asp?csv.x=yes&Datefrom=01/Jan/1975&Dateto=now&SeriesCodes=IUDBEDR,IUMBV34,IUMBV37,IUMBV42,IUMBV45,IUM2WTL,IUM5WTL,IUMTLMV&UsingCodes=Y&VPD=Y&VFD=N",2026-08-10
2017-10-31,IUMBV45,2.67,bank_of_england_iadb,"https://www.bankofengland.co.uk/boeapps/database/_iadb-fromshowcolumns.asp?csv.x=yes&Datefrom=01/Jan/1975&Dateto=now&SeriesCodes=IUDBEDR,IUMBV34,IUMBV37,IUMBV42,IUMBV45,IUM2WTL,IUM5WTL,IUMTLMV&UsingCodes=Y&VPD=Y&VFD=N",2026-08-10
2017-10-31,IUM2WTL,4.02,bank_of_england_iadb,"https://www.bankofengland.co.uk/boeapps/database/_iadb-fromshowcolumns.asp?csv.x=yes&Datefrom=01/Jan/1975&Dateto=now&SeriesCodes=IUDBEDR,IUMBV34,IUMBV37,IUMBV42,IUMBV45,IUM2WTL,IUM5WTL,IUMTLMV&UsingCodes=Y&VPD=Y&VFD=N",2026-08-10
2017-10-31,IUM5WTL,4.71,bank_of_england_iadb,"https://www.bankofengland.co.uk/boeapps/database/_iadb-fromshowcolumns.asp?csv.x=yes&Datefrom=01/Jan/1975&Dateto=now&SeriesCodes=IUDBEDR,IUMBV34,IUMBV37,IUMBV42,IUMBV45,IUM2WTL,IUM5WTL,IUMTLMV&UsingCodes=Y&VPD=Y&VFD=N",2026-08-10
2017-10-31,IUMTLMV,4.31,bank_of_england_iadb,"https://www.bankofengland.co.uk/boeapps/database/_iadb-fromshowcolumns.asp?csv.x=yes&Datefrom=01/Jan/1975&Dateto=now&SeriesCodes=IUDBEDR,IUMBV34,IUMBV37,IUMBV42,IUMBV45,IUM2WTL,IUM5WTL,IUMTLMV&UsingCodes=Y&VPD=Y&VFD=N",2026-08-10
2017-11-30,IUMBV34,1.61,bank_of_england_iadb,"https://www.bankofengland.co.uk/boeapps/database/_iadb-fromshowcolumns.asp?csv.x=yes&Datefrom=01/Jan/1975&Dateto=now&SeriesCodes=IUDBEDR,IUMBV34,IUMBV37,IUMBV42,IUMBV45,IUM2WTL,IUM5WTL,IUMTLMV&UsingCodes=Y&VPD=Y&VFD=N",2026-08-10
2017-11-30,IUMBV37,1.68,bank_of_england_iadb,"https://www.bankofengland.co.uk/boeapps/database/_iadb-fromshowcolumns.asp?csv.x=yes&Datefrom=01/Jan/1975&Dateto=now&SeriesCodes=IUDBEDR,IUMBV34,IUMBV37,IUMBV42,IUMBV45,IUM2WTL,IUM5WTL,IUMTLMV&UsingCodes=Y&VPD=Y&VFD=N",2026-08-10
2017-11-30,IUMBV42,2.04,bank_of_england_iadb,"https://www.bankofengland.co.uk/boeapps/database/_iadb-fromshowcolumns.asp?csv.x=yes&Datefrom=01/Jan/1975&Dateto=now&SeriesCodes=IUDBEDR,IUMBV34,IUMBV37,IUMBV42,IUMBV45,IUM2WTL,IUM5WTL,IUMTLMV&UsingCodes=Y&VPD=Y&VFD=N",2026-08-10
2017-11-30,IUMBV45,2.67,bank_of_england_iadb,"https://www.bankofengland.co.uk/boeapps/database/_iadb-fromshowcolumns.asp?csv.x=yes&Datefrom=01/Jan/1975&Dateto=now&SeriesCodes=IUDBEDR,IUMBV34,IUMBV37,IUMBV42,IUMBV45,IUM2WTL,IUM5WTL,IUMTLMV&UsingCodes=Y&VPD=Y&VFD=N",2026-08-10
2017-11-30,IUM2WTL,3.97,bank_of_england_iadb,"https://www.bankofengland.co.uk/boeapps/database/_iadb-fromshowcolumns.asp?csv.x=yes&Datefrom=01/Jan/1975&Dateto=now&SeriesCodes=IUDBEDR,IUMBV34,IUMBV37,IUMBV42,IUMBV45,IUM2WTL,IUM5WTL,IUMTLMV&UsingCodes=Y&VPD=Y&VFD=N",2026-08-10
2017-11-30,IUM5WTL,4.58,bank_of_england_iadb,"https://www.bankofengland.co.uk/boeapps/database/_iadb-fromshowcolumns.asp?csv.x=yes&Datefrom=01/Jan/1975&Dateto=now&SeriesCodes=IUDBEDR,IUMBV34,IUMBV37,IUMBV42,IUMBV45,IUM2WTL,IUM5WTL,IUMTLMV&UsingCodes=Y&VPD=Y&VFD=N",2026-08-10
2017-11-30,IUMTLMV,4.34,bank_of_england_iadb,"https://www.bankofengland.co.uk/boeapps/database/_iadb-fromshowcolumns.asp?csv.x=yes&Datefrom=01/Jan/1975&Dateto=now&SeriesCodes=IUDBEDR,IUMBV34,IUMBV37,IUMBV42,IUMBV45,IUM2WTL,IUM5WTL,IUMTLMV&UsingCodes=Y&VPD=Y&VFD=N",2026-08-10
2017-12-31,IUMBV34,1.57,bank_of_england_iadb,"https://www.bankofengland.co.uk/boeapps/database/_iadb-fromshowcolumns.asp?csv.x=yes&Datefrom=01/Jan/1975&Dateto=now&SeriesCodes=IUDBEDR,IUMBV34,IUMBV37,IUMBV42,IUMBV45,IUM2WTL,IUM5WTL,IUMTLMV&UsingCodes=Y&VPD=Y&VFD=N",2026-08-10
2017-12-31,IUMBV37,1.7,bank_of_england_iadb,"https://www.bankofengland.co.uk/boeapps/database/_iadb-fromshowcolumns.asp?csv.x=yes&Datefrom=01/Jan/1975&Dateto=now&SeriesCodes=IUDBEDR,IUMBV34,IUMBV37,IUMBV42,IUMBV45,IUM2WTL,IUM5WTL,IUMTLMV&UsingCodes=Y&VPD=Y&VFD=N",2026-08-10
2017-12-31,IUMBV42,2.07,bank_of_england_iadb,"https://www.bankofengland.co.uk/boeapps/database/_iadb-fromshowcolumns.asp?csv.x=yes&Datefrom=01/Jan/1975&Dateto=now&SeriesCodes=IUDBEDR,IUMBV34,IUMBV37,IUMBV42,IUMBV45,IUM2WTL,IUM5WTL,IUMTLMV&UsingCodes=Y&VPD=Y&VFD=N",2026-08-10
2017-12-31,IUMBV45,2.66,bank_of_england_iadb,"https://www.bankofengland.co.uk/boeapps/database/_iadb-fromshowcolumns.asp?csv.x=yes&Datefrom=01/Jan/1975&Dateto=now&SeriesCodes=IUDBEDR,IUMBV34,IUMBV37,IUMBV42,IUMBV45,IUM2WTL,IUM5WTL,IUMTLMV&UsingCodes=Y&VPD=Y&VFD=N",2026-08-10
2017-12-31,IUM2WTL,3.89,bank_of_england_iadb,"https://www.bankofengland.co.uk/boeapps/database/_iadb-fromshowcolumns.asp?csv.x=yes&Datefrom=01/Jan/1975&Dateto=now&SeriesCodes=IUDBEDR,IUMBV34,IUMBV37,IUMBV42,IUMBV45,IUM2WTL,IUM5WTL,IUMTLMV&UsingCodes=Y&VPD=Y&VFD=N",2026-08-10
2017-12-31,IUM5WTL,4.54,bank_of_england_iadb,"https://www.bankofengland.co.uk/boeapps/database/_iadb-fromshowcolumns.asp?csv.x=yes&Datefrom=01/Jan/1975&Dateto=now&SeriesCodes=IUDBEDR,IUMBV34,IUMBV37,IUMBV42,IUMBV45,IUM2WTL,IUM5WTL,IUMTLMV&UsingCodes=Y&VPD=Y&VFD=N",2026-08-10
2017-12-31,IUMTLMV,4.54,bank_of_england_iadb,"https://www.bankofengland.co.uk/boeapps/database/_iadb-fromshowcolumns.asp?csv.x=yes&Datefrom=01/Jan/1975&Dateto=now&SeriesCodes=IUDBEDR,IUMBV34,IUMBV37,IUMBV42,IUMBV45,IUM2WTL,IUM5WTL,IUMTLMV&UsingCodes=Y&VPD=Y&VFD=N",2026-08-10
2018-01-31,IUMBV34,1.54,bank_of_england_iadb,"https://www.bankofengland.co.uk/boeapps/database/_iadb-fromshowcolumns.asp?csv.x=yes&Datefrom=01/Jan/1975&Dateto=now&SeriesCodes=IUDBEDR,IUMBV34,IUMBV37,IUMBV42,IUMBV45,IUM2WTL,IUM5WTL,IUMTLMV&UsingCodes=Y&VPD=Y&VFD=N",2026-08-10
2018-01-31,IUMBV37,1.7,bank_of_england_iadb,"https://www.bankofengland.co.uk/boeapps/database/_iadb-fromshowcolumns.asp?csv.x=yes&Datefrom=01/Jan/1975&Dateto=now&SeriesCodes=IUDBEDR,IUMBV34,IUMBV37,IUMBV42,IUMBV45,IUM2WTL,IUM5WTL,IUMTLMV&UsingCodes=Y&VPD=Y&VFD=N",2026-08-10
2018-01-31,IUMBV42,1.98,bank_of_england_iadb,"https://www.bankofengland.co.uk/boeapps/database/_iadb-fromshowcolumns.asp?csv.x=yes&Datefrom=01/Jan/1975&Dateto=now&SeriesCodes=IUDBEDR,IUMBV34,IUMBV37,IUMBV42,IUMBV45,IUM2WTL,IUM5WTL,IUMTLMV&UsingCodes=Y&VPD=Y&VFD=N",2026-08-10
2018-01-31,IUMBV45,2.66,bank_of_england_iadb,"https://www.bankofengland.co.uk/boeapps/database/_iadb-fromshowcolumns.asp?csv.x=yes&Datefrom=01/Jan/1975&Dateto=now&SeriesCodes=IUDBEDR,IUMBV34,IUMBV37,IUMBV42,IUMBV45,IUM2WTL,IUM5WTL,IUMTLMV&UsingCodes=Y&VPD=Y&VFD=N",2026-08-10
2018-01-31,IUM2WTL,3.82,bank_of_england_iadb,"https://www.bankofengland.co.uk/boeapps/database/_iadb-fromshowcolumns.asp?csv.x=yes&Datefrom=01/Jan/1975&Dateto=now&SeriesCodes=IUDBEDR,IUMBV34,IUMBV37,IUMBV42,IUMBV45,IUM2WTL,IUM5WTL,IUMTLMV&UsingCodes=Y&VPD=Y&VFD=N",2026-08-10
2018-01-31,IUM5WTL,4.49,bank_of_england_iadb,"https://www.bankofengland.co.uk/boeapps/database/_iadb-fromshowcolumns.asp?csv.x=yes&Datefrom=01/Jan/1975&Dateto=now&SeriesCodes=IUDBEDR,IUMBV34,IUMBV37,IUMBV42,IUMBV45,IUM2WTL,IUM5WTL,IUMTLMV&UsingCodes=Y&VPD=Y&VFD=N",2026-08-10
2018-01-31,IUMTLMV,4.21,bank_of_england_iadb,"https://www.bankofengland.co.uk/boeapps/database/_iadb-fromshowcolumns.asp?csv.x=yes&Datefrom=01/Jan/1975&Dateto=now&SeriesCodes=IUDBEDR,IUMBV34,IUMBV37,IUMBV42,IUMBV45,IUM2WTL,IUM5WTL,IUMTLMV&UsingCodes=Y&VPD=Y&VFD=N",2026-08-10
2018-02-28,IUMBV34,1.49,bank_of_england_iadb,"https://www.bankofengland.co.uk/boeapps/database/_iadb-fromshowcolumns.asp?csv.x=yes&Datefrom=01/Jan/1975&Dateto=now&SeriesCodes=IUDBEDR,IUMBV34,IUMBV37,IUMBV42,IUMBV45,IUM2WTL,IUM5WTL,IUMTLMV&UsingCodes=Y&VPD=Y&VFD=N",2026-08-10
2018-02-28,IUMBV37,1.75,bank_of_england_iadb,"https://www.bankofengland.co.uk/boeapps/database/_iadb-fromshowcolumns.asp?csv.x=yes&Datefrom=01/Jan/1975&Dateto=now&SeriesCodes=IUDBEDR,IUMBV34,IUMBV37,IUMBV42,IUMBV45,IUM2WTL,IUM5WTL,IUMTLMV&UsingCodes=Y&VPD=Y&VFD=N",2026-08-10
2018-02-28,IUMBV42,1.99,bank_of_england_iadb,"https://www.bankofengland.co.uk/boeapps/database/_iadb-fromshowcolumns.asp?csv.x=yes&Datefrom=01/Jan/1975&Dateto=now&SeriesCodes=IUDBEDR,IUMBV34,IUMBV37,IUMBV42,IUMBV45,IUM2WTL,IUM5WTL,IUMTLMV&UsingCodes=Y&VPD=Y&VFD=N",2026-08-10
2018-02-28,IUMBV45,2.71,bank_of_england_iadb,"https://www.bankofengland.co.uk/boeapps/database/_iadb-fromshowcolumns.asp?csv.x=yes&Datefrom=01/Jan/1975&Dateto=now&SeriesCodes=IUDBEDR,IUMBV34,IUMBV37,IUMBV42,IUMBV45,IUM2WTL,IUM5WTL,IUMTLMV&UsingCodes=Y&VPD=Y&VFD=N",2026-08-10
2018-02-28,IUM2WTL,3.82,bank_of_england_iadb,"https://www.bankofengland.co.uk/boeapps/database/_iadb-fromshowcolumns.asp?csv.x=yes&Datefrom=01/Jan/1975&Dateto=now&SeriesCodes=IUDBEDR,IUMBV34,IUMBV37,IUMBV42,IUMBV45,IUM2WTL,IUM5WTL,IUMTLMV&UsingCodes=Y&VPD=Y&VFD=N",2026-08-10
2018-02-28,IUM5WTL,4.5,bank_of_england_iadb,"https://www.bankofengland.co.uk/boeapps/database/_iadb-fromshowcolumns.asp?csv.x=yes&Datefrom=01/Jan/1975&Dateto=now&SeriesCodes=IUDBEDR,IUMBV34,IUMBV37,IUMBV42,IUMBV45,IUM2WTL,IUM5WTL,IUMTLMV&UsingCodes=Y&VPD=Y&VFD=N",2026-08-10
2018-02-28,IUMTLMV,4.23,bank_of_england_iadb,"https://www.bankofengland.co.uk/boeapps/database/_iadb-fromshowcolumns.asp?csv.x=yes&Datefrom=01/Jan/1975&Dateto=now&SeriesCodes=IUDBEDR,IUMBV34,IUMBV37,IUMBV42,IUMBV45,IUM2WTL,IUM5WTL,IUMTLMV&UsingCodes=Y&VPD=Y&VFD=N",2026-08-10
2018-03-31,IUMBV34,1.53,bank_of_england_iadb,"https://www.bankofengland.co.uk/boeapps/database/_iadb-fromshowcolumns.asp?csv.x=yes&Datefrom=01/Jan/1975&Dateto=now&SeriesCodes=IUDBEDR,IUMBV34,IUMBV37,IUMBV42,IUMBV45,IUM2WTL,IUM5WTL,IUMTLMV&UsingCodes=Y&VPD=Y&VFD=N",2026-08-10
2018-03-31,IUMBV37,1.77,bank_of_england_iadb,"https://www.bankofengland.co.uk/boeapps/database/_iadb-fromshowcolumns.asp?csv.x=yes&Datefrom=01/Jan/1975&Dateto=now&SeriesCodes=IUDBEDR,IUMBV34,IUMBV37,IUMBV42,IUMBV45,IUM2WTL,IUM5WTL,IUMTLMV&UsingCodes=Y&VPD=Y&VFD=N",2026-08-10
2018-03-31,IUMBV42,2.02,bank_of_england_iadb,"https://www.bankofengland.co.uk/boeapps/database/_iadb-fromshowcolumns.asp?csv.x=yes&Datefrom=01/Jan/1975&Dateto=now&SeriesCodes=IUDBEDR,IUMBV34,IUMBV37,IUMBV42,IUMBV45,IUM2WTL,IUM5WTL,IUMTLMV&UsingCodes=Y&VPD=Y&VFD=N",2026-08-10
2018-03-31,IUMBV45,2.76,bank_of_england_iadb,"https://www.bankofengland.co.uk/boeapps/database/_iadb-fromshowcolumns.asp?csv.x=yes&Datefrom=01/Jan/1975&Dateto=now&SeriesCodes=IUDBEDR,IUMBV34,IUMBV37,IUMBV42,IUMBV45,IUM2WTL,IUM5WTL,IUMTLMV&UsingCodes=Y&VPD=Y&VFD=N",2026-08-10
2018-03-31,IUM2WTL,3.77,bank_of_england_iadb,"https://www.bankofengland.co.uk/boeapps/database/_iadb-fromshowcolumns.asp?csv.x=yes&Datefrom=01/Jan/1975&Dateto=now&SeriesCodes=IUDBEDR,IUMBV34,IUMBV37,IUMBV42,IUMBV45,IUM2WTL,IUM5WTL,IUMTLMV&UsingCodes=Y&VPD=Y&VFD=N",2026-08-10
2018-03-31,IUM5WTL,4.44,bank_of_england_iadb,"https://www.bankofengland.co.uk/boeapps/database/_iadb-fromshowcolumns.asp?csv.x=yes&Datefrom=01/Jan/1975&Dateto=now&SeriesCodes=IUDBEDR,IUMBV34,IUMBV37,IUMBV42,IUMBV45,IUM2WTL,IUM5WTL,IUMTLMV&UsingCodes=Y&VPD=Y&VFD=N",2026-08-10
2018-03-31,IUMTLMV,4.14,bank_of_england_iadb,"https://www.bankofengland.co.uk/boeapps/database/_iadb-fromshowcolumns.asp?csv.x=yes&Datefrom=01/Jan/1975&Dateto=now&SeriesCodes=IUDBEDR,IUMBV34,IUMBV37,IUMBV42,IUMBV45,IUM2WTL,IUM5WTL,IUMTLMV&UsingCodes=Y&VPD=Y&VFD=N",2026-08-10
2018-04-30,IUMBV34,1.72,bank_of_england_iadb,"https://www.bankofengland.co.uk/boeapps/database/_iadb-fromshowcolumns.asp?csv.x=yes&Datefrom=01/Jan/1975&Dateto=now&SeriesCodes=IUDBEDR,IUMBV34,IUMBV37,IUMBV42,IUMBV45,IUM2WTL,IUM5WTL,IUMTLMV&UsingCodes=Y&VPD=Y&VFD=N",2026-08-10
2018-04-30,IUMBV37,1.81,bank_of_england_iadb,"https://www.bankofengland.co.uk/boeapps/database/_iadb-fromshowcolumns.asp?csv.x=yes&Datefrom=01/Jan/1975&Dateto=now&SeriesCodes=IUDBEDR,IUMBV34,IUMBV37,IUMBV42,IUMBV45,IUM2WTL,IUM5WTL,IUMTLMV&UsingCodes=Y&VPD=Y&VFD=N",2026-08-10
2018-04-30,IUMBV42,2.01,bank_of_england_iadb,"https://www.bankofengland.co.uk/boeapps/database/_iadb-fromshowcolumns.asp?csv.x=yes&Datefrom=01/Jan/1975&Dateto=now&SeriesCodes=IUDBEDR,IUMBV34,IUMBV37,IUMBV42,IUMBV45,IUM2WTL,IUM5WTL,IUMTLMV&UsingCodes=Y&VPD=Y&VFD=N",2026-08-10
2018-04-30,IUMBV45,2.78,bank_of_england_iadb,"https://www.bankofengland.co.uk/boeapps/database/_iadb-fromshowcolumns.asp?csv.x=yes&Datefrom=01/Jan/1975&Dateto=now&SeriesCodes=IUDBEDR,IUMBV34,IUMBV37,IUMBV42,IUMBV45,IUM2WTL,IUM5WTL,IUMTLMV&UsingCodes=Y&VPD=Y&VFD=N",2026-08-10
2018-04-30,IUM2WTL,3.9,bank_of_england_iadb,"https://www.bankofengland.co.uk/boeapps/database/_iadb-fromshowcolumns.asp?csv.x=yes&Datefrom=01/Jan/1975&Dateto=now&SeriesCodes=IUDBEDR,IUMBV34,IUMBV37,IUMBV42,IUMBV45,IUM2WTL,IUM5WTL,IUMTLMV&UsingCodes=Y&VPD=Y&VFD=N",2026-08-10
2018-04-30,IUM5WTL,4.37,bank_of_england_iadb,"https://www.bankofengland.co.uk/boeapps/database/_iadb-fromshowcolumns.asp?csv.x=yes&Datefrom=01/Jan/1975&Dateto=now&SeriesCodes=IUDBEDR,IUMBV34,IUMBV37,IUMBV42,IUMBV45,IUM2WTL,IUM5WTL,IUMTLMV&UsingCodes=Y&VPD=Y&VFD=N",2026-08-10
2018-04-30,IUMTLMV,4.17,bank_of_england_iadb,"https://www.bankofengland.co.uk/boeapps/database/_iadb-fromshowcolumns.asp?csv.x=yes&Datefrom=01/Jan/1975&Dateto=now&SeriesCodes=IUDBEDR,IUMBV34,IUMBV37,IUMBV42,IUMBV45,IUM2WTL,IUM5WTL,IUMTLMV&UsingCodes=Y&VPD=Y&VFD=N",2026-08-10
2018-05-31,IUMBV34,1.74,bank_of_england_iadb,"https://www.bankofengland.co.uk/boeapps/database/_iadb-fromshowcolumns.asp?csv.x=yes&Datefrom=01/Jan/1975&Dateto=now&SeriesCodes=IUDBEDR,IUMBV34,IUMBV37,IUMBV42,IUMBV45,IUM2WTL,IUM5WTL,IUMTLMV&UsingCodes=Y&VPD=Y&VFD=N",2026-08-10
2018-05-31,IUMBV37,1.83,bank_of_england_iadb,"https://www.bankofengland.co.uk/boeapps/database/_iadb-fromshowcolumns.asp?csv.x=yes&Datefrom=01/Jan/1975&Dateto=now&SeriesCodes=IUDBEDR,IUMBV34,IUMBV37,IUMBV42,IUMBV45,IUM2WTL,IUM5WTL,IUMTLMV&UsingCodes=Y&VPD=Y&VFD=N",2026-08-10
2018-05-31,IUMBV42,2.06,bank_of_england_iadb,"https://www.bankofengland.co.uk/boeapps/database/_iadb-fromshowcolumns.asp?csv.x=yes&Datefrom=01/Jan/1975&Dateto=now&SeriesCodes=IUDBEDR,IUMBV34,IUMBV37,IUMBV42,IUMBV45,IUM2WTL,IUM5WTL,IUMTLMV&UsingCodes=Y&VPD=Y&VFD=N",2026-08-10
2018-05-31,IUMBV45,2.76,bank_of_england_iadb,"https://www.bankofengland.co.uk/boeapps/database/_iadb-fromshowcolumns.asp?csv.x=yes&Datefrom=01/Jan/1975&Dateto=now&SeriesCodes=IUDBEDR,IUMBV34,IUMBV37,IUMBV42,IUMBV45,IUM2WTL,IUM5WTL,IUMTLMV&UsingCodes=Y&VPD=Y&VFD=N",2026-08-10
2018-05-31,IUM2WTL,3.95,bank_of_england_iadb,"https://www.bankofengland.co.uk/boeapps/database/_iadb-fromshowcolumns.asp?csv.x=yes&Datefrom=01/Jan/1975&Dateto=now&SeriesCodes=IUDBEDR,IUMBV34,IUMBV37,IUMBV42,IUMBV45,IUM2WTL,IUM5WTL,IUMTLMV&UsingCodes=Y&VPD=Y&VFD=N",2026-08-10
2018-05-31,IUM5WTL,4.43,bank_of_england_iadb,"https://www.bankofengland.co.uk/boeapps/database/_iadb-fromshowcolumns.asp?csv.x=yes&Datefrom=01/Jan/1975&Dateto=now&SeriesCodes=IUDBEDR,IUMBV34,IUMBV37,IUMBV42,IUMBV45,IUM2WTL,IUM5WTL,IUMTLMV&UsingCodes=Y&VPD=Y&VFD=N",2026-08-10
2018-05-31,IUMTLMV,4.16,bank_of_england_iadb,"https://www.bankofengland.co.uk/boeapps/database/_iadb-fromshowcolumns.asp?csv.x=yes&Datefrom=01/Jan/1975&Dateto=now&SeriesCodes=IUDBEDR,IUMBV34,IUMBV37,IUMBV42,IUMBV45,IUM2WTL,IUM5WTL,IUMTLMV&UsingCodes=Y&VPD=Y&VFD=N",2026-08-10
2018-06-30,IUMBV34,1.74,bank_of_england_iadb,"https://www.bankofengland.co.uk/boeapps/database/_iadb-fromshowcolumns.asp?csv.x=yes&Datefrom=01/Jan/1975&Dateto=now&SeriesCodes=IUDBEDR,IUMBV34,IUMBV37,IUMBV42,IUMBV45,IUM2WTL,IUM5WTL,IUMTLMV&UsingCodes=Y&VPD=Y&VFD=N",2026-08-10
2018-06-30,IUMBV37,1.8,bank_of_england_iadb,"https://www.bankofengland.co.uk/boeapps/database/_iadb-fromshowcolumns.asp?csv.x=yes&Datefrom=01/Jan/1975&Dateto=now&SeriesCodes=IUDBEDR,IUMBV34,IUMBV37,IUMBV42,IUMBV45,IUM2WTL,IUM5WTL,IUMTLMV&UsingCodes=Y&VPD=Y&VFD=N",2026-08-10
2018-06-30,IUMBV42,2.03,bank_of_england_iadb,"https://www.bankofengland.co.uk/boeapps/database/_iadb-fromshowcolumns.asp?csv.x=yes&Datefrom=01/Jan/1975&Dateto=now&SeriesCodes=IUDBEDR,IUMBV34,IUMBV37,IUMBV42,IUMBV45,IUM2WTL,IUM5WTL,IUMTLMV&UsingCodes=Y&VPD=Y&VFD=N",2026-08-10
2018-06-30,IUMBV45,2.74,bank_of_england_iadb,"https://www.bankofengland.co.uk/boeapps/database/_iadb-fromshowcolumns.asp?csv.x=yes&Datefrom=01/Jan/1975&Dateto=now&SeriesCodes=IUDBEDR,IUMBV34,IUMBV37,IUMBV42,IUMBV45,IUM2WTL,IUM5WTL,IUMTLMV&UsingCodes=Y&VPD=Y&VFD=N",2026-08-10
2018-06-30,IUM2WTL,3.95,bank_of_england_iadb,"https://www.bankofengland.co.uk/boeapps/database/_iadb-fromshowcolumns.asp?csv.x=yes&Datefrom=01/Jan/1975&Dateto=now&SeriesCodes=IUDBEDR,IUMBV34,IUMBV37,IUMBV42,IUMBV45,IUM2WTL,IUM5WTL,IUMTLMV&UsingCodes=Y&VPD=Y&VFD=N",2026-08-10
2018-06-30,IUM5WTL,4.39,bank_of_england_iadb,"https://www.bankofengland.co.uk/boeapps/database/_iadb-fromshowcolumns.asp?csv.x=yes&Datefrom=01/Jan/1975&Dateto=now&SeriesCodes=IUDBEDR,IUMBV34,IUMBV37,IUMBV42,IUMBV45,IUM2WTL,IUM5WTL,IUMTLMV&UsingCodes=Y&VPD=Y&VFD=N",2026-08-10
2018-06-30,IUMTLMV,4.06,bank_of_england_iadb,"https://www.bankofengland.co.uk/boeapps/database/_iadb-fromshowcolumns.asp?csv.x=yes&Datefrom=01/Jan/1975&Dateto=now&SeriesCodes=IUDBEDR,IUMBV34,IUMBV37,IUMBV42,IUMBV45,IUM2WTL,IUM5WTL,IUMTLMV&UsingCodes=Y&VPD=Y&VFD=N",2026-08-10
2018-07-31,IUMBV34,1.75,bank_of_england_iadb,"https://www.bankofengland.co.uk/boeapps/database/_iadb-fromshowcolumns.asp?csv.x=yes&Datefrom=01/Jan/1975&Dateto=now&SeriesCodes=IUDBEDR,IUMBV34,IUMBV37,IUMBV42,IUMBV45,IUM2WTL,IUM5WTL,IUMTLMV&UsingCodes=Y&VPD=Y&VFD=N",2026-08-10
2018-07-31,IUMBV37,1.82,bank_of_england_iadb,"https://www.bankofengland.co.uk/boeapps/database/_iadb-fromshowcolumns.asp?csv.x=yes&Datefrom=01/Jan/1975&Dateto=now&SeriesCodes=IUDBEDR,IUMBV34,IUMBV37,IUMBV42,IUMBV45,IUM2WTL,IUM5WTL,IUMTLMV&UsingCodes=Y&VPD=Y&VFD=N",2026-08-10
2018-07-31,IUMBV42,2.04,bank_of_england_iadb,"https://www.bankofengland.co.uk/boeapps/database/_iadb-fromshowcolumns.asp?csv.x=yes&Datefrom=01/Jan/1975&Dateto=now&SeriesCodes=IUDBEDR,IUMBV34,IUMBV37,IUMBV42,IUMBV45,IUM2WTL,IUM5WTL,IUMTLMV&UsingCodes=Y&VPD=Y&VFD=N",2026-08-10
2018-07-31,IUMBV45,2.76,bank_of_england_iadb,"https://www.bankofengland.co.uk/boeapps/database/_iadb-fromshowcolumns.asp?csv.x=yes&Datefrom=01/Jan/1975&Dateto=now&SeriesCodes=IUDBEDR,IUMBV34,IUMBV37,IUMBV42,IUMBV45,IUM2WTL,IUM5WTL,IUMTLMV&UsingCodes=Y&VPD=Y&VFD=N",2026-08-10
2018-07-31,IUM2WTL,3.78,bank_of_england_iadb,"https://www.bankofengland.co.uk/boeapps/database/_iadb-fromshowcolumns.asp?csv.x=yes&Datefrom=01/Jan/1975&Dateto=now&SeriesCodes=IUDBEDR,IUMBV34,IUMBV37,IUMBV42,IUMBV45,IUM2WTL,IUM5WTL,IUMTLMV&UsingCodes=Y&VPD=Y&VFD=N",2026-08-10
2018-07-31,IUM5WTL,4.29,bank_of_england_iadb,"https://www.bankofengland.co.uk/boeapps/database/_iadb-fromshowcolumns.asp?csv.x=yes&Datefrom=01/Jan/1975&Dateto=now&SeriesCodes=IUDBEDR,IUMBV34,IUMBV37,IUMBV42,IUMBV45,IUM2WTL,IUM5WTL,IUMTLMV&UsingCodes=Y&VPD=Y&VFD=N",2026-08-10
2018-07-31,IUMTLMV,4.1,bank_of_england_iadb,"https://www.bankofengland.co.uk/boeapps/database/_iadb-fromshowcolumns.asp?csv.x=yes&Datefrom=01/Jan/1975&Dateto=now&SeriesCodes=IUDBEDR,IUMBV34,IUMBV37,IUMBV42,IUMBV45,IUM2WTL,IUM5WTL,IUMTLMV&UsingCodes=Y&VPD=Y&VFD=N",2026-08-10
2018-08-31,IUMBV34,1.75,bank_of_england_iadb,"https://www.bankofengland.co.uk/boeapps/database/_iadb-fromshowcolumns.asp?csv.x=yes&Datefrom=01/Jan/1975&Dateto=now&SeriesCodes=IUDBEDR,IUMBV34,IUMBV37,IUMBV42,IUMBV45,IUM2WTL,IUM5WTL,IUMTLMV&UsingCodes=Y&VPD=Y&VFD=N",2026-08-10
2018-08-31,IUMBV37,1.82,bank_of_england_iadb,"https://www.bankofengland.co.uk/boeapps/database/_iadb-fromshowcolumns.asp?csv.x=yes&Datefrom=01/Jan/1975&Dateto=now&SeriesCodes=IUDBEDR,IUMBV34,IUMBV37,IUMBV42,IUMBV45,IUM2WTL,IUM5WTL,IUMTLMV&UsingCodes=Y&VPD=Y&VFD=N",2026-08-10
2018-08-31,IUMBV42,2.03,bank_of_england_iadb,"https://www.bankofengland.co.uk/boeapps/database/_iadb-fromshowcolumns.asp?csv.x=yes&Datefrom=01/Jan/1975&Dateto=now&SeriesCodes=IUDBEDR,IUMBV34,IUMBV37,IUMBV42,IUMBV45,IUM2WTL,IUM5WTL,IUMTLMV&UsingCodes=Y&VPD=Y&VFD=N",2026-08-10
2018-08-31,IUMBV45,2.7,bank_of_england_iadb,"https://www.bankofengland.co.uk/boeapps/database/_iadb-fromshowcolumns.asp?csv.x=yes&Datefrom=01/Jan/1975&Dateto=now&SeriesCodes=IUDBEDR,IUMBV34,IUMBV37,IUMBV42,IUMBV45,IUM2WTL,IUM5WTL,IUMTLMV&UsingCodes=Y&VPD=Y&VFD=N",2026-08-10
2018-08-31,IUM2WTL,3.61,bank_of_england_iadb,"https://www.bankofengland.co.uk/boeapps/database/_iadb-fromshowcolumns.asp?csv.x=yes&Datefrom=01/Jan/1975&Dateto=now&SeriesCodes=IUDBEDR,IUMBV34,IUMBV37,IUMBV42,IUMBV45,IUM2WTL,IUM5WTL,IUMTLMV&UsingCodes=Y&VPD=Y&VFD=N",2026-08-10
2018-08-31,IUM5WTL,4.15,bank_of_england_iadb,"https://www.bankofengland.co.uk/boeapps/database/_iadb-fromshowcolumns.asp?csv.x=yes&Datefrom=01/Jan/1975&Dateto=now&SeriesCodes=IUDBEDR,IUMBV34,IUMBV37,IUMBV42,IUMBV45,IUM2WTL,IUM5WTL,IUMTLMV&UsingCodes=Y&VPD=Y&VFD=N",2026-08-10
2018-08-31,IUMTLMV,4.35,bank_of_england_iadb,"https://www.bankofengland.co.uk/boeapps/database/_iadb-fromshowcolumns.asp?csv.x=yes&Datefrom=01/Jan/1975&Dateto=now&SeriesCodes=IUDBEDR,IUMBV34,IUMBV37,IUMBV42,IUMBV45,IUM2WTL,IUM5WTL,IUMTLMV&UsingCodes=Y&VPD=Y&VFD=N",2026-08-10
2018-09-30,IUMBV34,1.71,bank_of_england_iadb,"https://www.bankofengland.co.uk/boeapps/database/_iadb-fromshowcolumns.asp?csv.x=yes&Datefrom=01/Jan/1975&Dateto=now&SeriesCodes=IUDBEDR,IUMBV34,IUMBV37,IUMBV42,IUMBV45,IUM2WTL,IUM5WTL,IUMTLMV&UsingCodes=Y&VPD=Y&VFD=N",2026-08-10
2018-09-30,IUMBV37,1.81,bank_of_england_iadb,"https://www.bankofengland.co.uk/boeapps/database/_iadb-fromshowcolumns.asp?csv.x=yes&Datefrom=01/Jan/1975&Dateto=now&SeriesCodes=IUDBEDR,IUMBV34,IUMBV37,IUMBV42,IUMBV45,IUM2WTL,IUM5WTL,IUMTLMV&UsingCodes=Y&VPD=Y&VFD=N",2026-08-10
2018-09-30,IUMBV42,2.01,bank_of_england_iadb,"https://www.bankofengland.co.uk/boeapps/database/_iadb-fromshowcolumns.asp?csv.x=yes&Datefrom=01/Jan/1975&Dateto=now&SeriesCodes=IUDBEDR,IUMBV34,IUMBV37,IUMBV42,IUMBV45,IUM2WTL,IUM5WTL,IUMTLMV&UsingCodes=Y&VPD=Y&VFD=N",2026-08-10
2018-09-30,IUMBV45,2.68,bank_of_england_iadb,"https://www.bankofengland.co.uk/boeapps/database/_iadb-fromshowcolumns.asp?csv.x=yes&Datefrom=01/Jan/1975&Dateto=now&SeriesCodes=IUDBEDR,IUMBV34,IUMBV37,IUMBV42,IUMBV45,IUM2WTL,IUM5WTL,IUMTLMV&UsingCodes=Y&VPD=Y&VFD=N",2026-08-10
2018-09-30,IUM2WTL,3.38,bank_of_england_iadb,"https://www.bankofengland.co.uk/boeapps/database/_iadb-fromshowcolumns.asp?csv.x=yes&Datefrom=01/Jan/1975&Dateto=now&SeriesCodes=IUDBEDR,IUMBV34,IUMBV37,IUMBV42,IUMBV45,IUM2WTL,IUM5WTL,IUMTLMV&UsingCodes=Y&VPD=Y&VFD=N",2026-08-10
2018-09-30,IUM5WTL,3.94,bank_of_england_iadb,"https://www.bankofengland.co.uk/boeapps/database/_iadb-fromshowcolumns.asp?csv.x=yes&Datefrom=01/Jan/1975&Dateto=now&SeriesCodes=IUDBEDR,IUMBV34,IUMBV37,IUMBV42,IUMBV45,IUM2WTL,IUM5WTL,IUMTLMV&UsingCodes=Y&VPD=Y&VFD=N",2026-08-10
2018-09-30,IUMTLMV,4.39,bank_of_england_iadb,"https://www.bankofengland.co.uk/boeapps/database/_iadb-fromshowcolumns.asp?csv.x=yes&Datefrom=01/Jan/1975&Dateto=now&SeriesCodes=IUDBEDR,IUMBV34,IUMBV37,IUMBV42,IUMBV45,IUM2WTL,IUM5WTL,IUMTLMV&UsingCodes=Y&VPD=Y&VFD=N",2026-08-10
2018-10-31,IUMBV34,1.8,bank_of_england_iadb,"https://www.bankofengland.co.uk/boeapps/database/_iadb-fromshowcolumns.asp?csv.x=yes&Datefrom=01/Jan/1975&Dateto=now&SeriesCodes=IUDBEDR,IUMBV34,IUMBV37,IUMBV42,IUMBV45,IUM2WTL,IUM5WTL,IUMTLMV&UsingCodes=Y&VPD=Y&VFD=N",2026-08-10
2018-10-31,IUMBV37,1.85,bank_of_england_iadb,"https://www.bankofengland.co.uk/boeapps/database/_iadb-fromshowcolumns.asp?csv.x=yes&Datefrom=01/Jan/1975&Dateto=now&SeriesCodes=IUDBEDR,IUMBV34,IUMBV37,IUMBV42,IUMBV45,IUM2WTL,IUM5WTL,IUMTLMV&UsingCodes=Y&VPD=Y&VFD=N",2026-08-10
2018-10-31,IUMBV42,2.06,bank_of_england_iadb,"https://www.bankofengland.co.uk/boeapps/database/_iadb-fromshowcolumns.asp?csv.x=yes&Datefrom=01/Jan/1975&Dateto=now&SeriesCodes=IUDBEDR,IUMBV34,IUMBV37,IUMBV42,IUMBV45,IUM2WTL,IUM5WTL,IUMTLMV&UsingCodes=Y&VPD=Y&VFD=N",2026-08-10
2018-10-31,IUMBV45,2.72,bank_of_england_iadb,"https://www.bankofengland.co.uk/boeapps/database/_iadb-fromshowcolumns.asp?csv.x=yes&Datefrom=01/Jan/1975&Dateto=now&SeriesCodes=IUDBEDR,IUMBV34,IUMBV37,IUMBV42,IUMBV45,IUM2WTL,IUM5WTL,IUMTLMV&UsingCodes=Y&VPD=Y&VFD=N",2026-08-10
2018-10-31,IUM2WTL,3.33,bank_of_england_iadb,"https://www.bankofengland.co.uk/boeapps/database/_iadb-fromshowcolumns.asp?csv.x=yes&Datefrom=01/Jan/1975&Dateto=now&SeriesCodes=IUDBEDR,IUMBV34,IUMBV37,IUMBV42,IUMBV45,IUM2WTL,IUM5WTL,IUMTLMV&UsingCodes=Y&VPD=Y&VFD=N",2026-08-10
2018-10-31,IUM5WTL,3.88,bank_of_england_iadb,"https://www.bankofengland.co.uk/boeapps/database/_iadb-fromshowcolumns.asp?csv.x=yes&Datefrom=01/Jan/1975&Dateto=now&SeriesCodes=IUDBEDR,IUMBV34,IUMBV37,IUMBV42,IUMBV45,IUM2WTL,IUM5WTL,IUMTLMV&UsingCodes=Y&VPD=Y&VFD=N",2026-08-10
2018-10-31,IUMTLMV,4.45,bank_of_england_iadb,"https://www.bankofengland.co.uk/boeapps/database/_iadb-fromshowcolumns.asp?csv.x=yes&Datefrom=01/Jan/1975&Dateto=now&SeriesCodes=IUDBEDR,IUMBV34,IUMBV37,IUMBV42,IUMBV45,IUM2WTL,IUM5WTL,IUMTLMV&UsingCodes=Y&VPD=Y&VFD=N",2026-08-10
2018-11-30,IUMBV34,1.75,bank_of_england_iadb,"https://www.bankofengland.co.uk/boeapps/database/_iadb-fromshowcolumns.asp?csv.x=yes&Datefrom=01/Jan/1975&Dateto=now&SeriesCodes=IUDBEDR,IUMBV34,IUMBV37,IUMBV42,IUMBV45,IUM2WTL,IUM5WTL,IUMTLMV&UsingCodes=Y&VPD=Y&VFD=N",2026-08-10
2018-11-30,IUMBV37,1.82,bank_of_england_iadb,"https://www.bankofengland.co.uk/boeapps/database/_iadb-fromshowcolumns.asp?csv.x=yes&Datefrom=01/Jan/1975&Dateto=now&SeriesCodes=IUDBEDR,IUMBV34,IUMBV37,IUMBV42,IUMBV45,IUM2WTL,IUM5WTL,IUMTLMV&UsingCodes=Y&VPD=Y&VFD=N",2026-08-10
2018-11-30,IUMBV42,2.02,bank_of_england_iadb,"https://www.bankofengland.co.uk/boeapps/database/_iadb-fromshowcolumns.asp?csv.x=yes&Datefrom=01/Jan/1975&Dateto=now&SeriesCodes=IUDBEDR,IUMBV34,IUMBV37,IUMBV42,IUMBV45,IUM2WTL,IUM5WTL,IUMTLMV&UsingCodes=Y&VPD=Y&VFD=N",2026-08-10
2018-11-30,IUMBV45,2.67,bank_of_england_iadb,"https://www.bankofengland.co.uk/boeapps/database/_iadb-fromshowcolumns.asp?csv.x=yes&Datefrom=01/Jan/1975&Dateto=now&SeriesCodes=IUDBEDR,IUMBV34,IUMBV37,IUMBV42,IUMBV45,IUM2WTL,IUM5WTL,IUMTLMV&UsingCodes=Y&VPD=Y&VFD=N",2026-08-10
2018-11-30,IUM2WTL,3.23,bank_of_england_iadb,"https://www.bankofengland.co.uk/boeapps/database/_iadb-fromshowcolumns.asp?csv.x=yes&Datefrom=01/Jan/1975&Dateto=now&SeriesCodes=IUDBEDR,IUMBV34,IUMBV37,IUMBV42,IUMBV45,IUM2WTL,IUM5WTL,IUMTLMV&UsingCodes=Y&VPD=Y&VFD=N",2026-08-10
2018-11-30,IUM5WTL,3.81,bank_of_england_iadb,"https://www.bankofengland.co.uk/boeapps/database/_iadb-fromshowcolumns.asp?csv.x=yes&Datefrom=01/Jan/1975&Dateto=now&SeriesCodes=IUDBEDR,IUMBV34,IUMBV37,IUMBV42,IUMBV45,IUM2WTL,IUM5WTL,IUMTLMV&UsingCodes=Y&VPD=Y&VFD=N",2026-08-10
2018-11-30,IUMTLMV,4.41,bank_of_england_iadb,"https://www.bankofengland.co.uk/boeapps/database/_iadb-fromshowcolumns.asp?csv.x=yes&Datefrom=01/Jan/1975&Dateto=now&SeriesCodes=IUDBEDR,IUMBV34,IUMBV37,IUMBV42,IUMBV45,IUM2WTL,IUM5WTL,IUMTLMV&UsingCodes=Y&VPD=Y&VFD=N",2026-08-10
2018-12-31,IUMBV34,1.73,bank_of_england_iadb,"https://www.bankofengland.co.uk/boeapps/database/_iadb-fromshowcolumns.asp?csv.x=yes&Datefrom=01/Jan/1975&Dateto=now&SeriesCodes=IUDBEDR,IUMBV34,IUMBV37,IUMBV42,IUMBV45,IUM2WTL,IUM5WTL,IUMTLMV&UsingCodes=Y&VPD=Y&VFD=N",2026-08-10
2018-12-31,IUMBV37,1.81,bank_of_england_iadb,"https://www.bankofengland.co.uk/boeapps/database/_iadb-fromshowcolumns.asp?csv.x=yes&Datefrom=01/Jan/1975&Dateto=now&SeriesCodes=IUDBEDR,IUMBV34,IUMBV37,IUMBV42,IUMBV45,IUM2WTL,IUM5WTL,IUMTLMV&UsingCodes=Y&VPD=Y&VFD=N",2026-08-10
2018-12-31,IUMBV42,2.01,bank_of_england_iadb,"https://www.bankofengland.co.uk/boeapps/database/_iadb-fromshowcolumns.asp?csv.x=yes&Datefrom=01/Jan/1975&Dateto=now&SeriesCodes=IUDBEDR,IUMBV34,IUMBV37,IUMBV42,IUMBV45,IUM2WTL,IUM5WTL,IUMTLMV&UsingCodes=Y&VPD=Y&VFD=N",2026-08-10
2018-12-31,IUMBV45,2.64,bank_of_england_iadb,"https://www.bankofengland.co.uk/boeapps/database/_iadb-fromshowcolumns.asp?csv.x=yes&Datefrom=01/Jan/1975&Dateto=now&SeriesCodes=IUDBEDR,IUMBV34,IUMBV37,IUMBV42,IUMBV45,IUM2WTL,IUM5WTL,IUMTLMV&UsingCodes=Y&VPD=Y&VFD=N",2026-08-10
2018-12-31,IUM2WTL,3.18,bank_of_england_iadb,"https://www.bankofengland.co.uk/boeapps/database/_iadb-fromshowcolumns.asp?csv.x=yes&Datefrom=01/Jan/1975&Dateto=now&SeriesCodes=IUDBEDR,IUMBV34,IUMBV37,IUMBV42,IUMBV45,IUM2WTL,IUM5WTL,IUMTLMV&UsingCodes=Y&VPD=Y&VFD=N",2026-08-10
2018-12-31,IUM5WTL,3.72,bank_of_england_iadb,"https://www.bankofengland.co.uk/boeapps/database/_iadb-fromshowcolumns.asp?csv.x=yes&Datefrom=01/Jan/1975&Dateto=now&SeriesCodes=IUDBEDR,IUMBV34,IUMBV37,IUMBV42,IUMBV45,IUM2WTL,IUM5WTL,IUMTLMV&UsingCodes=Y&VPD=Y&VFD=N",2026-08-10
2018-12-31,IUMTLMV,4.4,bank_of_england_iadb,"https://www.bankofengland.co.uk/boeapps/database/_iadb-fromshowcolumns.asp?csv.x=yes&Datefrom=01/Jan/1975&Dateto=now&SeriesCodes=IUDBEDR,IUMBV34,IUMBV37,IUMBV42,IUMBV45,IUM2WTL,IUM5WTL,IUMTLMV&UsingCodes=Y&VPD=Y&VFD=N",2026-08-10
2019-01-31,IUMBV34,1.72,bank_of_england_iadb,"https://www.bankofengland.co.uk/boeapps/database/_iadb-fromshowcolumns.asp?csv.x=yes&Datefrom=01/Jan/1975&Dateto=now&SeriesCodes=IUDBEDR,IUMBV34,IUMBV37,IUMBV42,IUMBV45,IUM2WTL,IUM5WTL,IUMTLMV&UsingCodes=Y&VPD=Y&VFD=N",2026-08-10
2019-01-31,IUMBV37,1.8,bank_of_england_iadb,"https://www.bankofengland.co.uk/boeapps/database/_iadb-fromshowcolumns.asp?csv.x=yes&Datefrom=01/Jan/1975&Dateto=now&SeriesCodes=IUDBEDR,IUMBV34,IUMBV37,IUMBV42,IUMBV45,IUM2WTL,IUM5WTL,IUMTLMV&UsingCodes=Y&VPD=Y&VFD=N",2026-08-10
2019-01-31,IUMBV42,2.05,bank_of_england_iadb,"https://www.bankofengland.co.uk/boeapps/database/_iadb-fromshowcolumns.asp?csv.x=yes&Datefrom=01/Jan/1975&Dateto=now&SeriesCodes=IUDBEDR,IUMBV34,IUMBV37,IUMBV42,IUMBV45,IUM2WTL,IUM5WTL,IUMTLMV&UsingCodes=Y&VPD=Y&VFD=N",2026-08-10
2019-01-31,IUMBV45,2.66,bank_of_england_iadb,"https://www.bankofengland.co.uk/boeapps/database/_iadb-fromshowcolumns.asp?csv.x=yes&Datefrom=01/Jan/1975&Dateto=now&SeriesCodes=IUDBEDR,IUMBV34,IUMBV37,IUMBV42,IUMBV45,IUM2WTL,IUM5WTL,IUMTLMV&UsingCodes=Y&VPD=Y&VFD=N",2026-08-10
2019-01-31,IUM2WTL,3.04,bank_of_england_iadb,"https://www.bankofengland.co.uk/boeapps/database/_iadb-fromshowcolumns.asp?csv.x=yes&Datefrom=01/Jan/1975&Dateto=now&SeriesCodes=IUDBEDR,IUMBV34,IUMBV37,IUMBV42,IUMBV45,IUM2WTL,IUM5WTL,IUMTLMV&UsingCodes=Y&VPD=Y&VFD=N",2026-08-10
2019-01-31,IUM5WTL,3.64,bank_of_england_iadb,"https://www.bankofengland.co.uk/boeapps/database/_iadb-fromshowcolumns.asp?csv.x=yes&Datefrom=01/Jan/1975&Dateto=now&SeriesCodes=IUDBEDR,IUMBV34,IUMBV37,IUMBV42,IUMBV45,IUM2WTL,IUM5WTL,IUMTLMV&UsingCodes=Y&VPD=Y&VFD=N",2026-08-10
2019-01-31,IUMTLMV,4.48,bank_of_england_iadb,"https://www.bankofengland.co.uk/boeapps/database/_iadb-fromshowcolumns.asp?csv.x=yes&Datefrom=01/Jan/1975&Dateto=now&SeriesCodes=IUDBEDR,IUMBV34,IUMBV37,IUMBV42,IUMBV45,IUM2WTL,IUM5WTL,IUMTLMV&UsingCodes=Y&VPD=Y&VFD=N",2026-08-10
2019-02-28,IUMBV34,1.7,bank_of_england_iadb,"https://www.bankofengland.co.uk/boeapps/database/_iadb-fromshowcolumns.asp?csv.x=yes&Datefrom=01/Jan/1975&Dateto=now&SeriesCodes=IUDBEDR,IUMBV34,IUMBV37,IUMBV42,IUMBV45,IUM2WTL,IUM5WTL,IUMTLMV&UsingCodes=Y&VPD=Y&VFD=N",2026-08-10
2019-02-28,IUMBV37,1.8,bank_of_england_iadb,"https://www.bankofengland.co.uk/boeapps/database/_iadb-fromshowcolumns.asp?csv.x=yes&Datefrom=01/Jan/1975&Dateto=now&SeriesCodes=IUDBEDR,IUMBV34,IUMBV37,IUMBV42,IUMBV45,IUM2WTL,IUM5WTL,IUMTLMV&UsingCodes=Y&VPD=Y&VFD=N",2026-08-10
2019-02-28,IUMBV42,2.05,bank_of_england_iadb,"https://www.bankofengland.co.uk/boeapps/database/_iadb-fromshowcolumns.asp?csv.x=yes&Datefrom=01/Jan/1975&Dateto=now&SeriesCodes=IUDBEDR,IUMBV34,IUMBV37,IUMBV42,IUMBV45,IUM2WTL,IUM5WTL,IUMTLMV&UsingCodes=Y&VPD=Y&VFD=N",2026-08-10
2019-02-28,IUMBV45,2.55,bank_of_england_iadb,"https://www.bankofengland.co.uk/boeapps/database/_iadb-fromshowcolumns.asp?csv.x=yes&Datefrom=01/Jan/1975&Dateto=now&SeriesCodes=IUDBEDR,IUMBV34,IUMBV37,IUMBV42,IUMBV45,IUM2WTL,IUM5WTL,IUMTLMV&UsingCodes=Y&VPD=Y&VFD=N",2026-08-10
2019-02-28,IUM2WTL,2.99,bank_of_england_iadb,"https://www.bankofengland.co.uk/boeapps/database/_iadb-fromshowcolumns.asp?csv.x=yes&Datefrom=01/Jan/1975&Dateto=now&SeriesCodes=IUDBEDR,IUMBV34,IUMBV37,IUMBV42,IUMBV45,IUM2WTL,IUM5WTL,IUMTLMV&UsingCodes=Y&VPD=Y&VFD=N",2026-08-10
2019-02-28,IUM5WTL,3.6,bank_of_england_iadb,"https://www.bankofengland.co.uk/boeapps/database/_iadb-fromshowcolumns.asp?csv.x=yes&Datefrom=01/Jan/1975&Dateto=now&SeriesCodes=IUDBEDR,IUMBV34,IUMBV37,IUMBV42,IUMBV45,IUM2WTL,IUM5WTL,IUMTLMV&UsingCodes=Y&VPD=Y&VFD=N",2026-08-10
2019-02-28,IUMTLMV,4.31,bank_of_england_iadb,"https://www.bankofengland.co.uk/boeapps/database/_iadb-fromshowcolumns.asp?csv.x=yes&Datefrom=01/Jan/1975&Dateto=now&SeriesCodes=IUDBEDR,IUMBV34,IUMBV37,IUMBV42,IUMBV45,IUM2WTL,IUM5WTL,IUMTLMV&UsingCodes=Y&VPD=Y&VFD=N",2026-08-10
2019-03-31,IUMBV34,1.7,bank_of_england_iadb,"https://www.bankofengland.co.uk/boeapps/database/_iadb-fromshowcolumns.asp?csv.x=yes&Datefrom=01/Jan/1975&Dateto=now&SeriesCodes=IUDBEDR,IUMBV34,IUMBV37,IUMBV42,IUMBV45,IUM2WTL,IUM5WTL,IUMTLMV&UsingCodes=Y&VPD=Y&VFD=N",2026-08-10
2019-03-31,IUMBV37,1.8,bank_of_england_iadb,"https://www.bankofengland.co.uk/boeapps/database/_iadb-fromshowcolumns.asp?csv.x=yes&Datefrom=01/Jan/1975&Dateto=now&SeriesCodes=IUDBEDR,IUMBV34,IUMBV37,IUMBV42,IUMBV45,IUM2WTL,IUM5WTL,IUMTLMV&UsingCodes=Y&VPD=Y&VFD=N",2026-08-10
2019-03-31,IUMBV42,2.03,bank_of_england_iadb,"https://www.bankofengland.co.uk/boeapps/database/_iadb-fromshowcolumns.asp?csv.x=yes&Datefrom=01/Jan/1975&Dateto=now&SeriesCodes=IUDBEDR,IUMBV34,IUMBV37,IUMBV42,IUMBV45,IUM2WTL,IUM5WTL,IUMTLMV&UsingCodes=Y&VPD=Y&VFD=N",2026-08-10
2019-03-31,IUMBV45,2.56,bank_of_england_iadb,"https://www.bankofengland.co.uk/boeapps/database/_iadb-fromshowcolumns.asp?csv.x=yes&Datefrom=01/Jan/1975&Dateto=now&SeriesCodes=IUDBEDR,IUMBV34,IUMBV37,IUMBV42,IUMBV45,IUM2WTL,IUM5WTL,IUMTLMV&UsingCodes=Y&VPD=Y&VFD=N",2026-08-10
2019-03-31,IUM2WTL,2.97,bank_of_england_iadb,"https://www.bankofengland.co.uk/boeapps/database/_iadb-fromshowcolumns.asp?csv.x=yes&Datefrom=01/Jan/1975&Dateto=now&SeriesCodes=IUDBEDR,IUMBV34,IUMBV37,IUMBV42,IUMBV45,IUM2WTL,IUM5WTL,IUMTLMV&UsingCodes=Y&VPD=Y&VFD=N",2026-08-10
2019-03-31,IUM5WTL,3.57,bank_of_england_iadb,"https://www.bankofengland.co.uk/boeapps/database/_iadb-fromshowcolumns.asp?csv.x=yes&Datefrom=01/Jan/1975&Dateto=now&SeriesCodes=IUDBEDR,IUMBV34,IUMBV37,IUMBV42,IUMBV45,IUM2WTL,IUM5WTL,IUMTLMV&UsingCodes=Y&VPD=Y&VFD=N",2026-08-10
2019-03-31,IUMTLMV,4.31,bank_of_england_iadb,"https://www.bankofengland.co.uk/boeapps/database/_iadb-fromshowcolumns.asp?csv.x=yes&Datefrom=01/Jan/1975&Dateto=now&SeriesCodes=IUDBEDR,IUMBV34,IUMBV37,IUMBV42,IUMBV45,IUM2WTL,IUM5WTL,IUMTLMV&UsingCodes=Y&VPD=Y&VFD=N",2026-08-10
2019-04-30,IUMBV34,1.66,bank_of_england_iadb,"https://www.bankofengland.co.uk/boeapps/database/_iadb-fromshowcolumns.asp?csv.x=yes&Datefrom=01/Jan/1975&Dateto=now&SeriesCodes=IUDBEDR,IUMBV34,IUMBV37,IUMBV42,IUMBV45,IUM2WTL,IUM5WTL,IUMTLMV&UsingCodes=Y&VPD=Y&VFD=N",2026-08-10
2019-04-30,IUMBV37,1.79,bank_of_england_iadb,"https://www.bankofengland.co.uk/boeapps/database/_iadb-fromshowcolumns.asp?csv.x=yes&Datefrom=01/Jan/1975&Dateto=now&SeriesCodes=IUDBEDR,IUMBV34,IUMBV37,IUMBV42,IUMBV45,IUM2WTL,IUM5WTL,IUMTLMV&UsingCodes=Y&VPD=Y&VFD=N",2026-08-10
2019-04-30,IUMBV42,2.0,bank_of_england_iadb,"https://www.bankofengland.co.uk/boeapps/database/_iadb-fromshowcolumns.asp?csv.x=yes&Datefrom=01/Jan/1975&Dateto=now&SeriesCodes=IUDBEDR,IUMBV34,IUMBV37,IUMBV42,IUMBV45,IUM2WTL,IUM5WTL,IUMTLMV&UsingCodes=Y&VPD=Y&VFD=N",2026-08-10
2019-04-30,IUMBV45,2.55,bank_of_england_iadb,"https://www.bankofengland.co.uk/boeapps/database/_iadb-fromshowcolumns.asp?csv.x=yes&Datefrom=01/Jan/1975&Dateto=now&SeriesCodes=IUDBEDR,IUMBV34,IUMBV37,IUMBV42,IUMBV45,IUM2WTL,IUM5WTL,IUMTLMV&UsingCodes=Y&VPD=Y&VFD=N",2026-08-10
2019-04-30,IUM2WTL,2.92,bank_of_england_iadb,"https://www.bankofengland.co.uk/boeapps/database/_iadb-fromshowcolumns.asp?csv.x=yes&Datefrom=01/Jan/1975&Dateto=now&SeriesCodes=IUDBEDR,IUMBV34,IUMBV37,IUMBV42,IUMBV45,IUM2WTL,IUM5WTL,IUMTLMV&UsingCodes=Y&VPD=Y&VFD=N",2026-08-10
2019-04-30,IUM5WTL,3.46,bank_of_england_iadb,"https://www.bankofengland.co.uk/boeapps/database/_iadb-fromshowcolumns.asp?csv.x=yes&Datefrom=01/Jan/1975&Dateto=now&SeriesCodes=IUDBEDR,IUMBV34,IUMBV37,IUMBV42,IUMBV45,IUM2WTL,IUM5WTL,IUMTLMV&UsingCodes=Y&VPD=Y&VFD=N",2026-08-10
2019-04-30,IUMTLMV,4.31,bank_of_england_iadb,"https://www.bankofengland.co.uk/boeapps/database/_iadb-fromshowcolumns.asp?csv.x=yes&Datefrom=01/Jan/1975&Dateto=now&SeriesCodes=IUDBEDR,IUMBV34,IUMBV37,IUMBV42,IUMBV45,IUM2WTL,IUM5WTL,IUMTLMV&UsingCodes=Y&VPD=Y&VFD=N",2026-08-10
2019-05-31,IUMBV34,1.65,bank_of_england_iadb,"https://www.bankofengland.co.uk/boeapps/database/_iadb-fromshowcolumns.asp?csv.x=yes&Datefrom=01/Jan/1975&Dateto=now&SeriesCodes=IUDBEDR,IUMBV34,IUMBV37,IUMBV42,IUMBV45,IUM2WTL,IUM5WTL,IUMTLMV&UsingCodes=Y&VPD=Y&VFD=N",2026-08-10
2019-05-31,IUMBV37,1.79,bank_of_england_iadb,"https://www.bankofengland.co.uk/boeapps/database/_iadb-fromshowcolumns.asp?csv.x=yes&Datefrom=01/Jan/1975&Dateto=now&SeriesCodes=IUDBEDR,IUMBV34,IUMBV37,IUMBV42,IUMBV45,IUM2WTL,IUM5WTL,IUMTLMV&UsingCodes=Y&VPD=Y&VFD=N",2026-08-10
2019-05-31,IUMBV42,1.99,bank_of_england_iadb,"https://www.bankofengland.co.uk/boeapps/database/_iadb-fromshowcolumns.asp?csv.x=yes&Datefrom=01/Jan/1975&Dateto=now&SeriesCodes=IUDBEDR,IUMBV34,IUMBV37,IUMBV42,IUMBV45,IUM2WTL,IUM5WTL,IUMTLMV&UsingCodes=Y&VPD=Y&VFD=N",2026-08-10
2019-05-31,IUMBV45,2.57,bank_of_england_iadb,"https://www.bankofengland.co.uk/boeapps/database/_iadb-fromshowcolumns.asp?csv.x=yes&Datefrom=01/Jan/1975&Dateto=now&SeriesCodes=IUDBEDR,IUMBV34,IUMBV37,IUMBV42,IUMBV45,IUM2WTL,IUM5WTL,IUMTLMV&UsingCodes=Y&VPD=Y&VFD=N",2026-08-10
2019-05-31,IUM2WTL,2.93,bank_of_england_iadb,"https://www.bankofengland.co.uk/boeapps/database/_iadb-fromshowcolumns.asp?csv.x=yes&Datefrom=01/Jan/1975&Dateto=now&SeriesCodes=IUDBEDR,IUMBV34,IUMBV37,IUMBV42,IUMBV45,IUM2WTL,IUM5WTL,IUMTLMV&UsingCodes=Y&VPD=Y&VFD=N",2026-08-10
2019-05-31,IUM5WTL,3.46,bank_of_england_iadb,"https://www.bankofengland.co.uk/boeapps/database/_iadb-fromshowcolumns.asp?csv.x=yes&Datefrom=01/Jan/1975&Dateto=now&SeriesCodes=IUDBEDR,IUMBV34,IUMBV37,IUMBV42,IUMBV45,IUM2WTL,IUM5WTL,IUMTLMV&UsingCodes=Y&VPD=Y&VFD=N",2026-08-10
2019-05-31,IUMTLMV,4.29,bank_of_england_iadb,"https://www.bankofengland.co.uk/boeapps/database/_iadb-fromshowcolumns.asp?csv.x=yes&Datefrom=01/Jan/1975&Dateto=now&SeriesCodes=IUDBEDR,IUMBV34,IUMBV37,IUMBV42,IUMBV45,IUM2WTL,IUM5WTL,IUMTLMV&UsingCodes=Y&VPD=Y&VFD=N",2026-08-10
2019-06-30,IUMBV34,1.64,bank_of_england_iadb,"https://www.bankofengland.co.uk/boeapps/database/_iadb-fromshowcolumns.asp?csv.x=yes&Datefrom=01/Jan/1975&Dateto=now&SeriesCodes=IUDBEDR,IUMBV34,IUMBV37,IUMBV42,IUMBV45,IUM2WTL,IUM5WTL,IUMTLMV&UsingCodes=Y&VPD=Y&VFD=N",2026-08-10
2019-06-30,IUMBV37,1.77,bank_of_england_iadb,"https://www.bankofengland.co.uk/boeapps/database/_iadb-fromshowcolumns.asp?csv.x=yes&Datefrom=01/Jan/1975&Dateto=now&SeriesCodes=IUDBEDR,IUMBV34,IUMBV37,IUMBV42,IUMBV45,IUM2WTL,IUM5WTL,IUMTLMV&UsingCodes=Y&VPD=Y&VFD=N",2026-08-10
2019-06-30,IUMBV42,1.97,bank_of_england_iadb,"https://www.bankofengland.co.uk/boeapps/database/_iadb-fromshowcolumns.asp?csv.x=yes&Datefrom=01/Jan/1975&Dateto=now&SeriesCodes=IUDBEDR,IUMBV34,IUMBV37,IUMBV42,IUMBV45,IUM2WTL,IUM5WTL,IUMTLMV&UsingCodes=Y&VPD=Y&VFD=N",2026-08-10
2019-06-30,IUMBV45,2.59,bank_of_england_iadb,"https://www.bankofengland.co.uk/boeapps/database/_iadb-fromshowcolumns.asp?csv.x=yes&Datefrom=01/Jan/1975&Dateto=now&SeriesCodes=IUDBEDR,IUMBV34,IUMBV37,IUMBV42,IUMBV45,IUM2WTL,IUM5WTL,IUMTLMV&UsingCodes=Y&VPD=Y&VFD=N",2026-08-10
2019-06-30,IUM2WTL,2.95,bank_of_england_iadb,"https://www.bankofengland.co.uk/boeapps/database/_iadb-fromshowcolumns.asp?csv.x=yes&Datefrom=01/Jan/1975&Dateto=now&SeriesCodes=IUDBEDR,IUMBV34,IUMBV37,IUMBV42,IUMBV45,IUM2WTL,IUM5WTL,IUMTLMV&UsingCodes=Y&VPD=Y&VFD=N",2026-08-10
2019-06-30,IUM5WTL,3.44,bank_of_england_iadb,"https://www.bankofengland.co.uk/boeapps/database/_iadb-fromshowcolumns.asp?csv.x=yes&Datefrom=01/Jan/1975&Dateto=now&SeriesCodes=IUDBEDR,IUMBV34,IUMBV37,IUMBV42,IUMBV45,IUM2WTL,IUM5WTL,IUMTLMV&UsingCodes=Y&VPD=Y&VFD=N",2026-08-10
2019-06-30,IUMTLMV,4.29,bank_of_england_iadb,"https://www.bankofengland.co.uk/boeapps/database/_iadb-fromshowcolumns.asp?csv.x=yes&Datefrom=01/Jan/1975&Dateto=now&SeriesCodes=IUDBEDR,IUMBV34,IUMBV37,IUMBV42,IUMBV45,IUM2WTL,IUM5WTL,IUMTLMV&UsingCodes=Y&VPD=Y&VFD=N",2026-08-10
2019-07-31,IUMBV34,1.61,bank_of_england_iadb,"https://www.bankofengland.co.uk/boeapps/database/_iadb-fromshowcolumns.asp?csv.x=yes&Datefrom=01/Jan/1975&Dateto=now&SeriesCodes=IUDBEDR,IUMBV34,IUMBV37,IUMBV42,IUMBV45,IUM2WTL,IUM5WTL,IUMTLMV&UsingCodes=Y&VPD=Y&VFD=N",2026-08-10
2019-07-31,IUMBV37,1.74,bank_of_england_iadb,"https://www.bankofengland.co.uk/boeapps/database/_iadb-fromshowcolumns.asp?csv.x=yes&Datefrom=01/Jan/1975&Dateto=now&SeriesCodes=IUDBEDR,IUMBV34,IUMBV37,IUMBV42,IUMBV45,IUM2WTL,IUM5WTL,IUMTLMV&UsingCodes=Y&VPD=Y&VFD=N",2026-08-10
2019-07-31,IUMBV42,1.93,bank_of_england_iadb,"https://www.bankofengland.co.uk/boeapps/database/_iadb-fromshowcolumns.asp?csv.x=yes&Datefrom=01/Jan/1975&Dateto=now&SeriesCodes=IUDBEDR,IUMBV34,IUMBV37,IUMBV42,IUMBV45,IUM2WTL,IUM5WTL,IUMTLMV&UsingCodes=Y&VPD=Y&VFD=N",2026-08-10
2019-07-31,IUMBV45,2.57,bank_of_england_iadb,"https://www.bankofengland.co.uk/boeapps/database/_iadb-fromshowcolumns.asp?csv.x=yes&Datefrom=01/Jan/1975&Dateto=now&SeriesCodes=IUDBEDR,IUMBV34,IUMBV37,IUMBV42,IUMBV45,IUM2WTL,IUM5WTL,IUMTLMV&UsingCodes=Y&VPD=Y&VFD=N",2026-08-10
2019-07-31,IUM2WTL,2.96,bank_of_england_iadb,"https://www.bankofengland.co.uk/boeapps/database/_iadb-fromshowcolumns.asp?csv.x=yes&Datefrom=01/Jan/1975&Dateto=now&SeriesCodes=IUDBEDR,IUMBV34,IUMBV37,IUMBV42,IUMBV45,IUM2WTL,IUM5WTL,IUMTLMV&UsingCodes=Y&VPD=Y&VFD=N",2026-08-10
2019-07-31,IUM5WTL,3.39,bank_of_england_iadb,"https://www.bankofengland.co.uk/boeapps/database/_iadb-fromshowcolumns.asp?csv.x=yes&Datefrom=01/Jan/1975&Dateto=now&SeriesCodes=IUDBEDR,IUMBV34,IUMBV37,IUMBV42,IUMBV45,IUM2WTL,IUM5WTL,IUMTLMV&UsingCodes=Y&VPD=Y&VFD=N",2026-08-10
2019-07-31,IUMTLMV,4.29,bank_of_england_iadb,"https://www.bankofengland.co.uk/boeapps/database/_iadb-fromshowcolumns.asp?csv.x=yes&Datefrom=01/Jan/1975&Dateto=now&SeriesCodes=IUDBEDR,IUMBV34,IUMBV37,IUMBV42,IUMBV45,IUM2WTL,IUM5WTL,IUMTLMV&UsingCodes=Y&VPD=Y&VFD=N",2026-08-10
2019-08-31,IUMBV34,1.59,bank_of_england_iadb,"https://www.bankofengland.co.uk/boeapps/database/_iadb-fromshowcolumns.asp?csv.x=yes&Datefrom=01/Jan/1975&Dateto=now&SeriesCodes=IUDBEDR,IUMBV34,IUMBV37,IUMBV42,IUMBV45,IUM2WTL,IUM5WTL,IUMTLMV&UsingCodes=Y&VPD=Y&VFD=N",2026-08-10
2019-08-31,IUMBV37,1.73,bank_of_england_iadb,"https://www.bankofengland.co.uk/boeapps/database/_iadb-fromshowcolumns.asp?csv.x=yes&Datefrom=01/Jan/1975&Dateto=now&SeriesCodes=IUDBEDR,IUMBV34,IUMBV37,IUMBV42,IUMBV45,IUM2WTL,IUM5WTL,IUMTLMV&UsingCodes=Y&VPD=Y&VFD=N",2026-08-10
2019-08-31,IUMBV42,1.89,bank_of_england_iadb,"https://www.bankofengland.co.uk/boeapps/database/_iadb-fromshowcolumns.asp?csv.x=yes&Datefrom=01/Jan/1975&Dateto=now&SeriesCodes=IUDBEDR,IUMBV34,IUMBV37,IUMBV42,IUMBV45,IUM2WTL,IUM5WTL,IUMTLMV&UsingCodes=Y&VPD=Y&VFD=N",2026-08-10
2019-08-31,IUMBV45,2.58,bank_of_england_iadb,"https://www.bankofengland.co.uk/boeapps/database/_iadb-fromshowcolumns.asp?csv.x=yes&Datefrom=01/Jan/1975&Dateto=now&SeriesCodes=IUDBEDR,IUMBV34,IUMBV37,IUMBV42,IUMBV45,IUM2WTL,IUM5WTL,IUMTLMV&UsingCodes=Y&VPD=Y&VFD=N",2026-08-10
2019-08-31,IUM2WTL,2.96,bank_of_england_iadb,"https://www.bankofengland.co.uk/boeapps/database/_iadb-fromshowcolumns.asp?csv.x=yes&Datefrom=01/Jan/1975&Dateto=now&SeriesCodes=IUDBEDR,IUMBV34,IUMBV37,IUMBV42,IUMBV45,IUM2WTL,IUM5WTL,IUMTLMV&UsingCodes=Y&VPD=Y&VFD=N",2026-08-10
2019-08-31,IUM5WTL,3.39,bank_of_england_iadb,"https://www.bankofengland.co.uk/boeapps/database/_iadb-fromshowcolumns.asp?csv.x=yes&Datefrom=01/Jan/1975&Dateto=now&SeriesCodes=IUDBEDR,IUMBV34,IUMBV37,IUMBV42,IUMBV45,IUM2WTL,IUM5WTL,IUMTLMV&UsingCodes=Y&VPD=Y&VFD=N",2026-08-10
2019-08-31,IUMTLMV,4.29,bank_of_england_iadb,"https://www.bankofengland.co.uk/boeapps/database/_iadb-fromshowcolumns.asp?csv.x=yes&Datefrom=01/Jan/1975&Dateto=now&SeriesCodes=IUDBEDR,IUMBV34,IUMBV37,IUMBV42,IUMBV45,IUM2WTL,IUM5WTL,IUMTLMV&UsingCodes=Y&VPD=Y&VFD=N",2026-08-10
2019-09-30,IUMBV34,1.55,bank_of_england_iadb,"https://www.bankofengland.co.uk/boeapps/database/_iadb-fromshowcolumns.asp?csv.x=yes&Datefrom=01/Jan/1975&Dateto=now&SeriesCodes=IUDBEDR,IUMBV34,IUMBV37,IUMBV42,IUMBV45,IUM2WTL,IUM5WTL,IUMTLMV&UsingCodes=Y&VPD=Y&VFD=N",2026-08-10
2019-09-30,IUMBV37,1.66,bank_of_england_iadb,"https://www.bankofengland.co.uk/boeapps/database/_iadb-fromshowcolumns.asp?csv.x=yes&Datefrom=01/Jan/1975&Dateto=now&SeriesCodes=IUDBEDR,IUMBV34,IUMBV37,IUMBV42,IUMBV45,IUM2WTL,IUM5WTL,IUMTLMV&UsingCodes=Y&VPD=Y&VFD=N",2026-08-10
2019-09-30,IUMBV42,1.79,bank_of_england_iadb,"https://www.bankofengland.co.uk/boeapps/database/_iadb-fromshowcolumns.asp?csv.x=yes&Datefrom=01/Jan/1975&Dateto=now&SeriesCodes=IUDBEDR,IUMBV34,IUMBV37,IUMBV42,IUMBV45,IUM2WTL,IUM5WTL,IUMTLMV&UsingCodes=Y&VPD=Y&VFD=N",2026-08-10
2019-09-30,IUMBV45,2.58,bank_of_england_iadb,"https://www.bankofengland.co.uk/boeapps/database/_iadb-fromshowcolumns.asp?csv.x=yes&Datefrom=01/Jan/1975&Dateto=now&SeriesCodes=IUDBEDR,IUMBV34,IUMBV37,IUMBV42,IUMBV45,IUM2WTL,IUM5WTL,IUMTLMV&UsingCodes=Y&VPD=Y&VFD=N",2026-08-10
2019-09-30,IUM2WTL,2.99,bank_of_england_iadb,"https://www.bankofengland.co.uk/boeapps/database/_iadb-fromshowcolumns.asp?csv.x=yes&Datefrom=01/Jan/1975&Dateto=now&SeriesCodes=IUDBEDR,IUMBV34,IUMBV37,IUMBV42,IUMBV45,IUM2WTL,IUM5WTL,IUMTLMV&UsingCodes=Y&VPD=Y&VFD=N",2026-08-10
2019-09-30,IUM5WTL,3.37,bank_of_england_iadb,"https://www.bankofengland.co.uk/boeapps/database/_iadb-fromshowcolumns.asp?csv.x=yes&Datefrom=01/Jan/1975&Dateto=now&SeriesCodes=IUDBEDR,IUMBV34,IUMBV37,IUMBV42,IUMBV45,IUM2WTL,IUM5WTL,IUMTLMV&UsingCodes=Y&VPD=Y&VFD=N",2026-08-10
2019-09-30,IUMTLMV,4.29,bank_of_england_iadb,"https://www.bankofengland.co.uk/boeapps/database/_iadb-fromshowcolumns.asp?csv.x=yes&Datefrom=01/Jan/1975&Dateto=now&SeriesCodes=IUDBEDR,IUMBV34,IUMBV37,IUMBV42,IUMBV45,IUM2WTL,IUM5WTL,IUMTLMV&UsingCodes=Y&VPD=Y&VFD=N",2026-08-10
2019-10-31,IUMBV34,1.47,bank_of_england_iadb,"https://www.bankofengland.co.uk/boeapps/database/_iadb-fromshowcolumns.asp?csv.x=yes&Datefrom=01/Jan/1975&Dateto=now&SeriesCodes=IUDBEDR,IUMBV34,IUMBV37,IUMBV42,IUMBV45,IUM2WTL,IUM5WTL,IUMTLMV&UsingCodes=Y&VPD=Y&VFD=N",2026-08-10
2019-10-31,IUMBV37,1.62,bank_of_england_iadb,"https://www.bankofengland.co.uk/boeapps/database/_iadb-fromshowcolumns.asp?csv.x=yes&Datefrom=01/Jan/1975&Dateto=now&SeriesCodes=IUDBEDR,IUMBV34,IUMBV37,IUMBV42,IUMBV45,IUM2WTL,IUM5WTL,IUMTLMV&UsingCodes=Y&VPD=Y&VFD=N",2026-08-10
2019-10-31,IUMBV42,1.71,bank_of_england_iadb,"https://www.bankofengland.co.uk/boeapps/database/_iadb-fromshowcolumns.asp?csv.x=yes&Datefrom=01/Jan/1975&Dateto=now&SeriesCodes=IUDBEDR,IUMBV34,IUMBV37,IUMBV42,IUMBV45,IUM2WTL,IUM5WTL,IUMTLMV&UsingCodes=Y&VPD=Y&VFD=N",2026-08-10
2019-10-31,IUMBV45,2.51,bank_of_england_iadb,"https://www.bankofengland.co.uk/boeapps/database/_iadb-fromshowcolumns.asp?csv.x=yes&Datefrom=01/Jan/1975&Dateto=now&SeriesCodes=IUDBEDR,IUMBV34,IUMBV37,IUMBV42,IUMBV45,IUM2WTL,IUM5WTL,IUMTLMV&UsingCodes=Y&VPD=Y&VFD=N",2026-08-10
2019-10-31,IUM2WTL,2.99,bank_of_england_iadb,"https://www.bankofengland.co.uk/boeapps/database/_iadb-fromshowcolumns.asp?csv.x=yes&Datefrom=01/Jan/1975&Dateto=now&SeriesCodes=IUDBEDR,IUMBV34,IUMBV37,IUMBV42,IUMBV45,IUM2WTL,IUM5WTL,IUMTLMV&UsingCodes=Y&VPD=Y&VFD=N",2026-08-10
2019-10-31,IUM5WTL,3.38,bank_of_england_iadb,"https://www.bankofengland.co.uk/boeapps/database/_iadb-fromshowcolumns.asp?csv.x=yes&Datefrom=01/Jan/1975&Dateto=now&SeriesCodes=IUDBEDR,IUMBV34,IUMBV37,IUMBV42,IUMBV45,IUM2WTL,IUM5WTL,IUMTLMV&UsingCodes=Y&VPD=Y&VFD=N",2026-08-10
2019-10-31,IUMTLMV,4.27,bank_of_england_iadb,"https://www.bankofengland.co.uk/boeapps/database/_iadb-fromshowcolumns.asp?csv.x=yes&Datefrom=01/Jan/1975&Dateto=now&SeriesCodes=IUDBEDR,IUMBV34,IUMBV37,IUMBV42,IUMBV45,IUM2WTL,IUM5WTL,IUMTLMV&UsingCodes=Y&VPD=Y&VFD=N",2026-08-10
2019-11-30,IUMBV34,1.41,bank_of_england_iadb,"https://www.bankofengland.co.uk/boeapps/database/_iadb-fromshowcolumns.asp?csv.x=yes&Datefrom=01/Jan/1975&Dateto=now&SeriesCodes=IUDBEDR,IUMBV34,IUMBV37,IUMBV42,IUMBV45,IUM2WTL,IUM5WTL,IUMTLMV&UsingCodes=Y&VPD=Y&VFD=N",2026-08-10
2019-11-30,IUMBV37,1.57,bank_of_england_iadb,"https://www.bankofengland.co.uk/boeapps/database/_iadb-fromshowcolumns.asp?csv.x=yes&Datefrom=01/Jan/1975&Dateto=now&SeriesCodes=IUDBEDR,IUMBV34,IUMBV37,IUMBV42,IUMBV45,IUM2WTL,IUM5WTL,IUMTLMV&UsingCodes=Y&VPD=Y&VFD=N",2026-08-10
2019-11-30,IUMBV42,1.67,bank_of_england_iadb,"https://www.bankofengland.co.uk/boeapps/database/_iadb-fromshowcolumns.asp?csv.x=yes&Datefrom=01/Jan/1975&Dateto=now&SeriesCodes=IUDBEDR,IUMBV34,IUMBV37,IUMBV42,IUMBV45,IUM2WTL,IUM5WTL,IUMTLMV&UsingCodes=Y&VPD=Y&VFD=N",2026-08-10
2019-11-30,IUMBV45,2.49,bank_of_england_iadb,"https://www.bankofengland.co.uk/boeapps/database/_iadb-fromshowcolumns.asp?csv.x=yes&Datefrom=01/Jan/1975&Dateto=now&SeriesCodes=IUDBEDR,IUMBV34,IUMBV37,IUMBV42,IUMBV45,IUM2WTL,IUM5WTL,IUMTLMV&UsingCodes=Y&VPD=Y&VFD=N",2026-08-10
2019-11-30,IUM2WTL,2.99,bank_of_england_iadb,"https://www.bankofengland.co.uk/boeapps/database/_iadb-fromshowcolumns.asp?csv.x=yes&Datefrom=01/Jan/1975&Dateto=now&SeriesCodes=IUDBEDR,IUMBV34,IUMBV37,IUMBV42,IUMBV45,IUM2WTL,IUM5WTL,IUMTLMV&UsingCodes=Y&VPD=Y&VFD=N",2026-08-10
2019-11-30,IUM5WTL,3.37,bank_of_england_iadb,"https://www.bankofengland.co.uk/boeapps/database/_iadb-fromshowcolumns.asp?csv.x=yes&Datefrom=01/Jan/1975&Dateto=now&SeriesCodes=IUDBEDR,IUMBV34,IUMBV37,IUMBV42,IUMBV45,IUM2WTL,IUM5WTL,IUMTLMV&UsingCodes=Y&VPD=Y&VFD=N",2026-08-10
2019-11-30,IUMTLMV,4.27,bank_of_england_iadb,"https://www.bankofengland.co.uk/boeapps/database/_iadb-fromshowcolumns.asp?csv.x=yes&Datefrom=01/Jan/1975&Dateto=now&SeriesCodes=IUDBEDR,IUMBV34,IUMBV37,IUMBV42,IUMBV45,IUM2WTL,IUM5WTL,IUMTLMV&UsingCodes=Y&VPD=Y&VFD=N",2026-08-10
2019-12-31,IUMBV34,1.42,bank_of_england_iadb,"https://www.bankofengland.co.uk/boeapps/database/_iadb-fromshowcolumns.asp?csv.x=yes&Datefrom=01/Jan/1975&Dateto=now&SeriesCodes=IUDBEDR,IUMBV34,IUMBV37,IUMBV42,IUMBV45,IUM2WTL,IUM5WTL,IUMTLMV&UsingCodes=Y&VPD=Y&VFD=N",2026-08-10
2019-12-31,IUMBV37,1.54,bank_of_england_iadb,"https://www.bankofengland.co.uk/boeapps/database/_iadb-fromshowcolumns.asp?csv.x=yes&Datefrom=01/Jan/1975&Dateto=now&SeriesCodes=IUDBEDR,IUMBV34,IUMBV37,IUMBV42,IUMBV45,IUM2WTL,IUM5WTL,IUMTLMV&UsingCodes=Y&VPD=Y&VFD=N",2026-08-10
2019-12-31,IUMBV42,1.67,bank_of_england_iadb,"https://www.bankofengland.co.uk/boeapps/database/_iadb-fromshowcolumns.asp?csv.x=yes&Datefrom=01/Jan/1975&Dateto=now&SeriesCodes=IUDBEDR,IUMBV34,IUMBV37,IUMBV42,IUMBV45,IUM2WTL,IUM5WTL,IUMTLMV&UsingCodes=Y&VPD=Y&VFD=N",2026-08-10
2019-12-31,IUMBV45,2.47,bank_of_england_iadb,"https://www.bankofengland.co.uk/boeapps/database/_iadb-fromshowcolumns.asp?csv.x=yes&Datefrom=01/Jan/1975&Dateto=now&SeriesCodes=IUDBEDR,IUMBV34,IUMBV37,IUMBV42,IUMBV45,IUM2WTL,IUM5WTL,IUMTLMV&UsingCodes=Y&VPD=Y&VFD=N",2026-08-10
2019-12-31,IUM2WTL,3.0,bank_of_england_iadb,"https://www.bankofengland.co.uk/boeapps/database/_iadb-fromshowcolumns.asp?csv.x=yes&Datefrom=01/Jan/1975&Dateto=now&SeriesCodes=IUDBEDR,IUMBV34,IUMBV37,IUMBV42,IUMBV45,IUM2WTL,IUM5WTL,IUMTLMV&UsingCodes=Y&VPD=Y&VFD=N",2026-08-10
2019-12-31,IUM5WTL,3.37,bank_of_england_iadb,"https://www.bankofengland.co.uk/boeapps/database/_iadb-fromshowcolumns.asp?csv.x=yes&Datefrom=01/Jan/1975&Dateto=now&SeriesCodes=IUDBEDR,IUMBV34,IUMBV37,IUMBV42,IUMBV45,IUM2WTL,IUM5WTL,IUMTLMV&UsingCodes=Y&VPD=Y&VFD=N",2026-08-10
2019-12-31,IUMTLMV,4.27,bank_of_england_iadb,"https://www.bankofengland.co.uk/boeapps/database/_iadb-fromshowcolumns.asp?csv.x=yes&Datefrom=01/Jan/1975&Dateto=now&SeriesCodes=IUDBEDR,IUMBV34,IUMBV37,IUMBV42,IUMBV45,IUM2WTL,IUM5WTL,IUMTLMV&UsingCodes=Y&VPD=Y&VFD=N",2026-08-10
2020-01-31,IUMBV34,1.41,bank_of_england_iadb,"https://www.bankofengland.co.uk/boeapps/database/_iadb-fromshowcolumns.asp?csv.x=yes&Datefrom=01/Jan/1975&Dateto=now&SeriesCodes=IUDBEDR,IUMBV34,IUMBV37,IUMBV42,IUMBV45,IUM2WTL,IUM5WTL,IUMTLMV&UsingCodes=Y&VPD=Y&VFD=N",2026-08-10
2020-01-31,IUMBV37,1.57,bank_of_england_iadb,"https://www.bankofengland.co.uk/boeapps/database/_iadb-fromshowcolumns.asp?csv.x=yes&Datefrom=01/Jan/1975&Dateto=now&SeriesCodes=IUDBEDR,IUMBV34,IUMBV37,IUMBV42,IUMBV45,IUM2WTL,IUM5WTL,IUMTLMV&UsingCodes=Y&VPD=Y&VFD=N",2026-08-10
2020-01-31,IUMBV42,1.68,bank_of_england_iadb,"https://www.bankofengland.co.uk/boeapps/database/_iadb-fromshowcolumns.asp?csv.x=yes&Datefrom=01/Jan/1975&Dateto=now&SeriesCodes=IUDBEDR,IUMBV34,IUMBV37,IUMBV42,IUMBV45,IUM2WTL,IUM5WTL,IUMTLMV&UsingCodes=Y&VPD=Y&VFD=N",2026-08-10
2020-01-31,IUMBV45,2.42,bank_of_england_iadb,"https://www.bankofengland.co.uk/boeapps/database/_iadb-fromshowcolumns.asp?csv.x=yes&Datefrom=01/Jan/1975&Dateto=now&SeriesCodes=IUDBEDR,IUMBV34,IUMBV37,IUMBV42,IUMBV45,IUM2WTL,IUM5WTL,IUMTLMV&UsingCodes=Y&VPD=Y&VFD=N",2026-08-10
2020-01-31,IUM2WTL,3.02,bank_of_england_iadb,"https://www.bankofengland.co.uk/boeapps/database/_iadb-fromshowcolumns.asp?csv.x=yes&Datefrom=01/Jan/1975&Dateto=now&SeriesCodes=IUDBEDR,IUMBV34,IUMBV37,IUMBV42,IUMBV45,IUM2WTL,IUM5WTL,IUMTLMV&UsingCodes=Y&VPD=Y&VFD=N",2026-08-10
2020-01-31,IUM5WTL,3.34,bank_of_england_iadb,"https://www.bankofengland.co.uk/boeapps/database/_iadb-fromshowcolumns.asp?csv.x=yes&Datefrom=01/Jan/1975&Dateto=now&SeriesCodes=IUDBEDR,IUMBV34,IUMBV37,IUMBV42,IUMBV45,IUM2WTL,IUM5WTL,IUMTLMV&UsingCodes=Y&VPD=Y&VFD=N",2026-08-10
2020-01-31,IUMTLMV,4.27,bank_of_england_iadb,"https://www.bankofengland.co.uk/boeapps/database/_iadb-fromshowcolumns.asp?csv.x=yes&Datefrom=01/Jan/1975&Dateto=now&SeriesCodes=IUDBEDR,IUMBV34,IUMBV37,IUMBV42,IUMBV45,IUM2WTL,IUM5WTL,IUMTLMV&UsingCodes=Y&VPD=Y&VFD=N",2026-08-10
2020-02-29,IUMBV34,1.4,bank_of_england_iadb,"https://www.bankofengland.co.uk/boeapps/database/_iadb-fromshowcolumns.asp?csv.x=yes&Datefrom=01/Jan/1975&Dateto=now&SeriesCodes=IUDBEDR,IUMBV34,IUMBV37,IUMBV42,IUMBV45,IUM2WTL,IUM5WTL,IUMTLMV&UsingCodes=Y&VPD=Y&VFD=N",2026-08-10
2020-02-29,IUMBV37,1.56,bank_of_england_iadb,"https://www.bankofengland.co.uk/boeapps/database/_iadb-fromshowcolumns.asp?csv.x=yes&Datefrom=01/Jan/1975&Dateto=now&SeriesCodes=IUDBEDR,IUMBV34,IUMBV37,IUMBV42,IUMBV45,IUM2WTL,IUM5WTL,IUMTLMV&UsingCodes=Y&VPD=Y&VFD=N",2026-08-10
2020-02-29,IUMBV42,1.67,bank_of_england_iadb,"https://www.bankofengland.co.uk/boeapps/database/_iadb-fromshowcolumns.asp?csv.x=yes&Datefrom=01/Jan/1975&Dateto=now&SeriesCodes=IUDBEDR,IUMBV34,IUMBV37,IUMBV42,IUMBV45,IUM2WTL,IUM5WTL,IUMTLMV&UsingCodes=Y&VPD=Y&VFD=N",2026-08-10
2020-02-29,IUMBV45,2.38,bank_of_england_iadb,"https://www.bankofengland.co.uk/boeapps/database/_iadb-fromshowcolumns.asp?csv.x=yes&Datefrom=01/Jan/1975&Dateto=now&SeriesCodes=IUDBEDR,IUMBV34,IUMBV37,IUMBV42,IUMBV45,IUM2WTL,IUM5WTL,IUMTLMV&UsingCodes=Y&VPD=Y&VFD=N",2026-08-10
2020-02-29,IUM2WTL,3.02,bank_of_england_iadb,"https://www.bankofengland.co.uk/boeapps/database/_iadb-fromshowcolumns.asp?csv.x=yes&Datefrom=01/Jan/1975&Dateto=now&SeriesCodes=IUDBEDR,IUMBV34,IUMBV37,IUMBV42,IUMBV45,IUM2WTL,IUM5WTL,IUMTLMV&UsingCodes=Y&VPD=Y&VFD=N",2026-08-10
2020-02-29,IUM5WTL,3.28,bank_of_england_iadb,"https://www.bankofengland.co.uk/boeapps/database/_iadb-fromshowcolumns.asp?csv.x=yes&Datefrom=01/Jan/1975&Dateto=now&SeriesCodes=IUDBEDR,IUMBV34,IUMBV37,IUMBV42,IUMBV45,IUM2WTL,IUM5WTL,IUMTLMV&UsingCodes=Y&VPD=Y&VFD=N",2026-08-10
2020-02-29,IUMTLMV,4.26,bank_of_england_iadb,"https://www.bankofengland.co.uk/boeapps/database/_iadb-fromshowcolumns.asp?csv.x=yes&Datefrom=01/Jan/1975&Dateto=now&SeriesCodes=IUDBEDR,IUMBV34,IUMBV37,IUMBV42,IUMBV45,IUM2WTL,IUM5WTL,IUMTLMV&UsingCodes=Y&VPD=Y&VFD=N",2026-08-10
2020-03-31,IUMBV34,1.4,bank_of_england_iadb,"https://www.bankofengland.co.uk/boeapps/database/_iadb-fromshowcolumns.asp?csv.x=yes&Datefrom=01/Jan/1975&Dateto=now&SeriesCodes=IUDBEDR,IUMBV34,IUMBV37,IUMBV42,IUMBV45,IUM2WTL,IUM5WTL,IUMTLMV&UsingCodes=Y&VPD=Y&VFD=N",2026-08-10
2020-03-31,IUMBV37,1.56,bank_of_england_iadb,"https://www.bankofengland.co.uk/boeapps/database/_iadb-fromshowcolumns.asp?csv.x=yes&Datefrom=01/Jan/1975&Dateto=now&SeriesCodes=IUDBEDR,IUMBV34,IUMBV37,IUMBV42,IUMBV45,IUM2WTL,IUM5WTL,IUMTLMV&UsingCodes=Y&VPD=Y&VFD=N",2026-08-10
2020-03-31,IUMBV42,1.66,bank_of_england_iadb,"https://www.bankofengland.co.uk/boeapps/database/_iadb-fromshowcolumns.asp?csv.x=yes&Datefrom=01/Jan/1975&Dateto=now&SeriesCodes=IUDBEDR,IUMBV34,IUMBV37,IUMBV42,IUMBV45,IUM2WTL,IUM5WTL,IUMTLMV&UsingCodes=Y&VPD=Y&VFD=N",2026-08-10
2020-03-31,IUMBV45,2.36,bank_of_england_iadb,"https://www.bankofengland.co.uk/boeapps/database/_iadb-fromshowcolumns.asp?csv.x=yes&Datefrom=01/Jan/1975&Dateto=now&SeriesCodes=IUDBEDR,IUMBV34,IUMBV37,IUMBV42,IUMBV45,IUM2WTL,IUM5WTL,IUMTLMV&UsingCodes=Y&VPD=Y&VFD=N",2026-08-10
2020-03-31,IUM2WTL,3.02,bank_of_england_iadb,"https://www.bankofengland.co.uk/boeapps/database/_iadb-fromshowcolumns.asp?csv.x=yes&Datefrom=01/Jan/1975&Dateto=now&SeriesCodes=IUDBEDR,IUMBV34,IUMBV37,IUMBV42,IUMBV45,IUM2WTL,IUM5WTL,IUMTLMV&UsingCodes=Y&VPD=Y&VFD=N",2026-08-10
2020-03-31,IUM5WTL,3.29,bank_of_england_iadb,"https://www.bankofengland.co.uk/boeapps/database/_iadb-fromshowcolumns.asp?csv.x=yes&Datefrom=01/Jan/1975&Dateto=now&SeriesCodes=IUDBEDR,IUMBV34,IUMBV37,IUMBV42,IUMBV45,IUM2WTL,IUM5WTL,IUMTLMV&UsingCodes=Y&VPD=Y&VFD=N",2026-08-10
2020-03-31,IUMTLMV,4.1,bank_of_england_iadb,"https://www.bankofengland.co.uk/boeapps/database/_iadb-fromshowcolumns.asp?csv.x=yes&Datefrom=01/Jan/1975&Dateto=now&SeriesCodes=IUDBEDR,IUMBV34,IUMBV37,IUMBV42,IUMBV45,IUM2WTL,IUM5WTL,IUMTLMV&UsingCodes=Y&VPD=Y&VFD=N",2026-08-10
2020-04-30,IUMBV34,1.38,bank_of_england_iadb,"https://www.bankofengland.co.uk/boeapps/database/_iadb-fromshowcolumns.asp?csv.x=yes&Datefrom=01/Jan/1975&Dateto=now&SeriesCodes=IUDBEDR,IUMBV34,IUMBV37,IUMBV42,IUMBV45,IUM2WTL,IUM5WTL,IUMTLMV&UsingCodes=Y&VPD=Y&VFD=N",2026-08-10
2020-04-30,IUMBV37,1.59,bank_of_england_iadb,"https://www.bankofengland.co.uk/boeapps/database/_iadb-fromshowcolumns.asp?csv.x=yes&Datefrom=01/Jan/1975&Dateto=now&SeriesCodes=IUDBEDR,IUMBV34,IUMBV37,IUMBV42,IUMBV45,IUM2WTL,IUM5WTL,IUMTLMV&UsingCodes=Y&VPD=Y&VFD=N",2026-08-10
2020-04-30,IUMBV42,1.67,bank_of_england_iadb,"https://www.bankofengland.co.uk/boeapps/database/_iadb-fromshowcolumns.asp?csv.x=yes&Datefrom=01/Jan/1975&Dateto=now&SeriesCodes=IUDBEDR,IUMBV34,IUMBV37,IUMBV42,IUMBV45,IUM2WTL,IUM5WTL,IUMTLMV&UsingCodes=Y&VPD=Y&VFD=N",2026-08-10
2020-04-30,IUMBV45,2.42,bank_of_england_iadb,"https://www.bankofengland.co.uk/boeapps/database/_iadb-fromshowcolumns.asp?csv.x=yes&Datefrom=01/Jan/1975&Dateto=now&SeriesCodes=IUDBEDR,IUMBV34,IUMBV37,IUMBV42,IUMBV45,IUM2WTL,IUM5WTL,IUMTLMV&UsingCodes=Y&VPD=Y&VFD=N",2026-08-10
2020-04-30,IUM2WTL,3.07,bank_of_england_iadb,"https://www.bankofengland.co.uk/boeapps/database/_iadb-fromshowcolumns.asp?csv.x=yes&Datefrom=01/Jan/1975&Dateto=now&SeriesCodes=IUDBEDR,IUMBV34,IUMBV37,IUMBV42,IUMBV45,IUM2WTL,IUM5WTL,IUMTLMV&UsingCodes=Y&VPD=Y&VFD=N",2026-08-10
2020-04-30,IUM5WTL,3.39,bank_of_england_iadb,"https://www.bankofengland.co.uk/boeapps/database/_iadb-fromshowcolumns.asp?csv.x=yes&Datefrom=01/Jan/1975&Dateto=now&SeriesCodes=IUDBEDR,IUMBV34,IUMBV37,IUMBV42,IUMBV45,IUM2WTL,IUM5WTL,IUMTLMV&UsingCodes=Y&VPD=Y&VFD=N",2026-08-10
2020-04-30,IUMTLMV,3.66,bank_of_england_iadb,"https://www.bankofengland.co.uk/boeapps/database/_iadb-fromshowcolumns.asp?csv.x=yes&Datefrom=01/Jan/1975&Dateto=now&SeriesCodes=IUDBEDR,IUMBV34,IUMBV37,IUMBV42,IUMBV45,IUM2WTL,IUM5WTL,IUMTLMV&UsingCodes=Y&VPD=Y&VFD=N",2026-08-10
2020-05-31,IUMBV34,1.42,bank_of_england_iadb,"https://www.bankofengland.co.uk/boeapps/database/_iadb-fromshowcolumns.asp?csv.x=yes&Datefrom=01/Jan/1975&Dateto=now&SeriesCodes=IUDBEDR,IUMBV34,IUMBV37,IUMBV42,IUMBV45,IUM2WTL,IUM5WTL,IUMTLMV&UsingCodes=Y&VPD=Y&VFD=N",2026-08-10
2020-05-31,IUMBV37,1.64,bank_of_england_iadb,"https://www.bankofengland.co.uk/boeapps/database/_iadb-fromshowcolumns.asp?csv.x=yes&Datefrom=01/Jan/1975&Dateto=now&SeriesCodes=IUDBEDR,IUMBV34,IUMBV37,IUMBV42,IUMBV45,IUM2WTL,IUM5WTL,IUMTLMV&UsingCodes=Y&VPD=Y&VFD=N",2026-08-10
2020-05-31,IUMBV42,1.7,bank_of_england_iadb,"https://www.bankofengland.co.uk/boeapps/database/_iadb-fromshowcolumns.asp?csv.x=yes&Datefrom=01/Jan/1975&Dateto=now&SeriesCodes=IUDBEDR,IUMBV34,IUMBV37,IUMBV42,IUMBV45,IUM2WTL,IUM5WTL,IUMTLMV&UsingCodes=Y&VPD=Y&VFD=N",2026-08-10
2020-05-31,IUMBV45,2.4,bank_of_england_iadb,"https://www.bankofengland.co.uk/boeapps/database/_iadb-fromshowcolumns.asp?csv.x=yes&Datefrom=01/Jan/1975&Dateto=now&SeriesCodes=IUDBEDR,IUMBV34,IUMBV37,IUMBV42,IUMBV45,IUM2WTL,IUM5WTL,IUMTLMV&UsingCodes=Y&VPD=Y&VFD=N",2026-08-10
2020-05-31,IUM2WTL,3.17,bank_of_england_iadb,"https://www.bankofengland.co.uk/boeapps/database/_iadb-fromshowcolumns.asp?csv.x=yes&Datefrom=01/Jan/1975&Dateto=now&SeriesCodes=IUDBEDR,IUMBV34,IUMBV37,IUMBV42,IUMBV45,IUM2WTL,IUM5WTL,IUMTLMV&UsingCodes=Y&VPD=Y&VFD=N",2026-08-10
2020-05-31,IUM5WTL,3.49,bank_of_england_iadb,"https://www.bankofengland.co.uk/boeapps/database/_iadb-fromshowcolumns.asp?csv.x=yes&Datefrom=01/Jan/1975&Dateto=now&SeriesCodes=IUDBEDR,IUMBV34,IUMBV37,IUMBV42,IUMBV45,IUM2WTL,IUM5WTL,IUMTLMV&UsingCodes=Y&VPD=Y&VFD=N",2026-08-10
2020-05-31,IUMTLMV,3.65,bank_of_england_iadb,"https://www.bankofengland.co.uk/boeapps/database/_iadb-fromshowcolumns.asp?csv.x=yes&Datefrom=01/Jan/1975&Dateto=now&SeriesCodes=IUDBEDR,IUMBV34,IUMBV37,IUMBV42,IUMBV45,IUM2WTL,IUM5WTL,IUMTLMV&UsingCodes=Y&VPD=Y&VFD=N",2026-08-10
2020-06-30,IUMBV34,1.41,bank_of_england_iadb,"https://www.bankofengland.co.uk/boeapps/database/_iadb-fromshowcolumns.asp?csv.x=yes&Datefrom=01/Jan/1975&Dateto=now&SeriesCodes=IUDBEDR,IUMBV34,IUMBV37,IUMBV42,IUMBV45,IUM2WTL,IUM5WTL,IUMTLMV&UsingCodes=Y&VPD=Y&VFD=N",2026-08-10
2020-06-30,IUMBV37,1.62,bank_of_england_iadb,"https://www.bankofengland.co.uk/boeapps/database/_iadb-fromshowcolumns.asp?csv.x=yes&Datefrom=01/Jan/1975&Dateto=now&SeriesCodes=IUDBEDR,IUMBV34,IUMBV37,IUMBV42,IUMBV45,IUM2WTL,IUM5WTL,IUMTLMV&UsingCodes=Y&VPD=Y&VFD=N",2026-08-10
2020-06-30,IUMBV42,1.69,bank_of_england_iadb,"https://www.bankofengland.co.uk/boeapps/database/_iadb-fromshowcolumns.asp?csv.x=yes&Datefrom=01/Jan/1975&Dateto=now&SeriesCodes=IUDBEDR,IUMBV34,IUMBV37,IUMBV42,IUMBV45,IUM2WTL,IUM5WTL,IUMTLMV&UsingCodes=Y&VPD=Y&VFD=N",2026-08-10
2020-06-30,IUMBV45,2.4,bank_of_england_iadb,"https://www.bankofengland.co.uk/boeapps/database/_iadb-fromshowcolumns.asp?csv.x=yes&Datefrom=01/Jan/1975&Dateto=now&SeriesCodes=IUDBEDR,IUMBV34,IUMBV37,IUMBV42,IUMBV45,IUM2WTL,IUM5WTL,IUMTLMV&UsingCodes=Y&VPD=Y&VFD=N",2026-08-10
2020-06-30,IUM2WTL,2.72,bank_of_england_iadb,"https://www.bankofengland.co.uk/boeapps/database/_iadb-fromshowcolumns.asp?csv.x=yes&Datefrom=01/Jan/1975&Dateto=now&SeriesCodes=IUDBEDR,IUMBV34,IUMBV37,IUMBV42,IUMBV45,IUM2WTL,IUM5WTL,IUMTLMV&UsingCodes=Y&VPD=Y&VFD=N",2026-08-10
2020-06-30,IUM5WTL,3.77,bank_of_england_iadb,"https://www.bankofengland.co.uk/boeapps/database/_iadb-fromshowcolumns.asp?csv.x=yes&Datefrom=01/Jan/1975&Dateto=now&SeriesCodes=IUDBEDR,IUMBV34,IUMBV37,IUMBV42,IUMBV45,IUM2WTL,IUM5WTL,IUMTLMV&UsingCodes=Y&VPD=Y&VFD=N",2026-08-10
2020-06-30,IUMTLMV,3.65,bank_of_england_iadb,"https://www.bankofengland.co.uk/boeapps/database/_iadb-fromshowcolumns.asp?csv.x=yes&Datefrom=01/Jan/1975&Dateto=now&SeriesCodes=IUDBEDR,IUMBV34,IUMBV37,IUMBV42,IUMBV45,IUM2WTL,IUM5WTL,IUMTLMV&UsingCodes=Y&VPD=Y&VFD=N",2026-08-10
2020-07-31,IUMBV34,1.45,bank_of_england_iadb,"https://www.bankofengland.co.uk/boeapps/database/_iadb-fromshowcolumns.asp?csv.x=yes&Datefrom=01/Jan/1975&Dateto=now&SeriesCodes=IUDBEDR,IUMBV34,IUMBV37,IUMBV42,IUMBV45,IUM2WTL,IUM5WTL,IUMTLMV&UsingCodes=Y&VPD=Y&VFD=N",2026-08-10
2020-07-31,IUMBV37,1.67,bank_of_england_iadb,"https://www.bankofengland.co.uk/boeapps/database/_iadb-fromshowcolumns.asp?csv.x=yes&Datefrom=01/Jan/1975&Dateto=now&SeriesCodes=IUDBEDR,IUMBV34,IUMBV37,IUMBV42,IUMBV45,IUM2WTL,IUM5WTL,IUMTLMV&UsingCodes=Y&VPD=Y&VFD=N",2026-08-10
2020-07-31,IUMBV42,1.7,bank_of_england_iadb,"https://www.bankofengland.co.uk/boeapps/database/_iadb-fromshowcolumns.asp?csv.x=yes&Datefrom=01/Jan/1975&Dateto=now&SeriesCodes=IUDBEDR,IUMBV34,IUMBV37,IUMBV42,IUMBV45,IUM2WTL,IUM5WTL,IUMTLMV&UsingCodes=Y&VPD=Y&VFD=N",2026-08-10
2020-07-31,IUMBV45,2.32,bank_of_england_iadb,"https://www.bankofengland.co.uk/boeapps/database/_iadb-fromshowcolumns.asp?csv.x=yes&Datefrom=01/Jan/1975&Dateto=now&SeriesCodes=IUDBEDR,IUMBV34,IUMBV37,IUMBV42,IUMBV45,IUM2WTL,IUM5WTL,IUMTLMV&UsingCodes=Y&VPD=Y&VFD=N",2026-08-10
2020-07-31,IUM2WTL,2.58,bank_of_england_iadb,"https://www.bankofengland.co.uk/boeapps/database/_iadb-fromshowcolumns.asp?csv.x=yes&Datefrom=01/Jan/1975&Dateto=now&SeriesCodes=IUDBEDR,IUMBV34,IUMBV37,IUMBV42,IUMBV45,IUM2WTL,IUM5WTL,IUMTLMV&UsingCodes=Y&VPD=Y&VFD=N",2026-08-10
2020-07-31,IUM5WTL,4.04,bank_of_england_iadb,"https://www.bankofengland.co.uk/boeapps/database/_iadb-fromshowcolumns.asp?csv.x=yes&Datefrom=01/Jan/1975&Dateto=now&SeriesCodes=IUDBEDR,IUMBV34,IUMBV37,IUMBV42,IUMBV45,IUM2WTL,IUM5WTL,IUMTLMV&UsingCodes=Y&VPD=Y&VFD=N",2026-08-10
2020-07-31,IUMTLMV,3.66,bank_of_england_iadb,"https://www.bankofengland.co.uk/boeapps/database/_iadb-fromshowcolumns.asp?csv.x=yes&Datefrom=01/Jan/1975&Dateto=now&SeriesCodes=IUDBEDR,IUMBV34,IUMBV37,IUMBV42,IUMBV45,IUM2WTL,IUM5WTL,IUMTLMV&UsingCodes=Y&VPD=Y&VFD=N",2026-08-10
2020-08-31,IUMBV34,1.6,bank_of_england_iadb,"https://www.bankofengland.co.uk/boeapps/database/_iadb-fromshowcolumns.asp?csv.x=yes&Datefrom=01/Jan/1975&Dateto=now&SeriesCodes=IUDBEDR,IUMBV34,IUMBV37,IUMBV42,IUMBV45,IUM2WTL,IUM5WTL,IUMTLMV&UsingCodes=Y&VPD=Y&VFD=N",2026-08-10
2020-08-31,IUMBV37,1.83,bank_of_england_iadb,"https://www.bankofengland.co.uk/boeapps/database/_iadb-fromshowcolumns.asp?csv.x=yes&Datefrom=01/Jan/1975&Dateto=now&SeriesCodes=IUDBEDR,IUMBV34,IUMBV37,IUMBV42,IUMBV45,IUM2WTL,IUM5WTL,IUMTLMV&UsingCodes=Y&VPD=Y&VFD=N",2026-08-10
2020-08-31,IUMBV42,1.79,bank_of_england_iadb,"https://www.bankofengland.co.uk/boeapps/database/_iadb-fromshowcolumns.asp?csv.x=yes&Datefrom=01/Jan/1975&Dateto=now&SeriesCodes=IUDBEDR,IUMBV34,IUMBV37,IUMBV42,IUMBV45,IUM2WTL,IUM5WTL,IUMTLMV&UsingCodes=Y&VPD=Y&VFD=N",2026-08-10
2020-08-31,IUMBV45,2.32,bank_of_england_iadb,"https://www.bankofengland.co.uk/boeapps/database/_iadb-fromshowcolumns.asp?csv.x=yes&Datefrom=01/Jan/1975&Dateto=now&SeriesCodes=IUDBEDR,IUMBV34,IUMBV37,IUMBV42,IUMBV45,IUM2WTL,IUM5WTL,IUMTLMV&UsingCodes=Y&VPD=Y&VFD=N",2026-08-10
2020-08-31,IUM2WTL,3.78,bank_of_england_iadb,"https://www.bankofengland.co.uk/boeapps/database/_iadb-fromshowcolumns.asp?csv.x=yes&Datefrom=01/Jan/1975&Dateto=now&SeriesCodes=IUDBEDR,IUMBV34,IUMBV37,IUMBV42,IUMBV45,IUM2WTL,IUM5WTL,IUMTLMV&UsingCodes=Y&VPD=Y&VFD=N",2026-08-10
2020-08-31,IUM5WTL,4.07,bank_of_england_iadb,"https://www.bankofengland.co.uk/boeapps/database/_iadb-fromshowcolumns.asp?csv.x=yes&Datefrom=01/Jan/1975&Dateto=now&SeriesCodes=IUDBEDR,IUMBV34,IUMBV37,IUMBV42,IUMBV45,IUM2WTL,IUM5WTL,IUMTLMV&UsingCodes=Y&VPD=Y&VFD=N",2026-08-10
2020-08-31,IUMTLMV,3.65,bank_of_england_iadb,"https://www.bankofengland.co.uk/boeapps/database/_iadb-fromshowcolumns.asp?csv.x=yes&Datefrom=01/Jan/1975&Dateto=now&SeriesCodes=IUDBEDR,IUMBV34,IUMBV37,IUMBV42,IUMBV45,IUM2WTL,IUM5WTL,IUMTLMV&UsingCodes=Y&VPD=Y&VFD=N",2026-08-10
2020-09-30,IUMBV34,1.75,bank_of_england_iadb,"https://www.bankofengland.co.uk/boeapps/database/_iadb-fromshowcolumns.asp?csv.x=yes&Datefrom=01/Jan/1975&Dateto=now&SeriesCodes=IUDBEDR,IUMBV34,IUMBV37,IUMBV42,IUMBV45,IUM2WTL,IUM5WTL,IUMTLMV&UsingCodes=Y&VPD=Y&VFD=N",2026-08-10
2020-09-30,IUMBV37,1.88,bank_of_england_iadb,"https://www.bankofengland.co.uk/boeapps/database/_iadb-fromshowcolumns.asp?csv.x=yes&Datefrom=01/Jan/1975&Dateto=now&SeriesCodes=IUDBEDR,IUMBV34,IUMBV37,IUMBV42,IUMBV45,IUM2WTL,IUM5WTL,IUMTLMV&UsingCodes=Y&VPD=Y&VFD=N",2026-08-10
2020-09-30,IUMBV42,1.92,bank_of_england_iadb,"https://www.bankofengland.co.uk/boeapps/database/_iadb-fromshowcolumns.asp?csv.x=yes&Datefrom=01/Jan/1975&Dateto=now&SeriesCodes=IUDBEDR,IUMBV34,IUMBV37,IUMBV42,IUMBV45,IUM2WTL,IUM5WTL,IUMTLMV&UsingCodes=Y&VPD=Y&VFD=N",2026-08-10
2020-09-30,IUMBV45,2.39,bank_of_england_iadb,"https://www.bankofengland.co.uk/boeapps/database/_iadb-fromshowcolumns.asp?csv.x=yes&Datefrom=01/Jan/1975&Dateto=now&SeriesCodes=IUDBEDR,IUMBV34,IUMBV37,IUMBV42,IUMBV45,IUM2WTL,IUM5WTL,IUMTLMV&UsingCodes=Y&VPD=Y&VFD=N",2026-08-10
2020-09-30,IUM2WTL,3.95,bank_of_england_iadb,"https://www.bankofengland.co.uk/boeapps/database/_iadb-fromshowcolumns.asp?csv.x=yes&Datefrom=01/Jan/1975&Dateto=now&SeriesCodes=IUDBEDR,IUMBV34,IUMBV37,IUMBV42,IUMBV45,IUM2WTL,IUM5WTL,IUMTLMV&UsingCodes=Y&VPD=Y&VFD=N",2026-08-10
2020-09-30,IUM5WTL,4.23,bank_of_england_iadb,"https://www.bankofengland.co.uk/boeapps/database/_iadb-fromshowcolumns.asp?csv.x=yes&Datefrom=01/Jan/1975&Dateto=now&SeriesCodes=IUDBEDR,IUMBV34,IUMBV37,IUMBV42,IUMBV45,IUM2WTL,IUM5WTL,IUMTLMV&UsingCodes=Y&VPD=Y&VFD=N",2026-08-10
2020-09-30,IUMTLMV,3.65,bank_of_england_iadb,"https://www.bankofengland.co.uk/boeapps/database/_iadb-fromshowcolumns.asp?csv.x=yes&Datefrom=01/Jan/1975&Dateto=now&SeriesCodes=IUDBEDR,IUMBV34,IUMBV37,IUMBV42,IUMBV45,IUM2WTL,IUM5WTL,IUMTLMV&UsingCodes=Y&VPD=Y&VFD=N",2026-08-10
2020-10-31,IUMBV34,1.94,bank_of_england_iadb,"https://www.bankofengland.co.uk/boeapps/database/_iadb-fromshowcolumns.asp?csv.x=yes&Datefrom=01/Jan/1975&Dateto=now&SeriesCodes=IUDBEDR,IUMBV34,IUMBV37,IUMBV42,IUMBV45,IUM2WTL,IUM5WTL,IUMTLMV&UsingCodes=Y&VPD=Y&VFD=N",2026-08-10
2020-10-31,IUMBV37,2.01,bank_of_england_iadb,"https://www.bankofengland.co.uk/boeapps/database/_iadb-fromshowcolumns.asp?csv.x=yes&Datefrom=01/Jan/1975&Dateto=now&SeriesCodes=IUDBEDR,IUMBV34,IUMBV37,IUMBV42,IUMBV45,IUM2WTL,IUM5WTL,IUMTLMV&UsingCodes=Y&VPD=Y&VFD=N",2026-08-10
2020-10-31,IUMBV42,2.05,bank_of_england_iadb,"https://www.bankofengland.co.uk/boeapps/database/_iadb-fromshowcolumns.asp?csv.x=yes&Datefrom=01/Jan/1975&Dateto=now&SeriesCodes=IUDBEDR,IUMBV34,IUMBV37,IUMBV42,IUMBV45,IUM2WTL,IUM5WTL,IUMTLMV&UsingCodes=Y&VPD=Y&VFD=N",2026-08-10
2020-10-31,IUMBV45,2.46,bank_of_england_iadb,"https://www.bankofengland.co.uk/boeapps/database/_iadb-fromshowcolumns.asp?csv.x=yes&Datefrom=01/Jan/1975&Dateto=now&SeriesCodes=IUDBEDR,IUMBV34,IUMBV37,IUMBV42,IUMBV45,IUM2WTL,IUM5WTL,IUMTLMV&UsingCodes=Y&VPD=Y&VFD=N",2026-08-10
2020-10-31,IUM2WTL,4.13,bank_of_england_iadb,"https://www.bankofengland.co.uk/boeapps/database/_iadb-fromshowcolumns.asp?csv.x=yes&Datefrom=01/Jan/1975&Dateto=now&SeriesCodes=IUDBEDR,IUMBV34,IUMBV37,IUMBV42,IUMBV45,IUM2WTL,IUM5WTL,IUMTLMV&UsingCodes=Y&VPD=Y&VFD=N",2026-08-10
2020-10-31,IUM5WTL,4.21,bank_of_england_iadb,"https://www.bankofengland.co.uk/boeapps/database/_iadb-fromshowcolumns.asp?csv.x=yes&Datefrom=01/Jan/1975&Dateto=now&SeriesCodes=IUDBEDR,IUMBV34,IUMBV37,IUMBV42,IUMBV45,IUM2WTL,IUM5WTL,IUMTLMV&UsingCodes=Y&VPD=Y&VFD=N",2026-08-10
2020-10-31,IUMTLMV,3.64,bank_of_england_iadb,"https://www.bankofengland.co.uk/boeapps/database/_iadb-fromshowcolumns.asp?csv.x=yes&Datefrom=01/Jan/1975&Dateto=now&SeriesCodes=IUDBEDR,IUMBV34,IUMBV37,IUMBV42,IUMBV45,IUM2WTL,IUM5WTL,IUMTLMV&UsingCodes=Y&VPD=Y&VFD=N",2026-08-10
2020-11-30,IUMBV34,1.92,bank_of_england_iadb,"https://www.bankofengland.co.uk/boeapps/database/_iadb-fromshowcolumns.asp?csv.x=yes&Datefrom=01/Jan/1975&Dateto=now&SeriesCodes=IUDBEDR,IUMBV34,IUMBV37,IUMBV42,IUMBV45,IUM2WTL,IUM5WTL,IUMTLMV&UsingCodes=Y&VPD=Y&VFD=N",2026-08-10
2020-11-30,IUMBV37,2.05,bank_of_england_iadb,"https://www.bankofengland.co.uk/boeapps/database/_iadb-fromshowcolumns.asp?csv.x=yes&Datefrom=01/Jan/1975&Dateto=now&SeriesCodes=IUDBEDR,IUMBV34,IUMBV37,IUMBV42,IUMBV45,IUM2WTL,IUM5WTL,IUMTLMV&UsingCodes=Y&VPD=Y&VFD=N",2026-08-10
2020-11-30,IUMBV42,2.05,bank_of_england_iadb,"https://www.bankofengland.co.uk/boeapps/database/_iadb-fromshowcolumns.asp?csv.x=yes&Datefrom=01/Jan/1975&Dateto=now&SeriesCodes=IUDBEDR,IUMBV34,IUMBV37,IUMBV42,IUMBV45,IUM2WTL,IUM5WTL,IUMTLMV&UsingCodes=Y&VPD=Y&VFD=N",2026-08-10
2020-11-30,IUMBV45,2.52,bank_of_england_iadb,"https://www.bankofengland.co.uk/boeapps/database/_iadb-fromshowcolumns.asp?csv.x=yes&Datefrom=01/Jan/1975&Dateto=now&SeriesCodes=IUDBEDR,IUMBV34,IUMBV37,IUMBV42,IUMBV45,IUM2WTL,IUM5WTL,IUMTLMV&UsingCodes=Y&VPD=Y&VFD=N",2026-08-10
2020-11-30,IUM2WTL,4.2,bank_of_england_iadb,"https://www.bankofengland.co.uk/boeapps/database/_iadb-fromshowcolumns.asp?csv.x=yes&Datefrom=01/Jan/1975&Dateto=now&SeriesCodes=IUDBEDR,IUMBV34,IUMBV37,IUMBV42,IUMBV45,IUM2WTL,IUM5WTL,IUMTLMV&UsingCodes=Y&VPD=Y&VFD=N",2026-08-10
2020-11-30,IUM5WTL,4.37,bank_of_england_iadb,"https://www.bankofengland.co.uk/boeapps/database/_iadb-fromshowcolumns.asp?csv.x=yes&Datefrom=01/Jan/1975&Dateto=now&SeriesCodes=IUDBEDR,IUMBV34,IUMBV37,IUMBV42,IUMBV45,IUM2WTL,IUM5WTL,IUMTLMV&UsingCodes=Y&VPD=Y&VFD=N",2026-08-10
2020-11-30,IUMTLMV,3.62,bank_of_england_iadb,"https://www.bankofengland.co.uk/boeapps/database/_iadb-fromshowcolumns.asp?csv.x=yes&Datefrom=01/Jan/1975&Dateto=now&SeriesCodes=IUDBEDR,IUMBV34,IUMBV37,IUMBV42,IUMBV45,IUM2WTL,IUM5WTL,IUMTLMV&UsingCodes=Y&VPD=Y&VFD=N",2026-08-10
2020-12-31,IUMBV34,1.86,bank_of_england_iadb,"https://www.bankofengland.co.uk/boeapps/database/_iadb-fromshowcolumns.asp?csv.x=yes&Datefrom=01/Jan/1975&Dateto=now&SeriesCodes=IUDBEDR,IUMBV34,IUMBV37,IUMBV42,IUMBV45,IUM2WTL,IUM5WTL,IUMTLMV&UsingCodes=Y&VPD=Y&VFD=N",2026-08-10
2020-12-31,IUMBV37,2.04,bank_of_england_iadb,"https://www.bankofengland.co.uk/boeapps/database/_iadb-fromshowcolumns.asp?csv.x=yes&Datefrom=01/Jan/1975&Dateto=now&SeriesCodes=IUDBEDR,IUMBV34,IUMBV37,IUMBV42,IUMBV45,IUM2WTL,IUM5WTL,IUMTLMV&UsingCodes=Y&VPD=Y&VFD=N",2026-08-10
2020-12-31,IUMBV42,2.0,bank_of_england_iadb,"https://www.bankofengland.co.uk/boeapps/database/_iadb-fromshowcolumns.asp?csv.x=yes&Datefrom=01/Jan/1975&Dateto=now&SeriesCodes=IUDBEDR,IUMBV34,IUMBV37,IUMBV42,IUMBV45,IUM2WTL,IUM5WTL,IUMTLMV&UsingCodes=Y&VPD=Y&VFD=N",2026-08-10
2020-12-31,IUMBV45,2.53,bank_of_england_iadb,"https://www.bankofengland.co.uk/boeapps/database/_iadb-fromshowcolumns.asp?csv.x=yes&Datefrom=01/Jan/1975&Dateto=now&SeriesCodes=IUDBEDR,IUMBV34,IUMBV37,IUMBV42,IUMBV45,IUM2WTL,IUM5WTL,IUMTLMV&UsingCodes=Y&VPD=Y&VFD=N",2026-08-10
2020-12-31,IUM2WTL,4.2,bank_of_england_iadb,"https://www.bankofengland.co.uk/boeapps/database/_iadb-fromshowcolumns.asp?csv.x=yes&Datefrom=01/Jan/1975&Dateto=now&SeriesCodes=IUDBEDR,IUMBV34,IUMBV37,IUMBV42,IUMBV45,IUM2WTL,IUM5WTL,IUMTLMV&UsingCodes=Y&VPD=Y&VFD=N",2026-08-10
2020-12-31,IUM5WTL,4.37,bank_of_england_iadb,"https://www.bankofengland.co.uk/boeapps/database/_iadb-fromshowcolumns.asp?csv.x=yes&Datefrom=01/Jan/1975&Dateto=now&SeriesCodes=IUDBEDR,IUMBV34,IUMBV37,IUMBV42,IUMBV45,IUM2WTL,IUM5WTL,IUMTLMV&UsingCodes=Y&VPD=Y&VFD=N",2026-08-10
2020-12-31,IUMTLMV,3.62,bank_of_england_iadb,"https://www.bankofengland.co.uk/boeapps/database/_iadb-fromshowcolumns.asp?csv.x=yes&Datefrom=01/Jan/1975&Dateto=now&SeriesCodes=IUDBEDR,IUMBV34,IUMBV37,IUMBV42,IUMBV45,IUM2WTL,IUM5WTL,IUMTLMV&UsingCodes=Y&VPD=Y&VFD=N",2026-08-10
2021-01-31,IUMBV34,1.75,bank_of_england_iadb,"https://www.bankofengland.co.uk/boeapps/database/_iadb-fromshowcolumns.asp?csv.x=yes&Datefrom=01/Jan/1975&Dateto=now&SeriesCodes=IUDBEDR,IUMBV34,IUMBV37,IUMBV42,IUMBV45,IUM2WTL,IUM5WTL,IUMTLMV&UsingCodes=Y&VPD=Y&VFD=N",2026-08-10
2021-01-31,IUMBV37,2.1,bank_of_england_iadb,"https://www.bankofengland.co.uk/boeapps/database/_iadb-fromshowcolumns.asp?csv.x=yes&Datefrom=01/Jan/1975&Dateto=now&SeriesCodes=IUDBEDR,IUMBV34,IUMBV37,IUMBV42,IUMBV45,IUM2WTL,IUM5WTL,IUMTLMV&UsingCodes=Y&VPD=Y&VFD=N",2026-08-10
2021-01-31,IUMBV42,1.92,bank_of_england_iadb,"https://www.bankofengland.co.uk/boeapps/database/_iadb-fromshowcolumns.asp?csv.x=yes&Datefrom=01/Jan/1975&Dateto=now&SeriesCodes=IUDBEDR,IUMBV34,IUMBV37,IUMBV42,IUMBV45,IUM2WTL,IUM5WTL,IUMTLMV&UsingCodes=Y&VPD=Y&VFD=N",2026-08-10
2021-01-31,IUMBV45,2.54,bank_of_england_iadb,"https://www.bankofengland.co.uk/boeapps/database/_iadb-fromshowcolumns.asp?csv.x=yes&Datefrom=01/Jan/1975&Dateto=now&SeriesCodes=IUDBEDR,IUMBV34,IUMBV37,IUMBV42,IUMBV45,IUM2WTL,IUM5WTL,IUMTLMV&UsingCodes=Y&VPD=Y&VFD=N",2026-08-10
2021-01-31,IUM2WTL,4.16,bank_of_england_iadb,"https://www.bankofengland.co.uk/boeapps/database/_iadb-fromshowcolumns.asp?csv.x=yes&Datefrom=01/Jan/1975&Dateto=now&SeriesCodes=IUDBEDR,IUMBV34,IUMBV37,IUMBV42,IUMBV45,IUM2WTL,IUM5WTL,IUMTLMV&UsingCodes=Y&VPD=Y&VFD=N",2026-08-10
2021-01-31,IUM5WTL,4.41,bank_of_england_iadb,"https://www.bankofengland.co.uk/boeapps/database/_iadb-fromshowcolumns.asp?csv.x=yes&Datefrom=01/Jan/1975&Dateto=now&SeriesCodes=IUDBEDR,IUMBV34,IUMBV37,IUMBV42,IUMBV45,IUM2WTL,IUM5WTL,IUMTLMV&UsingCodes=Y&VPD=Y&VFD=N",2026-08-10
2021-01-31,IUMTLMV,3.62,bank_of_england_iadb,"https://www.bankofengland.co.uk/boeapps/database/_iadb-fromshowcolumns.asp?csv.x=yes&Datefrom=01/Jan/1975&Dateto=now&SeriesCodes=IUDBEDR,IUMBV34,IUMBV37,IUMBV42,IUMBV45,IUM2WTL,IUM5WTL,IUMTLMV&UsingCodes=Y&VPD=Y&VFD=N",2026-08-10
2021-02-28,IUMBV34,1.61,bank_of_england_iadb,"https://www.bankofengland.co.uk/boeapps/database/_iadb-fromshowcolumns.asp?csv.x=yes&Datefrom=01/Jan/1975&Dateto=now&SeriesCodes=IUDBEDR,IUMBV34,IUMBV37,IUMBV42,IUMBV45,IUM2WTL,IUM5WTL,IUMTLMV&UsingCodes=Y&VPD=Y&VFD=N",2026-08-10
2021-02-28,IUMBV37,1.75,bank_of_england_iadb,"https://www.bankofengland.co.uk/boeapps/database/_iadb-fromshowcolumns.asp?csv.x=yes&Datefrom=01/Jan/1975&Dateto=now&SeriesCodes=IUDBEDR,IUMBV34,IUMBV37,IUMBV42,IUMBV45,IUM2WTL,IUM5WTL,IUMTLMV&UsingCodes=Y&VPD=Y&VFD=N",2026-08-10
2021-02-28,IUMBV42,1.8,bank_of_england_iadb,"https://www.bankofengland.co.uk/boeapps/database/_iadb-fromshowcolumns.asp?csv.x=yes&Datefrom=01/Jan/1975&Dateto=now&SeriesCodes=IUDBEDR,IUMBV34,IUMBV37,IUMBV42,IUMBV45,IUM2WTL,IUM5WTL,IUMTLMV&UsingCodes=Y&VPD=Y&VFD=N",2026-08-10
2021-02-28,IUMBV45,2.55,bank_of_england_iadb,"https://www.bankofengland.co.uk/boeapps/database/_iadb-fromshowcolumns.asp?csv.x=yes&Datefrom=01/Jan/1975&Dateto=now&SeriesCodes=IUDBEDR,IUMBV34,IUMBV37,IUMBV42,IUMBV45,IUM2WTL,IUM5WTL,IUMTLMV&UsingCodes=Y&VPD=Y&VFD=N",2026-08-10
2021-02-28,IUM2WTL,4.1,bank_of_england_iadb,"https://www.bankofengland.co.uk/boeapps/database/_iadb-fromshowcolumns.asp?csv.x=yes&Datefrom=01/Jan/1975&Dateto=now&SeriesCodes=IUDBEDR,IUMBV34,IUMBV37,IUMBV42,IUMBV45,IUM2WTL,IUM5WTL,IUMTLMV&UsingCodes=Y&VPD=Y&VFD=N",2026-08-10
2021-02-28,IUM5WTL,4.41,bank_of_england_iadb,"https://www.bankofengland.co.uk/boeapps/database/_iadb-fromshowcolumns.asp?csv.x=yes&Datefrom=01/Jan/1975&Dateto=now&SeriesCodes=IUDBEDR,IUMBV34,IUMBV37,IUMBV42,IUMBV45,IUM2WTL,IUM5WTL,IUMTLMV&UsingCodes=Y&VPD=Y&VFD=N",2026-08-10
2021-02-28,IUMTLMV,3.62,bank_of_england_iadb,"https://www.bankofengland.co.uk/boeapps/database/_iadb-fromshowcolumns.asp?csv.x=yes&Datefrom=01/Jan/1975&Dateto=now&SeriesCodes=IUDBEDR,IUMBV34,IUMBV37,IUMBV42,IUMBV45,IUM2WTL,IUM5WTL,IUMTLMV&UsingCodes=Y&VPD=Y&VFD=N",2026-08-10
2021-03-31,IUMBV34,1.56,bank_of_england_iadb,"https://www.bankofengland.co.uk/boeapps/database/_iadb-fromshowcolumns.asp?csv.x=yes&Datefrom=01/Jan/1975&Dateto=now&SeriesCodes=IUDBEDR,IUMBV34,IUMBV37,IUMBV42,IUMBV45,IUM2WTL,IUM5WTL,IUMTLMV&UsingCodes=Y&VPD=Y&VFD=N",2026-08-10
2021-03-31,IUMBV37,1.71,bank_of_england_iadb,"https://www.bankofengland.co.uk/boeapps/database/_iadb-fromshowcolumns.asp?csv.x=yes&Datefrom=01/Jan/1975&Dateto=now&SeriesCodes=IUDBEDR,IUMBV34,IUMBV37,IUMBV42,IUMBV45,IUM2WTL,IUM5WTL,IUMTLMV&UsingCodes=Y&VPD=Y&VFD=N",2026-08-10
2021-03-31,IUMBV42,1.74,bank_of_england_iadb,"https://www.bankofengland.co.uk/boeapps/database/_iadb-fromshowcolumns.asp?csv.x=yes&Datefrom=01/Jan/1975&Dateto=now&SeriesCodes=IUDBEDR,IUMBV34,IUMBV37,IUMBV42,IUMBV45,IUM2WTL,IUM5WTL,IUMTLMV&UsingCodes=Y&VPD=Y&VFD=N",2026-08-10
2021-03-31,IUMBV45,2.55,bank_of_england_iadb,"https://www.bankofengland.co.uk/boeapps/database/_iadb-fromshowcolumns.asp?csv.x=yes&Datefrom=01/Jan/1975&Dateto=now&SeriesCodes=IUDBEDR,IUMBV34,IUMBV37,IUMBV42,IUMBV45,IUM2WTL,IUM5WTL,IUMTLMV&UsingCodes=Y&VPD=Y&VFD=N",2026-08-10
2021-03-31,IUM2WTL,4.16,bank_of_england_iadb,"https://www.bankofengland.co.uk/boeapps/database/_iadb-fromshowcolumns.asp?csv.x=yes&Datefrom=01/Jan/1975&Dateto=now&SeriesCodes=IUDBEDR,IUMBV34,IUMBV37,IUMBV42,IUMBV45,IUM2WTL,IUM5WTL,IUMTLMV&UsingCodes=Y&VPD=Y&VFD=N",2026-08-10
2021-03-31,IUM5WTL,4.3,bank_of_england_iadb,"https://www.bankofengland.co.uk/boeapps/database/_iadb-fromshowcolumns.asp?csv.x=yes&Datefrom=01/Jan/1975&Dateto=now&SeriesCodes=IUDBEDR,IUMBV34,IUMBV37,IUMBV42,IUMBV45,IUM2WTL,IUM5WTL,IUMTLMV&UsingCodes=Y&VPD=Y&VFD=N",2026-08-10
2021-03-31,IUMTLMV,3.62,bank_of_england_iadb,"https://www.bankofengland.co.uk/boeapps/database/_iadb-fromshowcolumns.asp?csv.x=yes&Datefrom=01/Jan/1975&Dateto=now&SeriesCodes=IUDBEDR,IUMBV34,IUMBV37,IUMBV42,IUMBV45,IUM2WTL,IUM5WTL,IUMTLMV&UsingCodes=Y&VPD=Y&VFD=N",2026-08-10
2021-04-30,IUMBV34,1.49,bank_of_england_iadb,"https://www.bankofengland.co.uk/boeapps/database/_iadb-fromshowcolumns.asp?csv.x=yes&Datefrom=01/Jan/1975&Dateto=now&SeriesCodes=IUDBEDR,IUMBV34,IUMBV37,IUMBV42,IUMBV45,IUM2WTL,IUM5WTL,IUMTLMV&UsingCodes=Y&VPD=Y&VFD=N",2026-08-10
2021-04-30,IUMBV37,1.71,bank_of_england_iadb,"https://www.bankofengland.co.uk/boeapps/database/_iadb-fromshowcolumns.asp?csv.x=yes&Datefrom=01/Jan/1975&Dateto=now&SeriesCodes=IUDBEDR,IUMBV34,IUMBV37,IUMBV42,IUMBV45,IUM2WTL,IUM5WTL,IUMTLMV&UsingCodes=Y&VPD=Y&VFD=N",2026-08-10
2021-04-30,IUMBV42,1.71,bank_of_england_iadb,"https://www.bankofengland.co.uk/boeapps/database/_iadb-fromshowcolumns.asp?csv.x=yes&Datefrom=01/Jan/1975&Dateto=now&SeriesCodes=IUDBEDR,IUMBV34,IUMBV37,IUMBV42,IUMBV45,IUM2WTL,IUM5WTL,IUMTLMV&UsingCodes=Y&VPD=Y&VFD=N",2026-08-10
2021-04-30,IUMBV45,2.59,bank_of_england_iadb,"https://www.bankofengland.co.uk/boeapps/database/_iadb-fromshowcolumns.asp?csv.x=yes&Datefrom=01/Jan/1975&Dateto=now&SeriesCodes=IUDBEDR,IUMBV34,IUMBV37,IUMBV42,IUMBV45,IUM2WTL,IUM5WTL,IUMTLMV&UsingCodes=Y&VPD=Y&VFD=N",2026-08-10
2021-04-30,IUM2WTL,4.01,bank_of_england_iadb,"https://www.bankofengland.co.uk/boeapps/database/_iadb-fromshowcolumns.asp?csv.x=yes&Datefrom=01/Jan/1975&Dateto=now&SeriesCodes=IUDBEDR,IUMBV34,IUMBV37,IUMBV42,IUMBV45,IUM2WTL,IUM5WTL,IUMTLMV&UsingCodes=Y&VPD=Y&VFD=N",2026-08-10
2021-04-30,IUM5WTL,4.11,bank_of_england_iadb,"https://www.bankofengland.co.uk/boeapps/database/_iadb-fromshowcolumns.asp?csv.x=yes&Datefrom=01/Jan/1975&Dateto=now&SeriesCodes=IUDBEDR,IUMBV34,IUMBV37,IUMBV42,IUMBV45,IUM2WTL,IUM5WTL,IUMTLMV&UsingCodes=Y&VPD=Y&VFD=N",2026-08-10
2021-04-30,IUMTLMV,3.61,bank_of_england_iadb,"https://www.bankofengland.co.uk/boeapps/database/_iadb-fromshowcolumns.asp?csv.x=yes&Datefrom=01/Jan/1975&Dateto=now&SeriesCodes=IUDBEDR,IUMBV34,IUMBV37,IUMBV42,IUMBV45,IUM2WTL,IUM5WTL,IUMTLMV&UsingCodes=Y&VPD=Y&VFD=N",2026-08-10
2021-05-31,IUMBV34,1.47,bank_of_england_iadb,"https://www.bankofengland.co.uk/boeapps/database/_iadb-fromshowcolumns.asp?csv.x=yes&Datefrom=01/Jan/1975&Dateto=now&SeriesCodes=IUDBEDR,IUMBV34,IUMBV37,IUMBV42,IUMBV45,IUM2WTL,IUM5WTL,IUMTLMV&UsingCodes=Y&VPD=Y&VFD=N",2026-08-10
2021-05-31,IUMBV37,1.71,bank_of_england_iadb,"https://www.bankofengland.co.uk/boeapps/database/_iadb-fromshowcolumns.asp?csv.x=yes&Datefrom=01/Jan/1975&Dateto=now&SeriesCodes=IUDBEDR,IUMBV34,IUMBV37,IUMBV42,IUMBV45,IUM2WTL,IUM5WTL,IUMTLMV&UsingCodes=Y&VPD=Y&VFD=N",2026-08-10
2021-05-31,IUMBV42,1.68,bank_of_england_iadb,"https://www.bankofengland.co.uk/boeapps/database/_iadb-fromshowcolumns.asp?csv.x=yes&Datefrom=01/Jan/1975&Dateto=now&SeriesCodes=IUDBEDR,IUMBV34,IUMBV37,IUMBV42,IUMBV45,IUM2WTL,IUM5WTL,IUMTLMV&UsingCodes=Y&VPD=Y&VFD=N",2026-08-10
2021-05-31,IUMBV45,2.59,bank_of_england_iadb,"https://www.bankofengland.co.uk/boeapps/database/_iadb-fromshowcolumns.asp?csv.x=yes&Datefrom=01/Jan/1975&Dateto=now&SeriesCodes=IUDBEDR,IUMBV34,IUMBV37,IUMBV42,IUMBV45,IUM2WTL,IUM5WTL,IUMTLMV&UsingCodes=Y&VPD=Y&VFD=N",2026-08-10
2021-05-31,IUM2WTL,3.88,bank_of_england_iadb,"https://www.bankofengland.co.uk/boeapps/database/_iadb-fromshowcolumns.asp?csv.x=yes&Datefrom=01/Jan/1975&Dateto=now&SeriesCodes=IUDBEDR,IUMBV34,IUMBV37,IUMBV42,IUMBV45,IUM2WTL,IUM5WTL,IUMTLMV&UsingCodes=Y&VPD=Y&VFD=N",2026-08-10
2021-05-31,IUM5WTL,4.02,bank_of_england_iadb,"https://www.bankofengland.co.uk/boeapps/database/_iadb-fromshowcolumns.asp?csv.x=yes&Datefrom=01/Jan/1975&Dateto=now&SeriesCodes=IUDBEDR,IUMBV34,IUMBV37,IUMBV42,IUMBV45,IUM2WTL,IUM5WTL,IUMTLMV&UsingCodes=Y&VPD=Y&VFD=N",2026-08-10
2021-05-31,IUMTLMV,3.61,bank_of_england_iadb,"https://www.bankofengland.co.uk/boeapps/database/_iadb-fromshowcolumns.asp?csv.x=yes&Datefrom=01/Jan/1975&Dateto=now&SeriesCodes=IUDBEDR,IUMBV34,IUMBV37,IUMBV42,IUMBV45,IUM2WTL,IUM5WTL,IUMTLMV&UsingCodes=Y&VPD=Y&VFD=N",2026-08-10
2021-06-30,IUMBV34,1.39,bank_of_england_iadb,"https://www.bankofengland.co.uk/boeapps/database/_iadb-fromshowcolumns.asp?csv.x=yes&Datefrom=01/Jan/1975&Dateto=now&SeriesCodes=IUDBEDR,IUMBV34,IUMBV37,IUMBV42,IUMBV45,IUM2WTL,IUM5WTL,IUMTLMV&UsingCodes=Y&VPD=Y&VFD=N",2026-08-10
2021-06-30,IUMBV37,1.66,bank_of_england_iadb,"https://www.bankofengland.co.uk/boeapps/database/_iadb-fromshowcolumns.asp?csv.x=yes&Datefrom=01/Jan/1975&Dateto=now&SeriesCodes=IUDBEDR,IUMBV34,IUMBV37,IUMBV42,IUMBV45,IUM2WTL,IUM5WTL,IUMTLMV&UsingCodes=Y&VPD=Y&VFD=N",2026-08-10
2021-06-30,IUMBV42,1.6,bank_of_england_iadb,"https://www.bankofengland.co.uk/boeapps/database/_iadb-fromshowcolumns.asp?csv.x=yes&Datefrom=01/Jan/1975&Dateto=now&SeriesCodes=IUDBEDR,IUMBV34,IUMBV37,IUMBV42,IUMBV45,IUM2WTL,IUM5WTL,IUMTLMV&UsingCodes=Y&VPD=Y&VFD=N",2026-08-10
2021-06-30,IUMBV45,2.59,bank_of_england_iadb,"https://www.bankofengland.co.uk/boeapps/database/_iadb-fromshowcolumns.asp?csv.x=yes&Datefrom=01/Jan/1975&Dateto=now&SeriesCodes=IUDBEDR,IUMBV34,IUMBV37,IUMBV42,IUMBV45,IUM2WTL,IUM5WTL,IUMTLMV&UsingCodes=Y&VPD=Y&VFD=N",2026-08-10
2021-06-30,IUM2WTL,3.74,bank_of_england_iadb,"https://www.bankofengland.co.uk/boeapps/database/_iadb-fromshowcolumns.asp?csv.x=yes&Datefrom=01/Jan/1975&Dateto=now&SeriesCodes=IUDBEDR,IUMBV34,IUMBV37,IUMBV42,IUMBV45,IUM2WTL,IUM5WTL,IUMTLMV&UsingCodes=Y&VPD=Y&VFD=N",2026-08-10
2021-06-30,IUM5WTL,3.91,bank_of_england_iadb,"https://www.bankofengland.co.uk/boeapps/database/_iadb-fromshowcolumns.asp?csv.x=yes&Datefrom=01/Jan/1975&Dateto=now&SeriesCodes=IUDBEDR,IUMBV34,IUMBV37,IUMBV42,IUMBV45,IUM2WTL,IUM5WTL,IUMTLMV&UsingCodes=Y&VPD=Y&VFD=N",2026-08-10
2021-06-30,IUMTLMV,3.61,bank_of_england_iadb,"https://www.bankofengland.co.uk/boeapps/database/_iadb-fromshowcolumns.asp?csv.x=yes&Datefrom=01/Jan/1975&Dateto=now&SeriesCodes=IUDBEDR,IUMBV34,IUMBV37,IUMBV42,IUMBV45,IUM2WTL,IUM5WTL,IUMTLMV&UsingCodes=Y&VPD=Y&VFD=N",2026-08-10
2021-07-31,IUMBV34,1.29,bank_of_england_iadb,"https://www.bankofengland.co.uk/boeapps/database/_iadb-fromshowcolumns.asp?csv.x=yes&Datefrom=01/Jan/1975&Dateto=now&SeriesCodes=IUDBEDR,IUMBV34,IUMBV37,IUMBV42,IUMBV45,IUM2WTL,IUM5WTL,IUMTLMV&UsingCodes=Y&VPD=Y&VFD=N",2026-08-10
2021-07-31,IUMBV37,1.51,bank_of_england_iadb,"https://www.bankofengland.co.uk/boeapps/database/_iadb-fromshowcolumns.asp?csv.x=yes&Datefrom=01/Jan/1975&Dateto=now&SeriesCodes=IUDBEDR,IUMBV34,IUMBV37,IUMBV42,IUMBV45,IUM2WTL,IUM5WTL,IUMTLMV&UsingCodes=Y&VPD=Y&VFD=N",2026-08-10
2021-07-31,IUMBV42,1.45,bank_of_england_iadb,"https://www.bankofengland.co.uk/boeapps/database/_iadb-fromshowcolumns.asp?csv.x=yes&Datefrom=01/Jan/1975&Dateto=now&SeriesCodes=IUDBEDR,IUMBV34,IUMBV37,IUMBV42,IUMBV45,IUM2WTL,IUM5WTL,IUMTLMV&UsingCodes=Y&VPD=Y&VFD=N",2026-08-10
2021-07-31,IUMBV45,2.58,bank_of_england_iadb,"https://www.bankofengland.co.uk/boeapps/database/_iadb-fromshowcolumns.asp?csv.x=yes&Datefrom=01/Jan/1975&Dateto=now&SeriesCodes=IUDBEDR,IUMBV34,IUMBV37,IUMBV42,IUMBV45,IUM2WTL,IUM5WTL,IUMTLMV&UsingCodes=Y&VPD=Y&VFD=N",2026-08-10
2021-07-31,IUM2WTL,3.53,bank_of_england_iadb,"https://www.bankofengland.co.uk/boeapps/database/_iadb-fromshowcolumns.asp?csv.x=yes&Datefrom=01/Jan/1975&Dateto=now&SeriesCodes=IUDBEDR,IUMBV34,IUMBV37,IUMBV42,IUMBV45,IUM2WTL,IUM5WTL,IUMTLMV&UsingCodes=Y&VPD=Y&VFD=N",2026-08-10
2021-07-31,IUM5WTL,3.77,bank_of_england_iadb,"https://www.bankofengland.co.uk/boeapps/database/_iadb-fromshowcolumns.asp?csv.x=yes&Datefrom=01/Jan/1975&Dateto=now&SeriesCodes=IUDBEDR,IUMBV34,IUMBV37,IUMBV42,IUMBV45,IUM2WTL,IUM5WTL,IUMTLMV&UsingCodes=Y&VPD=Y&VFD=N",2026-08-10
2021-07-31,IUMTLMV,3.61,bank_of_england_iadb,"https://www.bankofengland.co.uk/boeapps/database/_iadb-fromshowcolumns.asp?csv.x=yes&Datefrom=01/Jan/1975&Dateto=now&SeriesCodes=IUDBEDR,IUMBV34,IUMBV37,IUMBV42,IUMBV45,IUM2WTL,IUM5WTL,IUMTLMV&UsingCodes=Y&VPD=Y&VFD=N",2026-08-10
2021-08-31,IUMBV34,1.23,bank_of_england_iadb,"https://www.bankofengland.co.uk/boeapps/database/_iadb-fromshowcolumns.asp?csv.x=yes&Datefrom=01/Jan/1975&Dateto=now&SeriesCodes=IUDBEDR,IUMBV34,IUMBV37,IUMBV42,IUMBV45,IUM2WTL,IUM5WTL,IUMTLMV&UsingCodes=Y&VPD=Y&VFD=N",2026-08-10
2021-08-31,IUMBV37,1.39,bank_of_england_iadb,"https://www.bankofengland.co.uk/boeapps/database/_iadb-fromshowcolumns.asp?csv.x=yes&Datefrom=01/Jan/1975&Dateto=now&SeriesCodes=IUDBEDR,IUMBV34,IUMBV37,IUMBV42,IUMBV45,IUM2WTL,IUM5WTL,IUMTLMV&UsingCodes=Y&VPD=Y&VFD=N",2026-08-10
2021-08-31,IUMBV42,1.39,bank_of_england_iadb,"https://www.bankofengland.co.uk/boeapps/database/_iadb-fromshowcolumns.asp?csv.x=yes&Datefrom=01/Jan/1975&Dateto=now&SeriesCodes=IUDBEDR,IUMBV34,IUMBV37,IUMBV42,IUMBV45,IUM2WTL,IUM5WTL,IUMTLMV&UsingCodes=Y&VPD=Y&VFD=N",2026-08-10
2021-08-31,IUMBV45,2.59,bank_of_england_iadb,"https://www.bankofengland.co.uk/boeapps/database/_iadb-fromshowcolumns.asp?csv.x=yes&Datefrom=01/Jan/1975&Dateto=now&SeriesCodes=IUDBEDR,IUMBV34,IUMBV37,IUMBV42,IUMBV45,IUM2WTL,IUM5WTL,IUMTLMV&UsingCodes=Y&VPD=Y&VFD=N",2026-08-10
2021-08-31,IUM2WTL,3.43,bank_of_england_iadb,"https://www.bankofengland.co.uk/boeapps/database/_iadb-fromshowcolumns.asp?csv.x=yes&Datefrom=01/Jan/1975&Dateto=now&SeriesCodes=IUDBEDR,IUMBV34,IUMBV37,IUMBV42,IUMBV45,IUM2WTL,IUM5WTL,IUMTLMV&UsingCodes=Y&VPD=Y&VFD=N",2026-08-10
2021-08-31,IUM5WTL,3.63,bank_of_england_iadb,"https://www.bankofengland.co.uk/boeapps/database/_iadb-fromshowcolumns.asp?csv.x=yes&Datefrom=01/Jan/1975&Dateto=now&SeriesCodes=IUDBEDR,IUMBV34,IUMBV37,IUMBV42,IUMBV45,IUM2WTL,IUM5WTL,IUMTLMV&UsingCodes=Y&VPD=Y&VFD=N",2026-08-10
2021-08-31,IUMTLMV,3.61,bank_of_england_iadb,"https://www.bankofengland.co.uk/boeapps/database/_iadb-fromshowcolumns.asp?csv.x=yes&Datefrom=01/Jan/1975&Dateto=now&SeriesCodes=IUDBEDR,IUMBV34,IUMBV37,IUMBV42,IUMBV45,IUM2WTL,IUM5WTL,IUMTLMV&UsingCodes=Y&VPD=Y&VFD=N",2026-08-10
2021-09-30,IUMBV34,1.2,bank_of_england_iadb,"https://www.bankofengland.co.uk/boeapps/database/_iadb-fromshowcolumns.asp?csv.x=yes&Datefrom=01/Jan/1975&Dateto=now&SeriesCodes=IUDBEDR,IUMBV34,IUMBV37,IUMBV42,IUMBV45,IUM2WTL,IUM5WTL,IUMTLMV&UsingCodes=Y&VPD=Y&VFD=N",2026-08-10
2021-09-30,IUMBV37,1.18,bank_of_england_iadb,"https://www.bankofengland.co.uk/boeapps/database/_iadb-fromshowcolumns.asp?csv.x=yes&Datefrom=01/Jan/1975&Dateto=now&SeriesCodes=IUDBEDR,IUMBV34,IUMBV37,IUMBV42,IUMBV45,IUM2WTL,IUM5WTL,IUMTLMV&UsingCodes=Y&VPD=Y&VFD=N",2026-08-10
2021-09-30,IUMBV42,1.28,bank_of_england_iadb,"https://www.bankofengland.co.uk/boeapps/database/_iadb-fromshowcolumns.asp?csv.x=yes&Datefrom=01/Jan/1975&Dateto=now&SeriesCodes=IUDBEDR,IUMBV34,IUMBV37,IUMBV42,IUMBV45,IUM2WTL,IUM5WTL,IUMTLMV&UsingCodes=Y&VPD=Y&VFD=N",2026-08-10
2021-09-30,IUMBV45,2.59,bank_of_england_iadb,"https://www.bankofengland.co.uk/boeapps/database/_iadb-fromshowcolumns.asp?csv.x=yes&Datefrom=01/Jan/1975&Dateto=now&SeriesCodes=IUDBEDR,IUMBV34,IUMBV37,IUMBV42,IUMBV45,IUM2WTL,IUM5WTL,IUMTLMV&UsingCodes=Y&VPD=Y&VFD=N",2026-08-10
2021-09-30,IUM2WTL,3.22,bank_of_england_iadb,"https://www.bankofengland.co.uk/boeapps/database/_iadb-fromshowcolumns.asp?csv.x=yes&Datefrom=01/Jan/1975&Dateto=now&SeriesCodes=IUDBEDR,IUMBV34,IUMBV37,IUMBV42,IUMBV45,IUM2WTL,IUM5WTL,IUMTLMV&UsingCodes=Y&VPD=Y&VFD=N",2026-08-10
2021-09-30,IUM5WTL,3.46,bank_of_england_iadb,"https://www.bankofengland.co.uk/boeapps/database/_iadb-fromshowcolumns.asp?csv.x=yes&Datefrom=01/Jan/1975&Dateto=now&SeriesCodes=IUDBEDR,IUMBV34,IUMBV37,IUMBV42,IUMBV45,IUM2WTL,IUM5WTL,IUMTLMV&UsingCodes=Y&VPD=Y&VFD=N",2026-08-10
2021-09-30,IUMTLMV,3.61,bank_of_england_iadb,"https://www.bankofengland.co.uk/boeapps/database/_iadb-fromshowcolumns.asp?csv.x=yes&Datefrom=01/Jan/1975&Dateto=now&SeriesCodes=IUDBEDR,IUMBV34,IUMBV37,IUMBV42,IUMBV45,IUM2WTL,IUM5WTL,IUMTLMV&UsingCodes=Y&VPD=Y&VFD=N",2026-08-10
2021-10-31,IUMBV34,1.29,bank_of_england_iadb,"https://www.bankofengland.co.uk/boeapps/database/_iadb-fromshowcolumns.asp?csv.x=yes&Datefrom=01/Jan/1975&Dateto=now&SeriesCodes=IUDBEDR,IUMBV34,IUMBV37,IUMBV42,IUMBV45,IUM2WTL,IUM5WTL,IUMTLMV&UsingCodes=Y&VPD=Y&VFD=N",2026-08-10
2021-10-31,IUMBV37,1.12,bank_of_england_iadb,"https://www.bankofengland.co.uk/boeapps/database/_iadb-fromshowcolumns.asp?csv.x=yes&Datefrom=01/Jan/1975&Dateto=now&SeriesCodes=IUDBEDR,IUMBV34,IUMBV37,IUMBV42,IUMBV45,IUM2WTL,IUM5WTL,IUMTLMV&UsingCodes=Y&VPD=Y&VFD=N",2026-08-10
2021-10-31,IUMBV42,1.3,bank_of_england_iadb,"https://www.bankofengland.co.uk/boeapps/database/_iadb-fromshowcolumns.asp?csv.x=yes&Datefrom=01/Jan/1975&Dateto=now&SeriesCodes=IUDBEDR,IUMBV34,IUMBV37,IUMBV42,IUMBV45,IUM2WTL,IUM5WTL,IUMTLMV&UsingCodes=Y&VPD=Y&VFD=N",2026-08-10
2021-10-31,IUMBV45,2.53,bank_of_england_iadb,"https://www.bankofengland.co.uk/boeapps/database/_iadb-fromshowcolumns.asp?csv.x=yes&Datefrom=01/Jan/1975&Dateto=now&SeriesCodes=IUDBEDR,IUMBV34,IUMBV37,IUMBV42,IUMBV45,IUM2WTL,IUM5WTL,IUMTLMV&UsingCodes=Y&VPD=Y&VFD=N",2026-08-10
2021-10-31,IUM2WTL,2.98,bank_of_england_iadb,"https://www.bankofengland.co.uk/boeapps/database/_iadb-fromshowcolumns.asp?csv.x=yes&Datefrom=01/Jan/1975&Dateto=now&SeriesCodes=IUDBEDR,IUMBV34,IUMBV37,IUMBV42,IUMBV45,IUM2WTL,IUM5WTL,IUMTLMV&UsingCodes=Y&VPD=Y&VFD=N",2026-08-10
2021-10-31,IUM5WTL,3.28,bank_of_england_iadb,"https://www.bankofengland.co.uk/boeapps/database/_iadb-fromshowcolumns.asp?csv.x=yes&Datefrom=01/Jan/1975&Dateto=now&SeriesCodes=IUDBEDR,IUMBV34,IUMBV37,IUMBV42,IUMBV45,IUM2WTL,IUM5WTL,IUMTLMV&UsingCodes=Y&VPD=Y&VFD=N",2026-08-10
2021-10-31,IUMTLMV,3.6,bank_of_england_iadb,"https://www.bankofengland.co.uk/boeapps/database/_iadb-fromshowcolumns.asp?csv.x=yes&Datefrom=01/Jan/1975&Dateto=now&SeriesCodes=IUDBEDR,IUMBV34,IUMBV37,IUMBV42,IUMBV45,IUM2WTL,IUM5WTL,IUMTLMV&UsingCodes=Y&VPD=Y&VFD=N",2026-08-10
2021-11-30,IUMBV34,1.53,bank_of_england_iadb,"https://www.bankofengland.co.uk/boeapps/database/_iadb-fromshowcolumns.asp?csv.x=yes&Datefrom=01/Jan/1975&Dateto=now&SeriesCodes=IUDBEDR,IUMBV34,IUMBV37,IUMBV42,IUMBV45,IUM2WTL,IUM5WTL,IUMTLMV&UsingCodes=Y&VPD=Y&VFD=N",2026-08-10
2021-11-30,IUMBV37,1.38,bank_of_england_iadb,"https://www.bankofengland.co.uk/boeapps/database/_iadb-fromshowcolumns.asp?csv.x=yes&Datefrom=01/Jan/1975&Dateto=now&SeriesCodes=IUDBEDR,IUMBV34,IUMBV37,IUMBV42,IUMBV45,IUM2WTL,IUM5WTL,IUMTLMV&UsingCodes=Y&VPD=Y&VFD=N",2026-08-10
2021-11-30,IUMBV42,1.52,bank_of_england_iadb,"https://www.bankofengland.co.uk/boeapps/database/_iadb-fromshowcolumns.asp?csv.x=yes&Datefrom=01/Jan/1975&Dateto=now&SeriesCodes=IUDBEDR,IUMBV34,IUMBV37,IUMBV42,IUMBV45,IUM2WTL,IUM5WTL,IUMTLMV&UsingCodes=Y&VPD=Y&VFD=N",2026-08-10
2021-11-30,IUMBV45,2.5,bank_of_england_iadb,"https://www.bankofengland.co.uk/boeapps/database/_iadb-fromshowcolumns.asp?csv.x=yes&Datefrom=01/Jan/1975&Dateto=now&SeriesCodes=IUDBEDR,IUMBV34,IUMBV37,IUMBV42,IUMBV45,IUM2WTL,IUM5WTL,IUMTLMV&UsingCodes=Y&VPD=Y&VFD=N",2026-08-10
2021-11-30,IUM2WTL,2.91,bank_of_england_iadb,"https://www.bankofengland.co.uk/boeapps/database/_iadb-fromshowcolumns.asp?csv.x=yes&Datefrom=01/Jan/1975&Dateto=now&SeriesCodes=IUDBEDR,IUMBV34,IUMBV37,IUMBV42,IUMBV45,IUM2WTL,IUM5WTL,IUMTLMV&UsingCodes=Y&VPD=Y&VFD=N",2026-08-10
2021-11-30,IUM5WTL,3.2,bank_of_england_iadb,"https://www.bankofengland.co.uk/boeapps/database/_iadb-fromshowcolumns.asp?csv.x=yes&Datefrom=01/Jan/1975&Dateto=now&SeriesCodes=IUDBEDR,IUMBV34,IUMBV37,IUMBV42,IUMBV45,IUM2WTL,IUM5WTL,IUMTLMV&UsingCodes=Y&VPD=Y&VFD=N",2026-08-10
2021-11-30,IUMTLMV,3.59,bank_of_england_iadb,"https://www.bankofengland.co.uk/boeapps/database/_iadb-fromshowcolumns.asp?csv.x=yes&Datefrom=01/Jan/1975&Dateto=now&SeriesCodes=IUDBEDR,IUMBV34,IUMBV37,IUMBV42,IUMBV45,IUM2WTL,IUM5WTL,IUMTLMV&UsingCodes=Y&VPD=Y&VFD=N",2026-08-10
2021-12-31,IUMBV34,1.57,bank_of_england_iadb,"https://www.bankofengland.co.uk/boeapps/database/_iadb-fromshowcolumns.asp?csv.x=yes&Datefrom=01/Jan/1975&Dateto=now&SeriesCodes=IUDBEDR,IUMBV34,IUMBV37,IUMBV42,IUMBV45,IUM2WTL,IUM5WTL,IUMTLMV&UsingCodes=Y&VPD=Y&VFD=N",2026-08-10
2021-12-31,IUMBV37,1.39,bank_of_england_iadb,"https://www.bankofengland.co.uk/boeapps/database/_iadb-fromshowcolumns.asp?csv.x=yes&Datefrom=01/Jan/1975&Dateto=now&SeriesCodes=IUDBEDR,IUMBV34,IUMBV37,IUMBV42,IUMBV45,IUM2WTL,IUM5WTL,IUMTLMV&UsingCodes=Y&VPD=Y&VFD=N",2026-08-10
2021-12-31,IUMBV42,1.59,bank_of_england_iadb,"https://www.bankofengland.co.uk/boeapps/database/_iadb-fromshowcolumns.asp?csv.x=yes&Datefrom=01/Jan/1975&Dateto=now&SeriesCodes=IUDBEDR,IUMBV34,IUMBV37,IUMBV42,IUMBV45,IUM2WTL,IUM5WTL,IUMTLMV&UsingCodes=Y&VPD=Y&VFD=N",2026-08-10
2021-12-31,IUMBV45,2.44,bank_of_england_iadb,"https://www.bankofengland.co.uk/boeapps/database/_iadb-fromshowcolumns.asp?csv.x=yes&Datefrom=01/Jan/1975&Dateto=now&SeriesCodes=IUDBEDR,IUMBV34,IUMBV37,IUMBV42,IUMBV45,IUM2WTL,IUM5WTL,IUMTLMV&UsingCodes=Y&VPD=Y&VFD=N",2026-08-10
2021-12-31,IUM2WTL,2.77,bank_of_england_iadb,"https://www.bankofengland.co.uk/boeapps/database/_iadb-fromshowcolumns.asp?csv.x=yes&Datefrom=01/Jan/1975&Dateto=now&SeriesCodes=IUDBEDR,IUMBV34,IUMBV37,IUMBV42,IUMBV45,IUM2WTL,IUM5WTL,IUMTLMV&UsingCodes=Y&VPD=Y&VFD=N",2026-08-10
2021-12-31,IUM5WTL,3.11,bank_of_england_iadb,"https://www.bankofengland.co.uk/boeapps/database/_iadb-fromshowcolumns.asp?csv.x=yes&Datefrom=01/Jan/1975&Dateto=now&SeriesCodes=IUDBEDR,IUMBV34,IUMBV37,IUMBV42,IUMBV45,IUM2WTL,IUM5WTL,IUMTLMV&UsingCodes=Y&VPD=Y&VFD=N",2026-08-10
2021-12-31,IUMTLMV,3.61,bank_of_england_iadb,"https://www.bankofengland.co.uk/boeapps/database/_iadb-fromshowcolumns.asp?csv.x=yes&Datefrom=01/Jan/1975&Dateto=now&SeriesCodes=IUDBEDR,IUMBV34,IUMBV37,IUMBV42,IUMBV45,IUM2WTL,IUM5WTL,IUMTLMV&UsingCodes=Y&VPD=Y&VFD=N",2026-08-10
2022-01-31,IUMBV34,1.64,bank_of_england_iadb,"https://www.bankofengland.co.uk/boeapps/database/_iadb-fromshowcolumns.asp?csv.x=yes&Datefrom=01/Jan/1975&Dateto=now&SeriesCodes=IUDBEDR,IUMBV34,IUMBV37,IUMBV42,IUMBV45,IUM2WTL,IUM5WTL,IUMTLMV&UsingCodes=Y&VPD=Y&VFD=N",2026-08-10
2022-01-31,IUMBV37,1.63,bank_of_england_iadb,"https://www.bankofengland.co.uk/boeapps/database/_iadb-fromshowcolumns.asp?csv.x=yes&Datefrom=01/Jan/1975&Dateto=now&SeriesCodes=IUDBEDR,IUMBV34,IUMBV37,IUMBV42,IUMBV45,IUM2WTL,IUM5WTL,IUMTLMV&UsingCodes=Y&VPD=Y&VFD=N",2026-08-10
2022-01-31,IUMBV42,1.63,bank_of_england_iadb,"https://www.bankofengland.co.uk/boeapps/database/_iadb-fromshowcolumns.asp?csv.x=yes&Datefrom=01/Jan/1975&Dateto=now&SeriesCodes=IUDBEDR,IUMBV34,IUMBV37,IUMBV42,IUMBV45,IUM2WTL,IUM5WTL,IUMTLMV&UsingCodes=Y&VPD=Y&VFD=N",2026-08-10
2022-01-31,IUMBV45,2.34,bank_of_england_iadb,"https://www.bankofengland.co.uk/boeapps/database/_iadb-fromshowcolumns.asp?csv.x=yes&Datefrom=01/Jan/1975&Dateto=now&SeriesCodes=IUDBEDR,IUMBV34,IUMBV37,IUMBV42,IUMBV45,IUM2WTL,IUM5WTL,IUMTLMV&UsingCodes=Y&VPD=Y&VFD=N",2026-08-10
2022-01-31,IUM2WTL,2.73,bank_of_england_iadb,"https://www.bankofengland.co.uk/boeapps/database/_iadb-fromshowcolumns.asp?csv.x=yes&Datefrom=01/Jan/1975&Dateto=now&SeriesCodes=IUDBEDR,IUMBV34,IUMBV37,IUMBV42,IUMBV45,IUM2WTL,IUM5WTL,IUMTLMV&UsingCodes=Y&VPD=Y&VFD=N",2026-08-10
2022-01-31,IUM5WTL,3.07,bank_of_england_iadb,"https://www.bankofengland.co.uk/boeapps/database/_iadb-fromshowcolumns.asp?csv.x=yes&Datefrom=01/Jan/1975&Dateto=now&SeriesCodes=IUDBEDR,IUMBV34,IUMBV37,IUMBV42,IUMBV45,IUM2WTL,IUM5WTL,IUMTLMV&UsingCodes=Y&VPD=Y&VFD=N",2026-08-10
2022-01-31,IUMTLMV,3.67,bank_of_england_iadb,"https://www.bankofengland.co.uk/boeapps/database/_iadb-fromshowcolumns.asp?csv.x=yes&Datefrom=01/Jan/1975&Dateto=now&SeriesCodes=IUDBEDR,IUMBV34,IUMBV37,IUMBV42,IUMBV45,IUM2WTL,IUM5WTL,IUMTLMV&UsingCodes=Y&VPD=Y&VFD=N",2026-08-10
2022-02-28,IUMBV34,1.78,bank_of_england_iadb,"https://www.bankofengland.co.uk/boeapps/database/_iadb-fromshowcolumns.asp?csv.x=yes&Datefrom=01/Jan/1975&Dateto=now&SeriesCodes=IUDBEDR,IUMBV34,IUMBV37,IUMBV42,IUMBV45,IUM2WTL,IUM5WTL,IUMTLMV&UsingCodes=Y&VPD=Y&VFD=N",2026-08-10
2022-02-28,IUMBV37,1.79,bank_of_england_iadb,"https://www.bankofengland.co.uk/boeapps/database/_iadb-fromshowcolumns.asp?csv.x=yes&Datefrom=01/Jan/1975&Dateto=now&SeriesCodes=IUDBEDR,IUMBV34,IUMBV37,IUMBV42,IUMBV45,IUM2WTL,IUM5WTL,IUMTLMV&UsingCodes=Y&VPD=Y&VFD=N",2026-08-10
2022-02-28,IUMBV42,1.79,bank_of_england_iadb,"https://www.bankofengland.co.uk/boeapps/database/_iadb-fromshowcolumns.asp?csv.x=yes&Datefrom=01/Jan/1975&Dateto=now&SeriesCodes=IUDBEDR,IUMBV34,IUMBV37,IUMBV42,IUMBV45,IUM2WTL,IUM5WTL,IUMTLMV&UsingCodes=Y&VPD=Y&VFD=N",2026-08-10
2022-02-28,IUMBV45,2.24,bank_of_england_iadb,"https://www.bankofengland.co.uk/boeapps/database/_iadb-fromshowcolumns.asp?csv.x=yes&Datefrom=01/Jan/1975&Dateto=now&SeriesCodes=IUDBEDR,IUMBV34,IUMBV37,IUMBV42,IUMBV45,IUM2WTL,IUM5WTL,IUMTLMV&UsingCodes=Y&VPD=Y&VFD=N",2026-08-10
2022-02-28,IUM2WTL,2.72,bank_of_england_iadb,"https://www.bankofengland.co.uk/boeapps/database/_iadb-fromshowcolumns.asp?csv.x=yes&Datefrom=01/Jan/1975&Dateto=now&SeriesCodes=IUDBEDR,IUMBV34,IUMBV37,IUMBV42,IUMBV45,IUM2WTL,IUM5WTL,IUMTLMV&UsingCodes=Y&VPD=Y&VFD=N",2026-08-10
2022-02-28,IUM5WTL,3.05,bank_of_england_iadb,"https://www.bankofengland.co.uk/boeapps/database/_iadb-fromshowcolumns.asp?csv.x=yes&Datefrom=01/Jan/1975&Dateto=now&SeriesCodes=IUDBEDR,IUMBV34,IUMBV37,IUMBV42,IUMBV45,IUM2WTL,IUM5WTL,IUMTLMV&UsingCodes=Y&VPD=Y&VFD=N",2026-08-10
2022-02-28,IUMTLMV,3.84,bank_of_england_iadb,"https://www.bankofengland.co.uk/boeapps/database/_iadb-fromshowcolumns.asp?csv.x=yes&Datefrom=01/Jan/1975&Dateto=now&SeriesCodes=IUDBEDR,IUMBV34,IUMBV37,IUMBV42,IUMBV45,IUM2WTL,IUM5WTL,IUMTLMV&UsingCodes=Y&VPD=Y&VFD=N",2026-08-10
2022-03-31,IUMBV34,2.14,bank_of_england_iadb,"https://www.bankofengland.co.uk/boeapps/database/_iadb-fromshowcolumns.asp?csv.x=yes&Datefrom=01/Jan/1975&Dateto=now&SeriesCodes=IUDBEDR,IUMBV34,IUMBV37,IUMBV42,IUMBV45,IUM2WTL,IUM5WTL,IUMTLMV&UsingCodes=Y&VPD=Y&VFD=N",2026-08-10
2022-03-31,IUMBV37,2.03,bank_of_england_iadb,"https://www.bankofengland.co.uk/boeapps/database/_iadb-fromshowcolumns.asp?csv.x=yes&Datefrom=01/Jan/1975&Dateto=now&SeriesCodes=IUDBEDR,IUMBV34,IUMBV37,IUMBV42,IUMBV45,IUM2WTL,IUM5WTL,IUMTLMV&UsingCodes=Y&VPD=Y&VFD=N",2026-08-10
2022-03-31,IUMBV42,2.11,bank_of_england_iadb,"https://www.bankofengland.co.uk/boeapps/database/_iadb-fromshowcolumns.asp?csv.x=yes&Datefrom=01/Jan/1975&Dateto=now&SeriesCodes=IUDBEDR,IUMBV34,IUMBV37,IUMBV42,IUMBV45,IUM2WTL,IUM5WTL,IUMTLMV&UsingCodes=Y&VPD=Y&VFD=N",2026-08-10
2022-03-31,IUMBV45,2.5,bank_of_england_iadb,"https://www.bankofengland.co.uk/boeapps/database/_iadb-fromshowcolumns.asp?csv.x=yes&Datefrom=01/Jan/1975&Dateto=now&SeriesCodes=IUDBEDR,IUMBV34,IUMBV37,IUMBV42,IUMBV45,IUM2WTL,IUM5WTL,IUMTLMV&UsingCodes=Y&VPD=Y&VFD=N",2026-08-10
2022-03-31,IUM2WTL,2.8,bank_of_england_iadb,"https://www.bankofengland.co.uk/boeapps/database/_iadb-fromshowcolumns.asp?csv.x=yes&Datefrom=01/Jan/1975&Dateto=now&SeriesCodes=IUDBEDR,IUMBV34,IUMBV37,IUMBV42,IUMBV45,IUM2WTL,IUM5WTL,IUMTLMV&UsingCodes=Y&VPD=Y&VFD=N",2026-08-10
2022-03-31,IUM5WTL,3.08,bank_of_england_iadb,"https://www.bankofengland.co.uk/boeapps/database/_iadb-fromshowcolumns.asp?csv.x=yes&Datefrom=01/Jan/1975&Dateto=now&SeriesCodes=IUDBEDR,IUMBV34,IUMBV37,IUMBV42,IUMBV45,IUM2WTL,IUM5WTL,IUMTLMV&UsingCodes=Y&VPD=Y&VFD=N",2026-08-10
2022-03-31,IUMTLMV,3.99,bank_of_england_iadb,"https://www.bankofengland.co.uk/boeapps/database/_iadb-fromshowcolumns.asp?csv.x=yes&Datefrom=01/Jan/1975&Dateto=now&SeriesCodes=IUDBEDR,IUMBV34,IUMBV37,IUMBV42,IUMBV45,IUM2WTL,IUM5WTL,IUMTLMV&UsingCodes=Y&VPD=Y&VFD=N",2026-08-10
2022-04-30,IUMBV34,2.35,bank_of_england_iadb,"https://www.bankofengland.co.uk/boeapps/database/_iadb-fromshowcolumns.asp?csv.x=yes&Datefrom=01/Jan/1975&Dateto=now&SeriesCodes=IUDBEDR,IUMBV34,IUMBV37,IUMBV42,IUMBV45,IUM2WTL,IUM5WTL,IUMTLMV&UsingCodes=Y&VPD=Y&VFD=N",2026-08-10
2022-04-30,IUMBV37,2.26,bank_of_england_iadb,"https://www.bankofengland.co.uk/boeapps/database/_iadb-fromshowcolumns.asp?csv.x=yes&Datefrom=01/Jan/1975&Dateto=now&SeriesCodes=IUDBEDR,IUMBV34,IUMBV37,IUMBV42,IUMBV45,IUM2WTL,IUM5WTL,IUMTLMV&UsingCodes=Y&VPD=Y&VFD=N",2026-08-10
2022-04-30,IUMBV42,2.35,bank_of_england_iadb,"https://www.bankofengland.co.uk/boeapps/database/_iadb-fromshowcolumns.asp?csv.x=yes&Datefrom=01/Jan/1975&Dateto=now&SeriesCodes=IUDBEDR,IUMBV34,IUMBV37,IUMBV42,IUMBV45,IUM2WTL,IUM5WTL,IUMTLMV&UsingCodes=Y&VPD=Y&VFD=N",2026-08-10
2022-04-30,IUMBV45,2.64,bank_of_england_iadb,"https://www.bankofengland.co.uk/boeapps/database/_iadb-fromshowcolumns.asp?csv.x=yes&Datefrom=01/Jan/1975&Dateto=now&SeriesCodes=IUDBEDR,IUMBV34,IUMBV37,IUMBV42,IUMBV45,IUM2WTL,IUM5WTL,IUMTLMV&UsingCodes=Y&VPD=Y&VFD=N",2026-08-10
2022-04-30,IUM2WTL,2.95,bank_of_england_iadb,"https://www.bankofengland.co.uk/boeapps/database/_iadb-fromshowcolumns.asp?csv.x=yes&Datefrom=01/Jan/1975&Dateto=now&SeriesCodes=IUDBEDR,IUMBV34,IUMBV37,IUMBV42,IUMBV45,IUM2WTL,IUM5WTL,IUMTLMV&UsingCodes=Y&VPD=Y&VFD=N",2026-08-10
2022-04-30,IUM5WTL,3.11,bank_of_england_iadb,"https://www.bankofengland.co.uk/boeapps/database/_iadb-fromshowcolumns.asp?csv.x=yes&Datefrom=01/Jan/1975&Dateto=now&SeriesCodes=IUDBEDR,IUMBV34,IUMBV37,IUMBV42,IUMBV45,IUM2WTL,IUM5WTL,IUMTLMV&UsingCodes=Y&VPD=Y&VFD=N",2026-08-10
2022-04-30,IUMTLMV,4.11,bank_of_england_iadb,"https://www.bankofengland.co.uk/boeapps/database/_iadb-fromshowcolumns.asp?csv.x=yes&Datefrom=01/Jan/1975&Dateto=now&SeriesCodes=IUDBEDR,IUMBV34,IUMBV37,IUMBV42,IUMBV45,IUM2WTL,IUM5WTL,IUMTLMV&UsingCodes=Y&VPD=Y&VFD=N",2026-08-10
2022-05-31,IUMBV34,2.63,bank_of_england_iadb,"https://www.bankofengland.co.uk/boeapps/database/_iadb-fromshowcolumns.asp?csv.x=yes&Datefrom=01/Jan/1975&Dateto=now&SeriesCodes=IUDBEDR,IUMBV34,IUMBV37,IUMBV42,IUMBV45,IUM2WTL,IUM5WTL,IUMTLMV&UsingCodes=Y&VPD=Y&VFD=N",2026-08-10
2022-05-31,IUMBV37,2.56,bank_of_england_iadb,"https://www.bankofengland.co.uk/boeapps/database/_iadb-fromshowcolumns.asp?csv.x=yes&Datefrom=01/Jan/1975&Dateto=now&SeriesCodes=IUDBEDR,IUMBV34,IUMBV37,IUMBV42,IUMBV45,IUM2WTL,IUM5WTL,IUMTLMV&UsingCodes=Y&VPD=Y&VFD=N",2026-08-10
2022-05-31,IUMBV42,2.62,bank_of_england_iadb,"https://www.bankofengland.co.uk/boeapps/database/_iadb-fromshowcolumns.asp?csv.x=yes&Datefrom=01/Jan/1975&Dateto=now&SeriesCodes=IUDBEDR,IUMBV34,IUMBV37,IUMBV42,IUMBV45,IUM2WTL,IUM5WTL,IUMTLMV&UsingCodes=Y&VPD=Y&VFD=N",2026-08-10
2022-05-31,IUMBV45,2.78,bank_of_england_iadb,"https://www.bankofengland.co.uk/boeapps/database/_iadb-fromshowcolumns.asp?csv.x=yes&Datefrom=01/Jan/1975&Dateto=now&SeriesCodes=IUDBEDR,IUMBV34,IUMBV37,IUMBV42,IUMBV45,IUM2WTL,IUM5WTL,IUMTLMV&UsingCodes=Y&VPD=Y&VFD=N",2026-08-10
2022-05-31,IUM2WTL,3.2,bank_of_england_iadb,"https://www.bankofengland.co.uk/boeapps/database/_iadb-fromshowcolumns.asp?csv.x=yes&Datefrom=01/Jan/1975&Dateto=now&SeriesCodes=IUDBEDR,IUMBV34,IUMBV37,IUMBV42,IUMBV45,IUM2WTL,IUM5WTL,IUMTLMV&UsingCodes=Y&VPD=Y&VFD=N",2026-08-10
2022-05-31,IUM5WTL,3.26,bank_of_england_iadb,"https://www.bankofengland.co.uk/boeapps/database/_iadb-fromshowcolumns.asp?csv.x=yes&Datefrom=01/Jan/1975&Dateto=now&SeriesCodes=IUDBEDR,IUMBV34,IUMBV37,IUMBV42,IUMBV45,IUM2WTL,IUM5WTL,IUMTLMV&UsingCodes=Y&VPD=Y&VFD=N",2026-08-10
2022-05-31,IUMTLMV,4.26,bank_of_england_iadb,"https://www.bankofengland.co.uk/boeapps/database/_iadb-fromshowcolumns.asp?csv.x=yes&Datefrom=01/Jan/1975&Dateto=now&SeriesCodes=IUDBEDR,IUMBV34,IUMBV37,IUMBV42,IUMBV45,IUM2WTL,IUM5WTL,IUMTLMV&UsingCodes=Y&VPD=Y&VFD=N",2026-08-10
2022-06-30,IUMBV34,2.87,bank_of_england_iadb,"https://www.bankofengland.co.uk/boeapps/database/_iadb-fromshowcolumns.asp?csv.x=yes&Datefrom=01/Jan/1975&Dateto=now&SeriesCodes=IUDBEDR,IUMBV34,IUMBV37,IUMBV42,IUMBV45,IUM2WTL,IUM5WTL,IUMTLMV&UsingCodes=Y&VPD=Y&VFD=N",2026-08-10
2022-06-30,IUMBV37,2.98,bank_of_england_iadb,"https://www.bankofengland.co.uk/boeapps/database/_iadb-fromshowcolumns.asp?csv.x=yes&Datefrom=01/Jan/1975&Dateto=now&SeriesCodes=IUDBEDR,IUMBV34,IUMBV37,IUMBV42,IUMBV45,IUM2WTL,IUM5WTL,IUMTLMV&UsingCodes=Y&VPD=Y&VFD=N",2026-08-10
2022-06-30,IUMBV42,2.9,bank_of_england_iadb,"https://www.bankofengland.co.uk/boeapps/database/_iadb-fromshowcolumns.asp?csv.x=yes&Datefrom=01/Jan/1975&Dateto=now&SeriesCodes=IUDBEDR,IUMBV34,IUMBV37,IUMBV42,IUMBV45,IUM2WTL,IUM5WTL,IUMTLMV&UsingCodes=Y&VPD=Y&VFD=N",2026-08-10
2022-06-30,IUMBV45,3.17,bank_of_england_iadb,"https://www.bankofengland.co.uk/boeapps/database/_iadb-fromshowcolumns.asp?csv.x=yes&Datefrom=01/Jan/1975&Dateto=now&SeriesCodes=IUDBEDR,IUMBV34,IUMBV37,IUMBV42,IUMBV45,IUM2WTL,IUM5WTL,IUMTLMV&UsingCodes=Y&VPD=Y&VFD=N",2026-08-10
2022-06-30,IUM2WTL,3.48,bank_of_england_iadb,"https://www.bankofengland.co.uk/boeapps/database/_iadb-fromshowcolumns.asp?csv.x=yes&Datefrom=01/Jan/1975&Dateto=now&SeriesCodes=IUDBEDR,IUMBV34,IUMBV37,IUMBV42,IUMBV45,IUM2WTL,IUM5WTL,IUMTLMV&UsingCodes=Y&VPD=Y&VFD=N",2026-08-10
2022-06-30,IUM5WTL,3.51,bank_of_england_iadb,"https://www.bankofengland.co.uk/boeapps/database/_iadb-fromshowcolumns.asp?csv.x=yes&Datefrom=01/Jan/1975&Dateto=now&SeriesCodes=IUDBEDR,IUMBV34,IUMBV37,IUMBV42,IUMBV45,IUM2WTL,IUM5WTL,IUMTLMV&UsingCodes=Y&VPD=Y&VFD=N",2026-08-10
2022-06-30,IUMTLMV,4.39,bank_of_england_iadb,"https://www.bankofengland.co.uk/boeapps/database/_iadb-fromshowcolumns.asp?csv.x=yes&Datefrom=01/Jan/1975&Dateto=now&SeriesCodes=IUDBEDR,IUMBV34,IUMBV37,IUMBV42,IUMBV45,IUM2WTL,IUM5WTL,IUMTLMV&UsingCodes=Y&VPD=Y&VFD=N",2026-08-10
2022-07-31,IUMBV34,3.48,bank_of_england_iadb,"https://www.bankofengland.co.uk/boeapps/database/_iadb-fromshowcolumns.asp?csv.x=yes&Datefrom=01/Jan/1975&Dateto=now&SeriesCodes=IUDBEDR,IUMBV34,IUMBV37,IUMBV42,IUMBV45,IUM2WTL,IUM5WTL,IUMTLMV&UsingCodes=Y&VPD=Y&VFD=N",2026-08-10
2022-07-31,IUMBV37,3.32,bank_of_england_iadb,"https://www.bankofengland.co.uk/boeapps/database/_iadb-fromshowcolumns.asp?csv.x=yes&Datefrom=01/Jan/1975&Dateto=now&SeriesCodes=IUDBEDR,IUMBV34,IUMBV37,IUMBV42,IUMBV45,IUM2WTL,IUM5WTL,IUMTLMV&UsingCodes=Y&VPD=Y&VFD=N",2026-08-10
2022-07-31,IUMBV42,3.43,bank_of_england_iadb,"https://www.bankofengland.co.uk/boeapps/database/_iadb-fromshowcolumns.asp?csv.x=yes&Datefrom=01/Jan/1975&Dateto=now&SeriesCodes=IUDBEDR,IUMBV34,IUMBV37,IUMBV42,IUMBV45,IUM2WTL,IUM5WTL,IUMTLMV&UsingCodes=Y&VPD=Y&VFD=N",2026-08-10
2022-07-31,IUMBV45,3.57,bank_of_england_iadb,"https://www.bankofengland.co.uk/boeapps/database/_iadb-fromshowcolumns.asp?csv.x=yes&Datefrom=01/Jan/1975&Dateto=now&SeriesCodes=IUDBEDR,IUMBV34,IUMBV37,IUMBV42,IUMBV45,IUM2WTL,IUM5WTL,IUMTLMV&UsingCodes=Y&VPD=Y&VFD=N",2026-08-10
2022-07-31,IUM2WTL,3.96,bank_of_england_iadb,"https://www.bankofengland.co.uk/boeapps/database/_iadb-fromshowcolumns.asp?csv.x=yes&Datefrom=01/Jan/1975&Dateto=now&SeriesCodes=IUDBEDR,IUMBV34,IUMBV37,IUMBV42,IUMBV45,IUM2WTL,IUM5WTL,IUMTLMV&UsingCodes=Y&VPD=Y&VFD=N",2026-08-10
2022-07-31,IUM5WTL,4.0,bank_of_england_iadb,"https://www.bankofengland.co.uk/boeapps/database/_iadb-fromshowcolumns.asp?csv.x=yes&Datefrom=01/Jan/1975&Dateto=now&SeriesCodes=IUDBEDR,IUMBV34,IUMBV37,IUMBV42,IUMBV45,IUM2WTL,IUM5WTL,IUMTLMV&UsingCodes=Y&VPD=Y&VFD=N",2026-08-10
2022-07-31,IUMTLMV,4.55,bank_of_england_iadb,"https://www.bankofengland.co.uk/boeapps/database/_iadb-fromshowcolumns.asp?csv.x=yes&Datefrom=01/Jan/1975&Dateto=now&SeriesCodes=IUDBEDR,IUMBV34,IUMBV37,IUMBV42,IUMBV45,IUM2WTL,IUM5WTL,IUMTLMV&UsingCodes=Y&VPD=Y&VFD=N",2026-08-10
2022-08-31,IUMBV34,3.6,bank_of_england_iadb,"https://www.bankofengland.co.uk/boeapps/database/_iadb-fromshowcolumns.asp?csv.x=yes&Datefrom=01/Jan/1975&Dateto=now&SeriesCodes=IUDBEDR,IUMBV34,IUMBV37,IUMBV42,IUMBV45,IUM2WTL,IUM5WTL,IUMTLMV&UsingCodes=Y&VPD=Y&VFD=N",2026-08-10
2022-08-31,IUMBV37,3.75,bank_of_england_iadb,"https://www.bankofengland.co.uk/boeapps/database/_iadb-fromshowcolumns.asp?csv.x=yes&Datefrom=01/Jan/1975&Dateto=now&SeriesCodes=IUDBEDR,IUMBV34,IUMBV37,IUMBV42,IUMBV45,IUM2WTL,IUM5WTL,IUMTLMV&UsingCodes=Y&VPD=Y&VFD=N",2026-08-10
2022-08-31,IUMBV42,3.61,bank_of_england_iadb,"https://www.bankofengland.co.uk/boeapps/database/_iadb-fromshowcolumns.asp?csv.x=yes&Datefrom=01/Jan/1975&Dateto=now&SeriesCodes=IUDBEDR,IUMBV34,IUMBV37,IUMBV42,IUMBV45,IUM2WTL,IUM5WTL,IUMTLMV&UsingCodes=Y&VPD=Y&VFD=N",2026-08-10
2022-08-31,IUMBV45,3.75,bank_of_england_iadb,"https://www.bankofengland.co.uk/boeapps/database/_iadb-fromshowcolumns.asp?csv.x=yes&Datefrom=01/Jan/1975&Dateto=now&SeriesCodes=IUDBEDR,IUMBV34,IUMBV37,IUMBV42,IUMBV45,IUM2WTL,IUM5WTL,IUMTLMV&UsingCodes=Y&VPD=Y&VFD=N",2026-08-10
2022-08-31,IUM2WTL,4.14,bank_of_england_iadb,"https://www.bankofengland.co.uk/boeapps/database/_iadb-fromshowcolumns.asp?csv.x=yes&Datefrom=01/Jan/1975&Dateto=now&SeriesCodes=IUDBEDR,IUMBV34,IUMBV37,IUMBV42,IUMBV45,IUM2WTL,IUM5WTL,IUMTLMV&UsingCodes=Y&VPD=Y&VFD=N",2026-08-10
2022-08-31,IUM5WTL,4.17,bank_of_england_iadb,"https://www.bankofengland.co.uk/boeapps/database/_iadb-fromshowcolumns.asp?csv.x=yes&Datefrom=01/Jan/1975&Dateto=now&SeriesCodes=IUDBEDR,IUMBV34,IUMBV37,IUMBV42,IUMBV45,IUM2WTL,IUM5WTL,IUMTLMV&UsingCodes=Y&VPD=Y&VFD=N",2026-08-10
2022-08-31,IUMTLMV,4.88,bank_of_england_iadb,"https://www.bankofengland.co.uk/boeapps/database/_iadb-fromshowcolumns.asp?csv.x=yes&Datefrom=01/Jan/1975&Dateto=now&SeriesCodes=IUDBEDR,IUMBV34,IUMBV37,IUMBV42,IUMBV45,IUM2WTL,IUM5WTL,IUMTLMV&UsingCodes=Y&VPD=Y&VFD=N",2026-08-10
2022-09-30,IUMBV34,4.17,bank_of_england_iadb,"https://www.bankofengland.co.uk/boeapps/database/_iadb-fromshowcolumns.asp?csv.x=yes&Datefrom=01/Jan/1975&Dateto=now&SeriesCodes=IUDBEDR,IUMBV34,IUMBV37,IUMBV42,IUMBV45,IUM2WTL,IUM5WTL,IUMTLMV&UsingCodes=Y&VPD=Y&VFD=N",2026-08-10
2022-09-30,IUMBV37,4.45,bank_of_england_iadb,"https://www.bankofengland.co.uk/boeapps/database/_iadb-fromshowcolumns.asp?csv.x=yes&Datefrom=01/Jan/1975&Dateto=now&SeriesCodes=IUDBEDR,IUMBV34,IUMBV37,IUMBV42,IUMBV45,IUM2WTL,IUM5WTL,IUMTLMV&UsingCodes=Y&VPD=Y&VFD=N",2026-08-10
2022-09-30,IUMBV42,3.97,bank_of_england_iadb,"https://www.bankofengland.co.uk/boeapps/database/_iadb-fromshowcolumns.asp?csv.x=yes&Datefrom=01/Jan/1975&Dateto=now&SeriesCodes=IUDBEDR,IUMBV34,IUMBV37,IUMBV42,IUMBV45,IUM2WTL,IUM5WTL,IUMTLMV&UsingCodes=Y&VPD=Y&VFD=N",2026-08-10
2022-09-30,IUMBV45,4.17,bank_of_england_iadb,"https://www.bankofengland.co.uk/boeapps/database/_iadb-fromshowcolumns.asp?csv.x=yes&Datefrom=01/Jan/1975&Dateto=now&SeriesCodes=IUDBEDR,IUMBV34,IUMBV37,IUMBV42,IUMBV45,IUM2WTL,IUM5WTL,IUMTLMV&UsingCodes=Y&VPD=Y&VFD=N",2026-08-10
2022-09-30,IUM2WTL,4.67,bank_of_england_iadb,"https://www.bankofengland.co.uk/boeapps/database/_iadb-fromshowcolumns.asp?csv.x=yes&Datefrom=01/Jan/1975&Dateto=now&SeriesCodes=IUDBEDR,IUMBV34,IUMBV37,IUMBV42,IUMBV45,IUM2WTL,IUM5WTL,IUMTLMV&UsingCodes=Y&VPD=Y&VFD=N",2026-08-10
2022-09-30,IUM5WTL,4.54,bank_of_england_iadb,"https://www.bankofengland.co.uk/boeapps/database/_iadb-fromshowcolumns.asp?csv.x=yes&Datefrom=01/Jan/1975&Dateto=now&SeriesCodes=IUDBEDR,IUMBV34,IUMBV37,IUMBV42,IUMBV45,IUM2WTL,IUM5WTL,IUMTLMV&UsingCodes=Y&VPD=Y&VFD=N",2026-08-10
2022-09-30,IUMTLMV,5.1,bank_of_england_iadb,"https://www.bankofengland.co.uk/boeapps/database/_iadb-fromshowcolumns.asp?csv.x=yes&Datefrom=01/Jan/1975&Dateto=now&SeriesCodes=IUDBEDR,IUMBV34,IUMBV37,IUMBV42,IUMBV45,IUM2WTL,IUM5WTL,IUMTLMV&UsingCodes=Y&VPD=Y&VFD=N",2026-08-10
2022-10-31,IUMBV34,5.99,bank_of_england_iadb,"https://www.bankofengland.co.uk/boeapps/database/_iadb-fromshowcolumns.asp?csv.x=yes&Datefrom=01/Jan/1975&Dateto=now&SeriesCodes=IUDBEDR,IUMBV34,IUMBV37,IUMBV42,IUMBV45,IUM2WTL,IUM5WTL,IUMTLMV&UsingCodes=Y&VPD=Y&VFD=N",2026-08-10
2022-10-31,IUMBV37,5.9,bank_of_england_iadb,"https://www.bankofengland.co.uk/boeapps/database/_iadb-fromshowcolumns.asp?csv.x=yes&Datefrom=01/Jan/1975&Dateto=now&SeriesCodes=IUDBEDR,IUMBV34,IUMBV37,IUMBV42,IUMBV45,IUM2WTL,IUM5WTL,IUMTLMV&UsingCodes=Y&VPD=Y&VFD=N",2026-08-10
2022-10-31,IUMBV42,5.61,bank_of_england_iadb,"https://www.bankofengland.co.uk/boeapps/database/_iadb-fromshowcolumns.asp?csv.x=yes&Datefrom=01/Jan/1975&Dateto=now&SeriesCodes=IUDBEDR,IUMBV34,IUMBV37,IUMBV42,IUMBV45,IUM2WTL,IUM5WTL,IUMTLMV&UsingCodes=Y&VPD=Y&VFD=N",2026-08-10
2022-10-31,IUMBV45,5.21,bank_of_england_iadb,"https://www.bankofengland.co.uk/boeapps/database/_iadb-fromshowcolumns.asp?csv.x=yes&Datefrom=01/Jan/1975&Dateto=now&SeriesCodes=IUDBEDR,IUMBV34,IUMBV37,IUMBV42,IUMBV45,IUM2WTL,IUM5WTL,IUMTLMV&UsingCodes=Y&VPD=Y&VFD=N",2026-08-10
2022-10-31,IUM2WTL,6.42,bank_of_england_iadb,"https://www.bankofengland.co.uk/boeapps/database/_iadb-fromshowcolumns.asp?csv.x=yes&Datefrom=01/Jan/1975&Dateto=now&SeriesCodes=IUDBEDR,IUMBV34,IUMBV37,IUMBV42,IUMBV45,IUM2WTL,IUM5WTL,IUMTLMV&UsingCodes=Y&VPD=Y&VFD=N",2026-08-10
2022-10-31,IUM5WTL,6.12,bank_of_england_iadb,"https://www.bankofengland.co.uk/boeapps/database/_iadb-fromshowcolumns.asp?csv.x=yes&Datefrom=01/Jan/1975&Dateto=now&SeriesCodes=IUDBEDR,IUMBV34,IUMBV37,IUMBV42,IUMBV45,IUM2WTL,IUM5WTL,IUMTLMV&UsingCodes=Y&VPD=Y&VFD=N",2026-08-10
2022-10-31,IUMTLMV,5.42,bank_of_england_iadb,"https://www.bankofengland.co.uk/boeapps/database/_iadb-fromshowcolumns.asp?csv.x=yes&Datefrom=01/Jan/1975&Dateto=now&SeriesCodes=IUDBEDR,IUMBV34,IUMBV37,IUMBV42,IUMBV45,IUM2WTL,IUM5WTL,IUMTLMV&UsingCodes=Y&VPD=Y&VFD=N",2026-08-10
2022-11-30,IUMBV34,5.98,bank_of_england_iadb,"https://www.bankofengland.co.uk/boeapps/database/_iadb-fromshowcolumns.asp?csv.x=yes&Datefrom=01/Jan/1975&Dateto=now&SeriesCodes=IUDBEDR,IUMBV34,IUMBV37,IUMBV42,IUMBV45,IUM2WTL,IUM5WTL,IUMTLMV&UsingCodes=Y&VPD=Y&VFD=N",2026-08-10
2022-11-30,IUMBV37,5.63,bank_of_england_iadb,"https://www.bankofengland.co.uk/boeapps/database/_iadb-fromshowcolumns.asp?csv.x=yes&Datefrom=01/Jan/1975&Dateto=now&SeriesCodes=IUDBEDR,IUMBV34,IUMBV37,IUMBV42,IUMBV45,IUM2WTL,IUM5WTL,IUMTLMV&UsingCodes=Y&VPD=Y&VFD=N",2026-08-10
2022-11-30,IUMBV42,5.5,bank_of_england_iadb,"https://www.bankofengland.co.uk/boeapps/database/_iadb-fromshowcolumns.asp?csv.x=yes&Datefrom=01/Jan/1975&Dateto=now&SeriesCodes=IUDBEDR,IUMBV34,IUMBV37,IUMBV42,IUMBV45,IUM2WTL,IUM5WTL,IUMTLMV&UsingCodes=Y&VPD=Y&VFD=N",2026-08-10
2022-11-30,IUMBV45,5.33,bank_of_england_iadb,"https://www.bankofengland.co.uk/boeapps/database/_iadb-fromshowcolumns.asp?csv.x=yes&Datefrom=01/Jan/1975&Dateto=now&SeriesCodes=IUDBEDR,IUMBV34,IUMBV37,IUMBV42,IUMBV45,IUM2WTL,IUM5WTL,IUMTLMV&UsingCodes=Y&VPD=Y&VFD=N",2026-08-10
2022-11-30,IUM2WTL,6.59,bank_of_england_iadb,"https://www.bankofengland.co.uk/boeapps/database/_iadb-fromshowcolumns.asp?csv.x=yes&Datefrom=01/Jan/1975&Dateto=now&SeriesCodes=IUDBEDR,IUMBV34,IUMBV37,IUMBV42,IUMBV45,IUM2WTL,IUM5WTL,IUMTLMV&UsingCodes=Y&VPD=Y&VFD=N",2026-08-10
2022-11-30,IUM5WTL,6.2,bank_of_england_iadb,"https://www.bankofengland.co.uk/boeapps/database/_iadb-fromshowcolumns.asp?csv.x=yes&Datefrom=01/Jan/1975&Dateto=now&SeriesCodes=IUDBEDR,IUMBV34,IUMBV37,IUMBV42,IUMBV45,IUM2WTL,IUM5WTL,IUMTLMV&UsingCodes=Y&VPD=Y&VFD=N",2026-08-10
2022-11-30,IUMTLMV,5.87,bank_of_england_iadb,"https://www.bankofengland.co.uk/boeapps/database/_iadb-fromshowcolumns.asp?csv.x=yes&Datefrom=01/Jan/1975&Dateto=now&SeriesCodes=IUDBEDR,IUMBV34,IUMBV37,IUMBV42,IUMBV45,IUM2WTL,IUM5WTL,IUMTLMV&UsingCodes=Y&VPD=Y&VFD=N",2026-08-10
2022-12-31,IUMBV34,5.43,bank_of_england_iadb,"https://www.bankofengland.co.uk/boeapps/database/_iadb-fromshowcolumns.asp?csv.x=yes&Datefrom=01/Jan/1975&Dateto=now&SeriesCodes=IUDBEDR,IUMBV34,IUMBV37,IUMBV42,IUMBV45,IUM2WTL,IUM5WTL,IUMTLMV&UsingCodes=Y&VPD=Y&VFD=N",2026-08-10
2022-12-31,IUMBV37,5.28,bank_of_england_iadb,"https://www.bankofengland.co.uk/boeapps/database/_iadb-fromshowcolumns.asp?csv.x=yes&Datefrom=01/Jan/1975&Dateto=now&SeriesCodes=IUDBEDR,IUMBV34,IUMBV37,IUMBV42,IUMBV45,IUM2WTL,IUM5WTL,IUMTLMV&UsingCodes=Y&VPD=Y&VFD=N",2026-08-10
2022-12-31,IUMBV42,5.05,bank_of_england_iadb,"https://www.bankofengland.co.uk/boeapps/database/_iadb-fromshowcolumns.asp?csv.x=yes&Datefrom=01/Jan/1975&Dateto=now&SeriesCodes=IUDBEDR,IUMBV34,IUMBV37,IUMBV42,IUMBV45,IUM2WTL,IUM5WTL,IUMTLMV&UsingCodes=Y&VPD=Y&VFD=N",2026-08-10
2022-12-31,IUMBV45,5.0,bank_of_england_iadb,"https://www.bankofengland.co.uk/boeapps/database/_iadb-fromshowcolumns.asp?csv.x=yes&Datefrom=01/Jan/1975&Dateto=now&SeriesCodes=IUDBEDR,IUMBV34,IUMBV37,IUMBV42,IUMBV45,IUM2WTL,IUM5WTL,IUMTLMV&UsingCodes=Y&VPD=Y&VFD=N",2026-08-10
2022-12-31,IUM2WTL,6.3,bank_of_england_iadb,"https://www.bankofengland.co.uk/boeapps/database/_iadb-fromshowcolumns.asp?csv.x=yes&Datefrom=01/Jan/1975&Dateto=now&SeriesCodes=IUDBEDR,IUMBV34,IUMBV37,IUMBV42,IUMBV45,IUM2WTL,IUM5WTL,IUMTLMV&UsingCodes=Y&VPD=Y&VFD=N",2026-08-10
2022-12-31,IUM5WTL,5.87,bank_of_england_iadb,"https://www.bankofengland.co.uk/boeapps/database/_iadb-fromshowcolumns.asp?csv.x=yes&Datefrom=01/Jan/1975&Dateto=now&SeriesCodes=IUDBEDR,IUMBV34,IUMBV37,IUMBV42,IUMBV45,IUM2WTL,IUM5WTL,IUMTLMV&UsingCodes=Y&VPD=Y&VFD=N",2026-08-10
2022-12-31,IUMTLMV,6.42,bank_of_england_iadb,"https://www.bankofengland.co.uk/boeapps/database/_iadb-fromshowcolumns.asp?csv.x=yes&Datefrom=01/Jan/1975&Dateto=now&SeriesCodes=IUDBEDR,IUMBV34,IUMBV37,IUMBV42,IUMBV45,IUM2WTL,IUM5WTL,IUMTLMV&UsingCodes=Y&VPD=Y&VFD=N",2026-08-10
2023-01-31,IUMBV34,5.14,bank_of_england_iadb,"https://www.bankofengland.co.uk/boeapps/database/_iadb-fromshowcolumns.asp?csv.x=yes&Datefrom=01/Jan/1975&Dateto=now&SeriesCodes=IUDBEDR,IUMBV34,IUMBV37,IUMBV42,IUMBV45,IUM2WTL,IUM5WTL,IUMTLMV&UsingCodes=Y&VPD=Y&VFD=N",2026-08-10
2023-01-31,IUMBV37,4.88,bank_of_england_iadb,"https://www.bankofengland.co.uk/boeapps/database/_iadb-fromshowcolumns.asp?csv.x=yes&Datefrom=01/Jan/1975&Dateto=now&SeriesCodes=IUDBEDR,IUMBV34,IUMBV37,IUMBV42,IUMBV45,IUM2WTL,IUM5WTL,IUMTLMV&UsingCodes=Y&VPD=Y&VFD=N",2026-08-10
2023-01-31,IUMBV42,4.66,bank_of_england_iadb,"https://www.bankofengland.co.uk/boeapps/database/_iadb-fromshowcolumns.asp?csv.x=yes&Datefrom=01/Jan/1975&Dateto=now&SeriesCodes=IUDBEDR,IUMBV34,IUMBV37,IUMBV42,IUMBV45,IUM2WTL,IUM5WTL,IUMTLMV&UsingCodes=Y&VPD=Y&VFD=N",2026-08-10
2023-01-31,IUMBV45,4.86,bank_of_england_iadb,"https://www.bankofengland.co.uk/boeapps/database/_iadb-fromshowcolumns.asp?csv.x=yes&Datefrom=01/Jan/1975&Dateto=now&SeriesCodes=IUDBEDR,IUMBV34,IUMBV37,IUMBV42,IUMBV45,IUM2WTL,IUM5WTL,IUMTLMV&UsingCodes=Y&VPD=Y&VFD=N",2026-08-10
2023-01-31,IUM2WTL,6.02,bank_of_england_iadb,"https://www.bankofengland.co.uk/boeapps/database/_iadb-fromshowcolumns.asp?csv.x=yes&Datefrom=01/Jan/1975&Dateto=now&SeriesCodes=IUDBEDR,IUMBV34,IUMBV37,IUMBV42,IUMBV45,IUM2WTL,IUM5WTL,IUMTLMV&UsingCodes=Y&VPD=Y&VFD=N",2026-08-10
2023-01-31,IUM5WTL,5.56,bank_of_england_iadb,"https://www.bankofengland.co.uk/boeapps/database/_iadb-fromshowcolumns.asp?csv.x=yes&Datefrom=01/Jan/1975&Dateto=now&SeriesCodes=IUDBEDR,IUMBV34,IUMBV37,IUMBV42,IUMBV45,IUM2WTL,IUM5WTL,IUMTLMV&UsingCodes=Y&VPD=Y&VFD=N",2026-08-10
2023-01-31,IUMTLMV,6.61,bank_of_england_iadb,"https://www.bankofengland.co.uk/boeapps/database/_iadb-fromshowcolumns.asp?csv.x=yes&Datefrom=01/Jan/1975&Dateto=now&SeriesCodes=IUDBEDR,IUMBV34,IUMBV37,IUMBV42,IUMBV45,IUM2WTL,IUM5WTL,IUMTLMV&UsingCodes=Y&VPD=Y&VFD=N",2026-08-10
2023-02-28,IUMBV34,4.79,bank_of_england_iadb,"https://www.bankofengland.co.uk/boeapps/database/_iadb-fromshowcolumns.asp?csv.x=yes&Datefrom=01/Jan/1975&Dateto=now&SeriesCodes=IUDBEDR,IUMBV34,IUMBV37,IUMBV42,IUMBV45,IUM2WTL,IUM5WTL,IUMTLMV&UsingCodes=Y&VPD=Y&VFD=N",2026-08-10
2023-02-28,IUMBV37,4.66,bank_of_england_iadb,"https://www.bankofengland.co.uk/boeapps/database/_iadb-fromshowcolumns.asp?csv.x=yes&Datefrom=01/Jan/1975&Dateto=now&SeriesCodes=IUDBEDR,IUMBV34,IUMBV37,IUMBV42,IUMBV45,IUM2WTL,IUM5WTL,IUMTLMV&UsingCodes=Y&VPD=Y&VFD=N",2026-08-10
2023-02-28,IUMBV42,4.36,bank_of_england_iadb,"https://www.bankofengland.co.uk/boeapps/database/_iadb-fromshowcolumns.asp?csv.x=yes&Datefrom=01/Jan/1975&Dateto=now&SeriesCodes=IUDBEDR,IUMBV34,IUMBV37,IUMBV42,IUMBV45,IUM2WTL,IUM5WTL,IUMTLMV&UsingCodes=Y&VPD=Y&VFD=N",2026-08-10
2023-02-28,IUMBV45,4.42,bank_of_england_iadb,"https://www.bankofengland.co.uk/boeapps/database/_iadb-fromshowcolumns.asp?csv.x=yes&Datefrom=01/Jan/1975&Dateto=now&SeriesCodes=IUDBEDR,IUMBV34,IUMBV37,IUMBV42,IUMBV45,IUM2WTL,IUM5WTL,IUMTLMV&UsingCodes=Y&VPD=Y&VFD=N",2026-08-10
2023-02-28,IUM2WTL,5.86,bank_of_england_iadb,"https://www.bankofengland.co.uk/boeapps/database/_iadb-fromshowcolumns.asp?csv.x=yes&Datefrom=01/Jan/1975&Dateto=now&SeriesCodes=IUDBEDR,IUMBV34,IUMBV37,IUMBV42,IUMBV45,IUM2WTL,IUM5WTL,IUMTLMV&UsingCodes=Y&VPD=Y&VFD=N",2026-08-10
2023-02-28,IUM5WTL,5.31,bank_of_england_iadb,"https://www.bankofengland.co.uk/boeapps/database/_iadb-fromshowcolumns.asp?csv.x=yes&Datefrom=01/Jan/1975&Dateto=now&SeriesCodes=IUDBEDR,IUMBV34,IUMBV37,IUMBV42,IUMBV45,IUM2WTL,IUM5WTL,IUMTLMV&UsingCodes=Y&VPD=Y&VFD=N",2026-08-10
2023-02-28,IUMTLMV,6.97,bank_of_england_iadb,"https://www.bankofengland.co.uk/boeapps/database/_iadb-fromshowcolumns.asp?csv.x=yes&Datefrom=01/Jan/1975&Dateto=now&SeriesCodes=IUDBEDR,IUMBV34,IUMBV37,IUMBV42,IUMBV45,IUM2WTL,IUM5WTL,IUMTLMV&UsingCodes=Y&VPD=Y&VFD=N",2026-08-10
2023-03-31,IUMBV34,4.74,bank_of_england_iadb,"https://www.bankofengland.co.uk/boeapps/database/_iadb-fromshowcolumns.asp?csv.x=yes&Datefrom=01/Jan/1975&Dateto=now&SeriesCodes=IUDBEDR,IUMBV34,IUMBV37,IUMBV42,IUMBV45,IUM2WTL,IUM5WTL,IUMTLMV&UsingCodes=Y&VPD=Y&VFD=N",2026-08-10
2023-03-31,IUMBV37,4.56,bank_of_england_iadb,"https://www.bankofengland.co.uk/boeapps/database/_iadb-fromshowcolumns.asp?csv.x=yes&Datefrom=01/Jan/1975&Dateto=now&SeriesCodes=IUDBEDR,IUMBV34,IUMBV37,IUMBV42,IUMBV45,IUM2WTL,IUM5WTL,IUMTLMV&UsingCodes=Y&VPD=Y&VFD=N",2026-08-10
2023-03-31,IUMBV42,4.26,bank_of_england_iadb,"https://www.bankofengland.co.uk/boeapps/database/_iadb-fromshowcolumns.asp?csv.x=yes&Datefrom=01/Jan/1975&Dateto=now&SeriesCodes=IUDBEDR,IUMBV34,IUMBV37,IUMBV42,IUMBV45,IUM2WTL,IUM5WTL,IUMTLMV&UsingCodes=Y&VPD=Y&VFD=N",2026-08-10
2023-03-31,IUMBV45,4.33,bank_of_england_iadb,"https://www.bankofengland.co.uk/boeapps/database/_iadb-fromshowcolumns.asp?csv.x=yes&Datefrom=01/Jan/1975&Dateto=now&SeriesCodes=IUDBEDR,IUMBV34,IUMBV37,IUMBV42,IUMBV45,IUM2WTL,IUM5WTL,IUMTLMV&UsingCodes=Y&VPD=Y&VFD=N",2026-08-10
2023-03-31,IUM2WTL,5.77,bank_of_england_iadb,"https://www.bankofengland.co.uk/boeapps/database/_iadb-fromshowcolumns.asp?csv.x=yes&Datefrom=01/Jan/1975&Dateto=now&SeriesCodes=IUDBEDR,IUMBV34,IUMBV37,IUMBV42,IUMBV45,IUM2WTL,IUM5WTL,IUMTLMV&UsingCodes=Y&VPD=Y&VFD=N",2026-08-10
2023-03-31,IUM5WTL,5.19,bank_of_england_iadb,"https://www.bankofengland.co.uk/boeapps/database/_iadb-fromshowcolumns.asp?csv.x=yes&Datefrom=01/Jan/1975&Dateto=now&SeriesCodes=IUDBEDR,IUMBV34,IUMBV37,IUMBV42,IUMBV45,IUM2WTL,IUM5WTL,IUMTLMV&UsingCodes=Y&VPD=Y&VFD=N",2026-08-10
2023-03-31,IUMTLMV,7.16,bank_of_england_iadb,"https://www.bankofengland.co.uk/boeapps/database/_iadb-fromshowcolumns.asp?csv.x=yes&Datefrom=01/Jan/1975&Dateto=now&SeriesCodes=IUDBEDR,IUMBV34,IUMBV37,IUMBV42,IUMBV45,IUM2WTL,IUM5WTL,IUMTLMV&UsingCodes=Y&VPD=Y&VFD=N",2026-08-10
2023-04-30,IUMBV34,4.6,bank_of_england_iadb,"https://www.bankofengland.co.uk/boeapps/database/_iadb-fromshowcolumns.asp?csv.x=yes&Datefrom=01/Jan/1975&Dateto=now&SeriesCodes=IUDBEDR,IUMBV34,IUMBV37,IUMBV42,IUMBV45,IUM2WTL,IUM5WTL,IUMTLMV&UsingCodes=Y&VPD=Y&VFD=N",2026-08-10
2023-04-30,IUMBV37,4.36,bank_of_england_iadb,"https://www.bankofengland.co.uk/boeapps/database/_iadb-fromshowcolumns.asp?csv.x=yes&Datefrom=01/Jan/1975&Dateto=now&SeriesCodes=IUDBEDR,IUMBV34,IUMBV37,IUMBV42,IUMBV45,IUM2WTL,IUM5WTL,IUMTLMV&UsingCodes=Y&VPD=Y&VFD=N",2026-08-10
2023-04-30,IUMBV42,4.16,bank_of_england_iadb,"https://www.bankofengland.co.uk/boeapps/database/_iadb-fromshowcolumns.asp?csv.x=yes&Datefrom=01/Jan/1975&Dateto=now&SeriesCodes=IUDBEDR,IUMBV34,IUMBV37,IUMBV42,IUMBV45,IUM2WTL,IUM5WTL,IUMTLMV&UsingCodes=Y&VPD=Y&VFD=N",2026-08-10
2023-04-30,IUMBV45,4.23,bank_of_england_iadb,"https://www.bankofengland.co.uk/boeapps/database/_iadb-fromshowcolumns.asp?csv.x=yes&Datefrom=01/Jan/1975&Dateto=now&SeriesCodes=IUDBEDR,IUMBV34,IUMBV37,IUMBV42,IUMBV45,IUM2WTL,IUM5WTL,IUMTLMV&UsingCodes=Y&VPD=Y&VFD=N",2026-08-10
2023-04-30,IUM2WTL,5.65,bank_of_england_iadb,"https://www.bankofengland.co.uk/boeapps/database/_iadb-fromshowcolumns.asp?csv.x=yes&Datefrom=01/Jan/1975&Dateto=now&SeriesCodes=IUDBEDR,IUMBV34,IUMBV37,IUMBV42,IUMBV45,IUM2WTL,IUM5WTL,IUMTLMV&UsingCodes=Y&VPD=Y&VFD=N",2026-08-10
2023-04-30,IUM5WTL,5.08,bank_of_england_iadb,"https://www.bankofengland.co.uk/boeapps/database/_iadb-fromshowcolumns.asp?csv.x=yes&Datefrom=01/Jan/1975&Dateto=now&SeriesCodes=IUDBEDR,IUMBV34,IUMBV37,IUMBV42,IUMBV45,IUM2WTL,IUM5WTL,IUMTLMV&UsingCodes=Y&VPD=Y&VFD=N",2026-08-10
2023-04-30,IUMTLMV,7.3,bank_of_england_iadb,"https://www.bankofengland.co.uk/boeapps/database/_iadb-fromshowcolumns.asp?csv.x=yes&Datefrom=01/Jan/1975&Dateto=now&SeriesCodes=IUDBEDR,IUMBV34,IUMBV37,IUMBV42,IUMBV45,IUM2WTL,IUM5WTL,IUMTLMV&UsingCodes=Y&VPD=Y&VFD=N",2026-08-10
2023-05-31,IUMBV34,4.72,bank_of_england_iadb,"https://www.bankofengland.co.uk/boeapps/database/_iadb-fromshowcolumns.asp?csv.x=yes&Datefrom=01/Jan/1975&Dateto=now&SeriesCodes=IUDBEDR,IUMBV34,IUMBV37,IUMBV42,IUMBV45,IUM2WTL,IUM5WTL,IUMTLMV&UsingCodes=Y&VPD=Y&VFD=N",2026-08-10
2023-05-31,IUMBV37,4.46,bank_of_england_iadb,"https://www.bankofengland.co.uk/boeapps/database/_iadb-fromshowcolumns.asp?csv.x=yes&Datefrom=01/Jan/1975&Dateto=now&SeriesCodes=IUDBEDR,IUMBV34,IUMBV37,IUMBV42,IUMBV45,IUM2WTL,IUM5WTL,IUMTLMV&UsingCodes=Y&VPD=Y&VFD=N",2026-08-10
2023-05-31,IUMBV42,4.28,bank_of_england_iadb,"https://www.bankofengland.co.uk/boeapps/database/_iadb-fromshowcolumns.asp?csv.x=yes&Datefrom=01/Jan/1975&Dateto=now&SeriesCodes=IUDBEDR,IUMBV34,IUMBV37,IUMBV42,IUMBV45,IUM2WTL,IUM5WTL,IUMTLMV&UsingCodes=Y&VPD=Y&VFD=N",2026-08-10
2023-05-31,IUMBV45,4.4,bank_of_england_iadb,"https://www.bankofengland.co.uk/boeapps/database/_iadb-fromshowcolumns.asp?csv.x=yes&Datefrom=01/Jan/1975&Dateto=now&SeriesCodes=IUDBEDR,IUMBV34,IUMBV37,IUMBV42,IUMBV45,IUM2WTL,IUM5WTL,IUMTLMV&UsingCodes=Y&VPD=Y&VFD=N",2026-08-10
2023-05-31,IUM2WTL,5.67,bank_of_england_iadb,"https://www.bankofengland.co.uk/boeapps/database/_iadb-fromshowcolumns.asp?csv.x=yes&Datefrom=01/Jan/1975&Dateto=now&SeriesCodes=IUDBEDR,IUMBV34,IUMBV37,IUMBV42,IUMBV45,IUM2WTL,IUM5WTL,IUMTLMV&UsingCodes=Y&VPD=Y&VFD=N",2026-08-10
2023-05-31,IUM5WTL,5.15,bank_of_england_iadb,"https://www.bankofengland.co.uk/boeapps/database/_iadb-fromshowcolumns.asp?csv.x=yes&Datefrom=01/Jan/1975&Dateto=now&SeriesCodes=IUDBEDR,IUMBV34,IUMBV37,IUMBV42,IUMBV45,IUM2WTL,IUM5WTL,IUMTLMV&UsingCodes=Y&VPD=Y&VFD=N",2026-08-10
2023-05-31,IUMTLMV,7.38,bank_of_england_iadb,"https://www.bankofengland.co.uk/boeapps/database/_iadb-fromshowcolumns.asp?csv.x=yes&Datefrom=01/Jan/1975&Dateto=now&SeriesCodes=IUDBEDR,IUMBV34,IUMBV37,IUMBV42,IUMBV45,IUM2WTL,IUM5WTL,IUMTLMV&UsingCodes=Y&VPD=Y&VFD=N",2026-08-10
2023-06-30,IUMBV34,5.49,bank_of_england_iadb,"https://www.bankofengland.co.uk/boeapps/database/_iadb-fromshowcolumns.asp?csv.x=yes&Datefrom=01/Jan/1975&Dateto=now&SeriesCodes=IUDBEDR,IUMBV34,IUMBV37,IUMBV42,IUMBV45,IUM2WTL,IUM5WTL,IUMTLMV&UsingCodes=Y&VPD=Y&VFD=N",2026-08-10
2023-06-30,IUMBV37,5.16,bank_of_england_iadb,"https://www.bankofengland.co.uk/boeapps/database/_iadb-fromshowcolumns.asp?csv.x=yes&Datefrom=01/Jan/1975&Dateto=now&SeriesCodes=IUDBEDR,IUMBV34,IUMBV37,IUMBV42,IUMBV45,IUM2WTL,IUM5WTL,IUMTLMV&UsingCodes=Y&VPD=Y&VFD=N",2026-08-10
2023-06-30,IUMBV42,4.95,bank_of_england_iadb,"https://www.bankofengland.co.uk/boeapps/database/_iadb-fromshowcolumns.asp?csv.x=yes&Datefrom=01/Jan/1975&Dateto=now&SeriesCodes=IUDBEDR,IUMBV34,IUMBV37,IUMBV42,IUMBV45,IUM2WTL,IUM5WTL,IUMTLMV&UsingCodes=Y&VPD=Y&VFD=N",2026-08-10
2023-06-30,IUMBV45,4.83,bank_of_england_iadb,"https://www.bankofengland.co.uk/boeapps/database/_iadb-fromshowcolumns.asp?csv.x=yes&Datefrom=01/Jan/1975&Dateto=now&SeriesCodes=IUDBEDR,IUMBV34,IUMBV37,IUMBV42,IUMBV45,IUM2WTL,IUM5WTL,IUMTLMV&UsingCodes=Y&VPD=Y&VFD=N",2026-08-10
2023-06-30,IUM2WTL,6.28,bank_of_england_iadb,"https://www.bankofengland.co.uk/boeapps/database/_iadb-fromshowcolumns.asp?csv.x=yes&Datefrom=01/Jan/1975&Dateto=now&SeriesCodes=IUDBEDR,IUMBV34,IUMBV37,IUMBV42,IUMBV45,IUM2WTL,IUM5WTL,IUMTLMV&UsingCodes=Y&VPD=Y&VFD=N",2026-08-10
2023-06-30,IUM5WTL,5.7,bank_of_england_iadb,"https://www.bankofengland.co.uk/boeapps/database/_iadb-fromshowcolumns.asp?csv.x=yes&Datefrom=01/Jan/1975&Dateto=now&SeriesCodes=IUDBEDR,IUMBV34,IUMBV37,IUMBV42,IUMBV45,IUM2WTL,IUM5WTL,IUMTLMV&UsingCodes=Y&VPD=Y&VFD=N",2026-08-10
2023-06-30,IUMTLMV,7.47,bank_of_england_iadb,"https://www.bankofengland.co.uk/boeapps/database/_iadb-fromshowcolumns.asp?csv.x=yes&Datefrom=01/Jan/1975&Dateto=now&SeriesCodes=IUDBEDR,IUMBV34,IUMBV37,IUMBV42,IUMBV45,IUM2WTL,IUM5WTL,IUMTLMV&UsingCodes=Y&VPD=Y&VFD=N",2026-08-10
2023-07-31,IUMBV34,6.22,bank_of_england_iadb,"https://www.bankofengland.co.uk/boeapps/database/_iadb-fromshowcolumns.asp?csv.x=yes&Datefrom=01/Jan/1975&Dateto=now&SeriesCodes=IUDBEDR,IUMBV34,IUMBV37,IUMBV42,IUMBV45,IUM2WTL,IUM5WTL,IUMTLMV&UsingCodes=Y&VPD=Y&VFD=N",2026-08-10
2023-07-31,IUMBV37,5.93,bank_of_england_iadb,"https://www.bankofengland.co.uk/boeapps/database/_iadb-fromshowcolumns.asp?csv.x=yes&Datefrom=01/Jan/1975&Dateto=now&SeriesCodes=IUDBEDR,IUMBV34,IUMBV37,IUMBV42,IUMBV45,IUM2WTL,IUM5WTL,IUMTLMV&UsingCodes=Y&VPD=Y&VFD=N",2026-08-10
2023-07-31,IUMBV42,5.71,bank_of_england_iadb,"https://www.bankofengland.co.uk/boeapps/database/_iadb-fromshowcolumns.asp?csv.x=yes&Datefrom=01/Jan/1975&Dateto=now&SeriesCodes=IUDBEDR,IUMBV34,IUMBV37,IUMBV42,IUMBV45,IUM2WTL,IUM5WTL,IUMTLMV&UsingCodes=Y&VPD=Y&VFD=N",2026-08-10
2023-07-31,IUMBV45,5.16,bank_of_england_iadb,"https://www.bankofengland.co.uk/boeapps/database/_iadb-fromshowcolumns.asp?csv.x=yes&Datefrom=01/Jan/1975&Dateto=now&SeriesCodes=IUDBEDR,IUMBV34,IUMBV37,IUMBV42,IUMBV45,IUM2WTL,IUM5WTL,IUMTLMV&UsingCodes=Y&VPD=Y&VFD=N",2026-08-10
2023-07-31,IUM2WTL,6.88,bank_of_england_iadb,"https://www.bankofengland.co.uk/boeapps/database/_iadb-fromshowcolumns.asp?csv.x=yes&Datefrom=01/Jan/1975&Dateto=now&SeriesCodes=IUDBEDR,IUMBV34,IUMBV37,IUMBV42,IUMBV45,IUM2WTL,IUM5WTL,IUMTLMV&UsingCodes=Y&VPD=Y&VFD=N",2026-08-10
2023-07-31,IUM5WTL,6.26,bank_of_england_iadb,"https://www.bankofengland.co.uk/boeapps/database/_iadb-fromshowcolumns.asp?csv.x=yes&Datefrom=01/Jan/1975&Dateto=now&SeriesCodes=IUDBEDR,IUMBV34,IUMBV37,IUMBV42,IUMBV45,IUM2WTL,IUM5WTL,IUMTLMV&UsingCodes=Y&VPD=Y&VFD=N",2026-08-10
2023-07-31,IUMTLMV,7.64,bank_of_england_iadb,"https://www.bankofengland.co.uk/boeapps/database/_iadb-fromshowcolumns.asp?csv.x=yes&Datefrom=01/Jan/1975&Dateto=now&SeriesCodes=IUDBEDR,IUMBV34,IUMBV37,IUMBV42,IUMBV45,IUM2WTL,IUM5WTL,IUMTLMV&UsingCodes=Y&VPD=Y&VFD=N",2026-08-10
2023-08-31,IUMBV34,6.18,bank_of_england_iadb,"https://www.bankofengland.co.uk/boeapps/database/_iadb-fromshowcolumns.asp?csv.x=yes&Datefrom=01/Jan/1975&Dateto=now&SeriesCodes=IUDBEDR,IUMBV34,IUMBV37,IUMBV42,IUMBV45,IUM2WTL,IUM5WTL,IUMTLMV&UsingCodes=Y&VPD=Y&VFD=N",2026-08-10
2023-08-31,IUMBV37,6.01,bank_of_england_iadb,"https://www.bankofengland.co.uk/boeapps/database/_iadb-fromshowcolumns.asp?csv.x=yes&Datefrom=01/Jan/1975&Dateto=now&SeriesCodes=IUDBEDR,IUMBV34,IUMBV37,IUMBV42,IUMBV45,IUM2WTL,IUM5WTL,IUMTLMV&UsingCodes=Y&VPD=Y&VFD=N",2026-08-10
2023-08-31,IUMBV42,5.53,bank_of_england_iadb,"https://www.bankofengland.co.uk/boeapps/database/_iadb-fromshowcolumns.asp?csv.x=yes&Datefrom=01/Jan/1975&Dateto=now&SeriesCodes=IUDBEDR,IUMBV34,IUMBV37,IUMBV42,IUMBV45,IUM2WTL,IUM5WTL,IUMTLMV&UsingCodes=Y&VPD=Y&VFD=N",2026-08-10
2023-08-31,IUMBV45,5.14,bank_of_england_iadb,"https://www.bankofengland.co.uk/boeapps/database/_iadb-fromshowcolumns.asp?csv.x=yes&Datefrom=01/Jan/1975&Dateto=now&SeriesCodes=IUDBEDR,IUMBV34,IUMBV37,IUMBV42,IUMBV45,IUM2WTL,IUM5WTL,IUMTLMV&UsingCodes=Y&VPD=Y&VFD=N",2026-08-10
2023-08-31,IUM2WTL,6.93,bank_of_england_iadb,"https://www.bankofengland.co.uk/boeapps/database/_iadb-fromshowcolumns.asp?csv.x=yes&Datefrom=01/Jan/1975&Dateto=now&SeriesCodes=IUDBEDR,IUMBV34,IUMBV37,IUMBV42,IUMBV45,IUM2WTL,IUM5WTL,IUMTLMV&UsingCodes=Y&VPD=Y&VFD=N",2026-08-10
2023-08-31,IUM5WTL,6.27,bank_of_england_iadb,"https://www.bankofengland.co.uk/boeapps/database/_iadb-fromshowcolumns.asp?csv.x=yes&Datefrom=01/Jan/1975&Dateto=now&SeriesCodes=IUDBEDR,IUMBV34,IUMBV37,IUMBV42,IUMBV45,IUM2WTL,IUM5WTL,IUMTLMV&UsingCodes=Y&VPD=Y&VFD=N",2026-08-10
2023-08-31,IUMTLMV,7.91,bank_of_england_iadb,"https://www.bankofengland.co.uk/boeapps/database/_iadb-fromshowcolumns.asp?csv.x=yes&Datefrom=01/Jan/1975&Dateto=now&SeriesCodes=IUDBEDR,IUMBV34,IUMBV37,IUMBV42,IUMBV45,IUM2WTL,IUM5WTL,IUMTLMV&UsingCodes=Y&VPD=Y&VFD=N",2026-08-10
2023-09-30,IUMBV34,5.91,bank_of_england_iadb,"https://www.bankofengland.co.uk/boeapps/database/_iadb-fromshowcolumns.asp?csv.x=yes&Datefrom=01/Jan/1975&Dateto=now&SeriesCodes=IUDBEDR,IUMBV34,IUMBV37,IUMBV42,IUMBV45,IUM2WTL,IUM5WTL,IUMTLMV&UsingCodes=Y&VPD=Y&VFD=N",2026-08-10
2023-09-30,IUMBV37,5.79,bank_of_england_iadb,"https://www.bankofengland.co.uk/boeapps/database/_iadb-fromshowcolumns.asp?csv.x=yes&Datefrom=01/Jan/1975&Dateto=now&SeriesCodes=IUDBEDR,IUMBV34,IUMBV37,IUMBV42,IUMBV45,IUM2WTL,IUM5WTL,IUMTLMV&UsingCodes=Y&VPD=Y&VFD=N",2026-08-10
2023-09-30,IUMBV42,5.24,bank_of_england_iadb,"https://www.bankofengland.co.uk/boeapps/database/_iadb-fromshowcolumns.asp?csv.x=yes&Datefrom=01/Jan/1975&Dateto=now&SeriesCodes=IUDBEDR,IUMBV34,IUMBV37,IUMBV42,IUMBV45,IUM2WTL,IUM5WTL,IUMTLMV&UsingCodes=Y&VPD=Y&VFD=N",2026-08-10
2023-09-30,IUMBV45,5.1,bank_of_england_iadb,"https://www.bankofengland.co.uk/boeapps/database/_iadb-fromshowcolumns.asp?csv.x=yes&Datefrom=01/Jan/1975&Dateto=now&SeriesCodes=IUDBEDR,IUMBV34,IUMBV37,IUMBV42,IUMBV45,IUM2WTL,IUM5WTL,IUMTLMV&UsingCodes=Y&VPD=Y&VFD=N",2026-08-10
2023-09-30,IUM2WTL,6.75,bank_of_england_iadb,"https://www.bankofengland.co.uk/boeapps/database/_iadb-fromshowcolumns.asp?csv.x=yes&Datefrom=01/Jan/1975&Dateto=now&SeriesCodes=IUDBEDR,IUMBV34,IUMBV37,IUMBV42,IUMBV45,IUM2WTL,IUM5WTL,IUMTLMV&UsingCodes=Y&VPD=Y&VFD=N",2026-08-10
2023-09-30,IUM5WTL,6.01,bank_of_england_iadb,"https://www.bankofengland.co.uk/boeapps/database/_iadb-fromshowcolumns.asp?csv.x=yes&Datefrom=01/Jan/1975&Dateto=now&SeriesCodes=IUDBEDR,IUMBV34,IUMBV37,IUMBV42,IUMBV45,IUM2WTL,IUM5WTL,IUMTLMV&UsingCodes=Y&VPD=Y&VFD=N",2026-08-10
2023-09-30,IUMTLMV,7.98,bank_of_england_iadb,"https://www.bankofengland.co.uk/boeapps/database/_iadb-fromshowcolumns.asp?csv.x=yes&Datefrom=01/Jan/1975&Dateto=now&SeriesCodes=IUDBEDR,IUMBV34,IUMBV37,IUMBV42,IUMBV45,IUM2WTL,IUM5WTL,IUMTLMV&UsingCodes=Y&VPD=Y&VFD=N",2026-08-10
2023-10-31,IUMBV34,5.6,bank_of_england_iadb,"https://www.bankofengland.co.uk/boeapps/database/_iadb-fromshowcolumns.asp?csv.x=yes&Datefrom=01/Jan/1975&Dateto=now&SeriesCodes=IUDBEDR,IUMBV34,IUMBV37,IUMBV42,IUMBV45,IUM2WTL,IUM5WTL,IUMTLMV&UsingCodes=Y&VPD=Y&VFD=N",2026-08-10
2023-10-31,IUMBV37,5.43,bank_of_england_iadb,"https://www.bankofengland.co.uk/boeapps/database/_iadb-fromshowcolumns.asp?csv.x=yes&Datefrom=01/Jan/1975&Dateto=now&SeriesCodes=IUDBEDR,IUMBV34,IUMBV37,IUMBV42,IUMBV45,IUM2WTL,IUM5WTL,IUMTLMV&UsingCodes=Y&VPD=Y&VFD=N",2026-08-10
2023-10-31,IUMBV42,5.02,bank_of_england_iadb,"https://www.bankofengland.co.uk/boeapps/database/_iadb-fromshowcolumns.asp?csv.x=yes&Datefrom=01/Jan/1975&Dateto=now&SeriesCodes=IUDBEDR,IUMBV34,IUMBV37,IUMBV42,IUMBV45,IUM2WTL,IUM5WTL,IUMTLMV&UsingCodes=Y&VPD=Y&VFD=N",2026-08-10
2023-10-31,IUMBV45,4.99,bank_of_england_iadb,"https://www.bankofengland.co.uk/boeapps/database/_iadb-fromshowcolumns.asp?csv.x=yes&Datefrom=01/Jan/1975&Dateto=now&SeriesCodes=IUDBEDR,IUMBV34,IUMBV37,IUMBV42,IUMBV45,IUM2WTL,IUM5WTL,IUMTLMV&UsingCodes=Y&VPD=Y&VFD=N",2026-08-10
2023-10-31,IUM2WTL,6.6,bank_of_england_iadb,"https://www.bankofengland.co.uk/boeapps/database/_iadb-fromshowcolumns.asp?csv.x=yes&Datefrom=01/Jan/1975&Dateto=now&SeriesCodes=IUDBEDR,IUMBV34,IUMBV37,IUMBV42,IUMBV45,IUM2WTL,IUM5WTL,IUMTLMV&UsingCodes=Y&VPD=Y&VFD=N",2026-08-10
2023-10-31,IUM5WTL,5.87,bank_of_england_iadb,"https://www.bankofengland.co.uk/boeapps/database/_iadb-fromshowcolumns.asp?csv.x=yes&Datefrom=01/Jan/1975&Dateto=now&SeriesCodes=IUDBEDR,IUMBV34,IUMBV37,IUMBV42,IUMBV45,IUM2WTL,IUM5WTL,IUMTLMV&UsingCodes=Y&VPD=Y&VFD=N",2026-08-10
2023-10-31,IUMTLMV,8.02,bank_of_england_iadb,"https://www.bankofengland.co.uk/boeapps/database/_iadb-fromshowcolumns.asp?csv.x=yes&Datefrom=01/Jan/1975&Dateto=now&SeriesCodes=IUDBEDR,IUMBV34,IUMBV37,IUMBV42,IUMBV45,IUM2WTL,IUM5WTL,IUMTLMV&UsingCodes=Y&VPD=Y&VFD=N",2026-08-10
2023-11-30,IUMBV34,5.28,bank_of_england_iadb,"https://www.bankofengland.co.uk/boeapps/database/_iadb-fromshowcolumns.asp?csv.x=yes&Datefrom=01/Jan/1975&Dateto=now&SeriesCodes=IUDBEDR,IUMBV34,IUMBV37,IUMBV42,IUMBV45,IUM2WTL,IUM5WTL,IUMTLMV&UsingCodes=Y&VPD=Y&VFD=N",2026-08-10
2023-11-30,IUMBV37,5.27,bank_of_england_iadb,"https://www.bankofengland.co.uk/boeapps/database/_iadb-fromshowcolumns.asp?csv.x=yes&Datefrom=01/Jan/1975&Dateto=now&SeriesCodes=IUDBEDR,IUMBV34,IUMBV37,IUMBV42,IUMBV45,IUM2WTL,IUM5WTL,IUMTLMV&UsingCodes=Y&VPD=Y&VFD=N",2026-08-10
2023-11-30,IUMBV42,4.89,bank_of_england_iadb,"https://www.bankofengland.co.uk/boeapps/database/_iadb-fromshowcolumns.asp?csv.x=yes&Datefrom=01/Jan/1975&Dateto=now&SeriesCodes=IUDBEDR,IUMBV34,IUMBV37,IUMBV42,IUMBV45,IUM2WTL,IUM5WTL,IUMTLMV&UsingCodes=Y&VPD=Y&VFD=N",2026-08-10
2023-11-30,IUMBV45,4.89,bank_of_england_iadb,"https://www.bankofengland.co.uk/boeapps/database/_iadb-fromshowcolumns.asp?csv.x=yes&Datefrom=01/Jan/1975&Dateto=now&SeriesCodes=IUDBEDR,IUMBV34,IUMBV37,IUMBV42,IUMBV45,IUM2WTL,IUM5WTL,IUMTLMV&UsingCodes=Y&VPD=Y&VFD=N",2026-08-10
2023-11-30,IUM2WTL,6.38,bank_of_england_iadb,"https://www.bankofengland.co.uk/boeapps/database/_iadb-fromshowcolumns.asp?csv.x=yes&Datefrom=01/Jan/1975&Dateto=now&SeriesCodes=IUDBEDR,IUMBV34,IUMBV37,IUMBV42,IUMBV45,IUM2WTL,IUM5WTL,IUMTLMV&UsingCodes=Y&VPD=Y&VFD=N",2026-08-10
2023-11-30,IUM5WTL,5.71,bank_of_england_iadb,"https://www.bankofengland.co.uk/boeapps/database/_iadb-fromshowcolumns.asp?csv.x=yes&Datefrom=01/Jan/1975&Dateto=now&SeriesCodes=IUDBEDR,IUMBV34,IUMBV37,IUMBV42,IUMBV45,IUM2WTL,IUM5WTL,IUMTLMV&UsingCodes=Y&VPD=Y&VFD=N",2026-08-10
2023-11-30,IUMTLMV,8.0,bank_of_england_iadb,"https://www.bankofengland.co.uk/boeapps/database/_iadb-fromshowcolumns.asp?csv.x=yes&Datefrom=01/Jan/1975&Dateto=now&SeriesCodes=IUDBEDR,IUMBV34,IUMBV37,IUMBV42,IUMBV45,IUM2WTL,IUM5WTL,IUMTLMV&UsingCodes=Y&VPD=Y&VFD=N",2026-08-10
2023-12-31,IUMBV34,5.03,bank_of_england_iadb,"https://www.bankofengland.co.uk/boeapps/database/_iadb-fromshowcolumns.asp?csv.x=yes&Datefrom=01/Jan/1975&Dateto=now&SeriesCodes=IUDBEDR,IUMBV34,IUMBV37,IUMBV42,IUMBV45,IUM2WTL,IUM5WTL,IUMTLMV&UsingCodes=Y&VPD=Y&VFD=N",2026-08-10
2023-12-31,IUMBV37,5.07,bank_of_england_iadb,"https://www.bankofengland.co.uk/boeapps/database/_iadb-fromshowcolumns.asp?csv.x=yes&Datefrom=01/Jan/1975&Dateto=now&SeriesCodes=IUDBEDR,IUMBV34,IUMBV37,IUMBV42,IUMBV45,IUM2WTL,IUM5WTL,IUMTLMV&UsingCodes=Y&VPD=Y&VFD=N",2026-08-10
2023-12-31,IUMBV42,4.68,bank_of_england_iadb,"https://www.bankofengland.co.uk/boeapps/database/_iadb-fromshowcolumns.asp?csv.x=yes&Datefrom=01/Jan/1975&Dateto=now&SeriesCodes=IUDBEDR,IUMBV34,IUMBV37,IUMBV42,IUMBV45,IUM2WTL,IUM5WTL,IUMTLMV&UsingCodes=Y&VPD=Y&VFD=N",2026-08-10
2023-12-31,IUMBV45,4.7,bank_of_england_iadb,"https://www.bankofengland.co.uk/boeapps/database/_iadb-fromshowcolumns.asp?csv.x=yes&Datefrom=01/Jan/1975&Dateto=now&SeriesCodes=IUDBEDR,IUMBV34,IUMBV37,IUMBV42,IUMBV45,IUM2WTL,IUM5WTL,IUMTLMV&UsingCodes=Y&VPD=Y&VFD=N",2026-08-10
2023-12-31,IUM2WTL,6.18,bank_of_england_iadb,"https://www.bankofengland.co.uk/boeapps/database/_iadb-fromshowcolumns.asp?csv.x=yes&Datefrom=01/Jan/1975&Dateto=now&SeriesCodes=IUDBEDR,IUMBV34,IUMBV37,IUMBV42,IUMBV45,IUM2WTL,IUM5WTL,IUMTLMV&UsingCodes=Y&VPD=Y&VFD=N",2026-08-10
2023-12-31,IUM5WTL,5.52,bank_of_england_iadb,"https://www.bankofengland.co.uk/boeapps/database/_iadb-fromshowcolumns.asp?csv.x=yes&Datefrom=01/Jan/1975&Dateto=now&SeriesCodes=IUDBEDR,IUMBV34,IUMBV37,IUMBV42,IUMBV45,IUM2WTL,IUM5WTL,IUMTLMV&UsingCodes=Y&VPD=Y&VFD=N",2026-08-10
2023-12-31,IUMTLMV,7.92,bank_of_england_iadb,"https://www.bankofengland.co.uk/boeapps/database/_iadb-fromshowcolumns.asp?csv.x=yes&Datefrom=01/Jan/1975&Dateto=now&SeriesCodes=IUDBEDR,IUMBV34,IUMBV37,IUMBV42,IUMBV45,IUM2WTL,IUM5WTL,IUMTLMV&UsingCodes=Y&VPD=Y&VFD=N",2026-08-10
2024-01-31,IUMBV34,4.71,bank_of_england_iadb,"https://www.bankofengland.co.uk/boeapps/database/_iadb-fromshowcolumns.asp?csv.x=yes&Datefrom=01/Jan/1975&Dateto=now&SeriesCodes=IUDBEDR,IUMBV34,IUMBV37,IUMBV42,IUMBV45,IUM2WTL,IUM5WTL,IUMTLMV&UsingCodes=Y&VPD=Y&VFD=N",2026-08-10
2024-01-31,IUMBV37,4.75,bank_of_england_iadb,"https://www.bankofengland.co.uk/boeapps/database/_iadb-fromshowcolumns.asp?csv.x=yes&Datefrom=01/Jan/1975&Dateto=now&SeriesCodes=IUDBEDR,IUMBV34,IUMBV37,IUMBV42,IUMBV45,IUM2WTL,IUM5WTL,IUMTLMV&UsingCodes=Y&VPD=Y&VFD=N",2026-08-10
2024-01-31,IUMBV42,4.43,bank_of_england_iadb,"https://www.bankofengland.co.uk/boeapps/database/_iadb-fromshowcolumns.asp?csv.x=yes&Datefrom=01/Jan/1975&Dateto=now&SeriesCodes=IUDBEDR,IUMBV34,IUMBV37,IUMBV42,IUMBV45,IUM2WTL,IUM5WTL,IUMTLMV&UsingCodes=Y&VPD=Y&VFD=N",2026-08-10
2024-01-31,IUMBV45,4.68,bank_of_england_iadb,"https://www.bankofengland.co.uk/boeapps/database/_iadb-fromshowcolumns.asp?csv.x=yes&Datefrom=01/Jan/1975&Dateto=now&SeriesCodes=IUDBEDR,IUMBV34,IUMBV37,IUMBV42,IUMBV45,IUM2WTL,IUM5WTL,IUMTLMV&UsingCodes=Y&VPD=Y&VFD=N",2026-08-10
2024-01-31,IUM2WTL,5.87,bank_of_england_iadb,"https://www.bankofengland.co.uk/boeapps/database/_iadb-fromshowcolumns.asp?csv.x=yes&Datefrom=01/Jan/1975&Dateto=now&SeriesCodes=IUDBEDR,IUMBV34,IUMBV37,IUMBV42,IUMBV45,IUM2WTL,IUM5WTL,IUMTLMV&UsingCodes=Y&VPD=Y&VFD=N",2026-08-10
2024-01-31,IUM5WTL,5.24,bank_of_england_iadb,"https://www.bankofengland.co.uk/boeapps/database/_iadb-fromshowcolumns.asp?csv.x=yes&Datefrom=01/Jan/1975&Dateto=now&SeriesCodes=IUDBEDR,IUMBV34,IUMBV37,IUMBV42,IUMBV45,IUM2WTL,IUM5WTL,IUMTLMV&UsingCodes=Y&VPD=Y&VFD=N",2026-08-10
2024-01-31,IUMTLMV,7.94,bank_of_england_iadb,"https://www.bankofengland.co.uk/boeapps/database/_iadb-fromshowcolumns.asp?csv.x=yes&Datefrom=01/Jan/1975&Dateto=now&SeriesCodes=IUDBEDR,IUMBV34,IUMBV37,IUMBV42,IUMBV45,IUM2WTL,IUM5WTL,IUMTLMV&UsingCodes=Y&VPD=Y&VFD=N",2026-08-10
2024-02-29,IUMBV34,4.76,bank_of_england_iadb,"https://www.bankofengland.co.uk/boeapps/database/_iadb-fromshowcolumns.asp?csv.x=yes&Datefrom=01/Jan/1975&Dateto=now&SeriesCodes=IUDBEDR,IUMBV34,IUMBV37,IUMBV42,IUMBV45,IUM2WTL,IUM5WTL,IUMTLMV&UsingCodes=Y&VPD=Y&VFD=N",2026-08-10
2024-02-29,IUMBV37,4.53,bank_of_england_iadb,"https://www.bankofengland.co.uk/boeapps/database/_iadb-fromshowcolumns.asp?csv.x=yes&Datefrom=01/Jan/1975&Dateto=now&SeriesCodes=IUDBEDR,IUMBV34,IUMBV37,IUMBV42,IUMBV45,IUM2WTL,IUM5WTL,IUMTLMV&UsingCodes=Y&VPD=Y&VFD=N",2026-08-10
2024-02-29,IUMBV42,4.41,bank_of_england_iadb,"https://www.bankofengland.co.uk/boeapps/database/_iadb-fromshowcolumns.asp?csv.x=yes&Datefrom=01/Jan/1975&Dateto=now&SeriesCodes=IUDBEDR,IUMBV34,IUMBV37,IUMBV42,IUMBV45,IUM2WTL,IUM5WTL,IUMTLMV&UsingCodes=Y&VPD=Y&VFD=N",2026-08-10
2024-02-29,IUMBV45,4.75,bank_of_england_iadb,"https://www.bankofengland.co.uk/boeapps/database/_iadb-fromshowcolumns.asp?csv.x=yes&Datefrom=01/Jan/1975&Dateto=now&SeriesCodes=IUDBEDR,IUMBV34,IUMBV37,IUMBV42,IUMBV45,IUM2WTL,IUM5WTL,IUMTLMV&UsingCodes=Y&VPD=Y&VFD=N",2026-08-10
2024-02-29,IUM2WTL,5.73,bank_of_england_iadb,"https://www.bankofengland.co.uk/boeapps/database/_iadb-fromshowcolumns.asp?csv.x=yes&Datefrom=01/Jan/1975&Dateto=now&SeriesCodes=IUDBEDR,IUMBV34,IUMBV37,IUMBV42,IUMBV45,IUM2WTL,IUM5WTL,IUMTLMV&UsingCodes=Y&VPD=Y&VFD=N",2026-08-10
2024-02-29,IUM5WTL,5.16,bank_of_england_iadb,"https://www.bankofengland.co.uk/boeapps/database/_iadb-fromshowcolumns.asp?csv.x=yes&Datefrom=01/Jan/1975&Dateto=now&SeriesCodes=IUDBEDR,IUMBV34,IUMBV37,IUMBV42,IUMBV45,IUM2WTL,IUM5WTL,IUMTLMV&UsingCodes=Y&VPD=Y&VFD=N",2026-08-10
2024-02-29,IUMTLMV,7.94,bank_of_england_iadb,"https://www.bankofengland.co.uk/boeapps/database/_iadb-fromshowcolumns.asp?csv.x=yes&Datefrom=01/Jan/1975&Dateto=now&SeriesCodes=IUDBEDR,IUMBV34,IUMBV37,IUMBV42,IUMBV45,IUM2WTL,IUM5WTL,IUMTLMV&UsingCodes=Y&VPD=Y&VFD=N",2026-08-10
2024-03-31,IUMBV34,4.96,bank_of_england_iadb,"https://www.bankofengland.co.uk/boeapps/database/_iadb-fromshowcolumns.asp?csv.x=yes&Datefrom=01/Jan/1975&Dateto=now&SeriesCodes=IUDBEDR,IUMBV34,IUMBV37,IUMBV42,IUMBV45,IUM2WTL,IUM5WTL,IUMTLMV&UsingCodes=Y&VPD=Y&VFD=N",2026-08-10
2024-03-31,IUMBV37,4.73,bank_of_england_iadb,"https://www.bankofengland.co.uk/boeapps/database/_iadb-fromshowcolumns.asp?csv.x=yes&Datefrom=01/Jan/1975&Dateto=now&SeriesCodes=IUDBEDR,IUMBV34,IUMBV37,IUMBV42,IUMBV45,IUM2WTL,IUM5WTL,IUMTLMV&UsingCodes=Y&VPD=Y&VFD=N",2026-08-10
2024-03-31,IUMBV42,4.53,bank_of_england_iadb,"https://www.bankofengland.co.uk/boeapps/database/_iadb-fromshowcolumns.asp?csv.x=yes&Datefrom=01/Jan/1975&Dateto=now&SeriesCodes=IUDBEDR,IUMBV34,IUMBV37,IUMBV42,IUMBV45,IUM2WTL,IUM5WTL,IUMTLMV&UsingCodes=Y&VPD=Y&VFD=N",2026-08-10
2024-03-31,IUMBV45,4.79,bank_of_england_iadb,"https://www.bankofengland.co.uk/boeapps/database/_iadb-fromshowcolumns.asp?csv.x=yes&Datefrom=01/Jan/1975&Dateto=now&SeriesCodes=IUDBEDR,IUMBV34,IUMBV37,IUMBV42,IUMBV45,IUM2WTL,IUM5WTL,IUMTLMV&UsingCodes=Y&VPD=Y&VFD=N",2026-08-10
2024-03-31,IUM2WTL,5.83,bank_of_england_iadb,"https://www.bankofengland.co.uk/boeapps/database/_iadb-fromshowcolumns.asp?csv.x=yes&Datefrom=01/Jan/1975&Dateto=now&SeriesCodes=IUDBEDR,IUMBV34,IUMBV37,IUMBV42,IUMBV45,IUM2WTL,IUM5WTL,IUMTLMV&UsingCodes=Y&VPD=Y&VFD=N",2026-08-10
2024-03-31,IUM5WTL,5.3,bank_of_england_iadb,"https://www.bankofengland.co.uk/boeapps/database/_iadb-fromshowcolumns.asp?csv.x=yes&Datefrom=01/Jan/1975&Dateto=now&SeriesCodes=IUDBEDR,IUMBV34,IUMBV37,IUMBV42,IUMBV45,IUM2WTL,IUM5WTL,IUMTLMV&UsingCodes=Y&VPD=Y&VFD=N",2026-08-10
2024-03-31,IUMTLMV,7.93,bank_of_england_iadb,"https://www.bankofengland.co.uk/boeapps/database/_iadb-fromshowcolumns.asp?csv.x=yes&Datefrom=01/Jan/1975&Dateto=now&SeriesCodes=IUDBEDR,IUMBV34,IUMBV37,IUMBV42,IUMBV45,IUM2WTL,IUM5WTL,IUMTLMV&UsingCodes=Y&VPD=Y&VFD=N",2026-08-10
2024-04-30,IUMBV34,4.98,bank_of_england_iadb,"https://www.bankofengland.co.uk/boeapps/database/_iadb-fromshowcolumns.asp?csv.x=yes&Datefrom=01/Jan/1975&Dateto=now&SeriesCodes=IUDBEDR,IUMBV34,IUMBV37,IUMBV42,IUMBV45,IUM2WTL,IUM5WTL,IUMTLMV&UsingCodes=Y&VPD=Y&VFD=N",2026-08-10
2024-04-30,IUMBV37,4.74,bank_of_england_iadb,"https://www.bankofengland.co.uk/boeapps/database/_iadb-fromshowcolumns.asp?csv.x=yes&Datefrom=01/Jan/1975&Dateto=now&SeriesCodes=IUDBEDR,IUMBV34,IUMBV37,IUMBV42,IUMBV45,IUM2WTL,IUM5WTL,IUMTLMV&UsingCodes=Y&VPD=Y&VFD=N",2026-08-10
2024-04-30,IUMBV42,4.51,bank_of_england_iadb,"https://www.bankofengland.co.uk/boeapps/database/_iadb-fromshowcolumns.asp?csv.x=yes&Datefrom=01/Jan/1975&Dateto=now&SeriesCodes=IUDBEDR,IUMBV34,IUMBV37,IUMBV42,IUMBV45,IUM2WTL,IUM5WTL,IUMTLMV&UsingCodes=Y&VPD=Y&VFD=N",2026-08-10
2024-04-30,IUMBV45,4.78,bank_of_england_iadb,"https://www.bankofengland.co.uk/boeapps/database/_iadb-fromshowcolumns.asp?csv.x=yes&Datefrom=01/Jan/1975&Dateto=now&SeriesCodes=IUDBEDR,IUMBV34,IUMBV37,IUMBV42,IUMBV45,IUM2WTL,IUM5WTL,IUMTLMV&UsingCodes=Y&VPD=Y&VFD=N",2026-08-10
2024-04-30,IUM2WTL,5.87,bank_of_england_iadb,"https://www.bankofengland.co.uk/boeapps/database/_iadb-fromshowcolumns.asp?csv.x=yes&Datefrom=01/Jan/1975&Dateto=now&SeriesCodes=IUDBEDR,IUMBV34,IUMBV37,IUMBV42,IUMBV45,IUM2WTL,IUM5WTL,IUMTLMV&UsingCodes=Y&VPD=Y&VFD=N",2026-08-10
2024-04-30,IUM5WTL,5.34,bank_of_england_iadb,"https://www.bankofengland.co.uk/boeapps/database/_iadb-fromshowcolumns.asp?csv.x=yes&Datefrom=01/Jan/1975&Dateto=now&SeriesCodes=IUDBEDR,IUMBV34,IUMBV37,IUMBV42,IUMBV45,IUM2WTL,IUM5WTL,IUMTLMV&UsingCodes=Y&VPD=Y&VFD=N",2026-08-10
2024-04-30,IUMTLMV,8.0,bank_of_england_iadb,"https://www.bankofengland.co.uk/boeapps/database/_iadb-fromshowcolumns.asp?csv.x=yes&Datefrom=01/Jan/1975&Dateto=now&SeriesCodes=IUDBEDR,IUMBV34,IUMBV37,IUMBV42,IUMBV45,IUM2WTL,IUM5WTL,IUMTLMV&UsingCodes=Y&VPD=Y&VFD=N",2026-08-10
2024-05-31,IUMBV34,5.19,bank_of_england_iadb,"https://www.bankofengland.co.uk/boeapps/database/_iadb-fromshowcolumns.asp?csv.x=yes&Datefrom=01/Jan/1975&Dateto=now&SeriesCodes=IUDBEDR,IUMBV34,IUMBV37,IUMBV42,IUMBV45,IUM2WTL,IUM5WTL,IUMTLMV&UsingCodes=Y&VPD=Y&VFD=N",2026-08-10
2024-05-31,IUMBV37,4.88,bank_of_england_iadb,"https://www.bankofengland.co.uk/boeapps/database/_iadb-fromshowcolumns.asp?csv.x=yes&Datefrom=01/Jan/1975&Dateto=now&SeriesCodes=IUDBEDR,IUMBV34,IUMBV37,IUMBV42,IUMBV45,IUM2WTL,IUM5WTL,IUMTLMV&UsingCodes=Y&VPD=Y&VFD=N",2026-08-10
2024-05-31,IUMBV42,4.66,bank_of_england_iadb,"https://www.bankofengland.co.uk/boeapps/database/_iadb-fromshowcolumns.asp?csv.x=yes&Datefrom=01/Jan/1975&Dateto=now&SeriesCodes=IUDBEDR,IUMBV34,IUMBV37,IUMBV42,IUMBV45,IUM2WTL,IUM5WTL,IUMTLMV&UsingCodes=Y&VPD=Y&VFD=N",2026-08-10
2024-05-31,IUMBV45,4.87,bank_of_england_iadb,"https://www.bankofengland.co.uk/boeapps/database/_iadb-fromshowcolumns.asp?csv.x=yes&Datefrom=01/Jan/1975&Dateto=now&SeriesCodes=IUDBEDR,IUMBV34,IUMBV37,IUMBV42,IUMBV45,IUM2WTL,IUM5WTL,IUMTLMV&UsingCodes=Y&VPD=Y&VFD=N",2026-08-10
2024-05-31,IUM2WTL,6.04,bank_of_england_iadb,"https://www.bankofengland.co.uk/boeapps/database/_iadb-fromshowcolumns.asp?csv.x=yes&Datefrom=01/Jan/1975&Dateto=now&SeriesCodes=IUDBEDR,IUMBV34,IUMBV37,IUMBV42,IUMBV45,IUM2WTL,IUM5WTL,IUMTLMV&UsingCodes=Y&VPD=Y&VFD=N",2026-08-10
2024-05-31,IUM5WTL,5.48,bank_of_england_iadb,"https://www.bankofengland.co.uk/boeapps/database/_iadb-fromshowcolumns.asp?csv.x=yes&Datefrom=01/Jan/1975&Dateto=now&SeriesCodes=IUDBEDR,IUMBV34,IUMBV37,IUMBV42,IUMBV45,IUM2WTL,IUM5WTL,IUMTLMV&UsingCodes=Y&VPD=Y&VFD=N",2026-08-10
2024-05-31,IUMTLMV,8.0,bank_of_england_iadb,"https://www.bankofengland.co.uk/boeapps/database/_iadb-fromshowcolumns.asp?csv.x=yes&Datefrom=01/Jan/1975&Dateto=now&SeriesCodes=IUDBEDR,IUMBV34,IUMBV37,IUMBV42,IUMBV45,IUM2WTL,IUM5WTL,IUMTLMV&UsingCodes=Y&VPD=Y&VFD=N",2026-08-10
2024-06-30,IUMBV34,5.16,bank_of_england_iadb,"https://www.bankofengland.co.uk/boeapps/database/_iadb-fromshowcolumns.asp?csv.x=yes&Datefrom=01/Jan/1975&Dateto=now&SeriesCodes=IUDBEDR,IUMBV34,IUMBV37,IUMBV42,IUMBV45,IUM2WTL,IUM5WTL,IUMTLMV&UsingCodes=Y&VPD=Y&VFD=N",2026-08-10
2024-06-30,IUMBV37,4.86,bank_of_england_iadb,"https://www.bankofengland.co.uk/boeapps/database/_iadb-fromshowcolumns.asp?csv.x=yes&Datefrom=01/Jan/1975&Dateto=now&SeriesCodes=IUDBEDR,IUMBV34,IUMBV37,IUMBV42,IUMBV45,IUM2WTL,IUM5WTL,IUMTLMV&UsingCodes=Y&VPD=Y&VFD=N",2026-08-10
2024-06-30,IUMBV42,4.64,bank_of_england_iadb,"https://www.bankofengland.co.uk/boeapps/database/_iadb-fromshowcolumns.asp?csv.x=yes&Datefrom=01/Jan/1975&Dateto=now&SeriesCodes=IUDBEDR,IUMBV34,IUMBV37,IUMBV42,IUMBV45,IUM2WTL,IUM5WTL,IUMTLMV&UsingCodes=Y&VPD=Y&VFD=N",2026-08-10
2024-06-30,IUMBV45,4.87,bank_of_england_iadb,"https://www.bankofengland.co.uk/boeapps/database/_iadb-fromshowcolumns.asp?csv.x=yes&Datefrom=01/Jan/1975&Dateto=now&SeriesCodes=IUDBEDR,IUMBV34,IUMBV37,IUMBV42,IUMBV45,IUM2WTL,IUM5WTL,IUMTLMV&UsingCodes=Y&VPD=Y&VFD=N",2026-08-10
2024-06-30,IUM2WTL,6.07,bank_of_england_iadb,"https://www.bankofengland.co.uk/boeapps/database/_iadb-fromshowcolumns.asp?csv.x=yes&Datefrom=01/Jan/1975&Dateto=now&SeriesCodes=IUDBEDR,IUMBV34,IUMBV37,IUMBV42,IUMBV45,IUM2WTL,IUM5WTL,IUMTLMV&UsingCodes=Y&VPD=Y&VFD=N",2026-08-10
2024-06-30,IUM5WTL,5.47,bank_of_england_iadb,"https://www.bankofengland.co.uk/boeapps/database/_iadb-fromshowcolumns.asp?csv.x=yes&Datefrom=01/Jan/1975&Dateto=now&SeriesCodes=IUDBEDR,IUMBV34,IUMBV37,IUMBV42,IUMBV45,IUM2WTL,IUM5WTL,IUMTLMV&UsingCodes=Y&VPD=Y&VFD=N",2026-08-10
2024-06-30,IUMTLMV,8.03,bank_of_england_iadb,"https://www.bankofengland.co.uk/boeapps/database/_iadb-fromshowcolumns.asp?csv.x=yes&Datefrom=01/Jan/1975&Dateto=now&SeriesCodes=IUDBEDR,IUMBV34,IUMBV37,IUMBV42,IUMBV45,IUM2WTL,IUM5WTL,IUMTLMV&UsingCodes=Y&VPD=Y&VFD=N",2026-08-10
2024-07-31,IUMBV34,4.99,bank_of_england_iadb,"https://www.bankofengland.co.uk/boeapps/database/_iadb-fromshowcolumns.asp?csv.x=yes&Datefrom=01/Jan/1975&Dateto=now&SeriesCodes=IUDBEDR,IUMBV34,IUMBV37,IUMBV42,IUMBV45,IUM2WTL,IUM5WTL,IUMTLMV&UsingCodes=Y&VPD=Y&VFD=N",2026-08-10
2024-07-31,IUMBV37,4.78,bank_of_england_iadb,"https://www.bankofengland.co.uk/boeapps/database/_iadb-fromshowcolumns.asp?csv.x=yes&Datefrom=01/Jan/1975&Dateto=now&SeriesCodes=IUDBEDR,IUMBV34,IUMBV37,IUMBV42,IUMBV45,IUM2WTL,IUM5WTL,IUMTLMV&UsingCodes=Y&VPD=Y&VFD=N",2026-08-10
2024-07-31,IUMBV42,4.49,bank_of_england_iadb,"https://www.bankofengland.co.uk/boeapps/database/_iadb-fromshowcolumns.asp?csv.x=yes&Datefrom=01/Jan/1975&Dateto=now&SeriesCodes=IUDBEDR,IUMBV34,IUMBV37,IUMBV42,IUMBV45,IUM2WTL,IUM5WTL,IUMTLMV&UsingCodes=Y&VPD=Y&VFD=N",2026-08-10
2024-07-31,IUMBV45,4.86,bank_of_england_iadb,"https://www.bankofengland.co.uk/boeapps/database/_iadb-fromshowcolumns.asp?csv.x=yes&Datefrom=01/Jan/1975&Dateto=now&SeriesCodes=IUDBEDR,IUMBV34,IUMBV37,IUMBV42,IUMBV45,IUM2WTL,IUM5WTL,IUMTLMV&UsingCodes=Y&VPD=Y&VFD=N",2026-08-10
2024-07-31,IUM2WTL,5.97,bank_of_england_iadb,"https://www.bankofengland.co.uk/boeapps/database/_iadb-fromshowcolumns.asp?csv.x=yes&Datefrom=01/Jan/1975&Dateto=now&SeriesCodes=IUDBEDR,IUMBV34,IUMBV37,IUMBV42,IUMBV45,IUM2WTL,IUM5WTL,IUMTLMV&UsingCodes=Y&VPD=Y&VFD=N",2026-08-10
2024-07-31,IUM5WTL,5.43,bank_of_england_iadb,"https://www.bankofengland.co.uk/boeapps/database/_iadb-fromshowcolumns.asp?csv.x=yes&Datefrom=01/Jan/1975&Dateto=now&SeriesCodes=IUDBEDR,IUMBV34,IUMBV37,IUMBV42,IUMBV45,IUM2WTL,IUM5WTL,IUMTLMV&UsingCodes=Y&VPD=Y&VFD=N",2026-08-10
2024-07-31,IUMTLMV,8.07,bank_of_england_iadb,"https://www.bankofengland.co.uk/boeapps/database/_iadb-fromshowcolumns.asp?csv.x=yes&Datefrom=01/Jan/1975&Dateto=now&SeriesCodes=IUDBEDR,IUMBV34,IUMBV37,IUMBV42,IUMBV45,IUM2WTL,IUM5WTL,IUMTLMV&UsingCodes=Y&VPD=Y&VFD=N",2026-08-10
2024-08-31,IUMBV34,4.8,bank_of_england_iadb,"https://www.bankofengland.co.uk/boeapps/database/_iadb-fromshowcolumns.asp?csv.x=yes&Datefrom=01/Jan/1975&Dateto=now&SeriesCodes=IUDBEDR,IUMBV34,IUMBV37,IUMBV42,IUMBV45,IUM2WTL,IUM5WTL,IUMTLMV&UsingCodes=Y&VPD=Y&VFD=N",2026-08-10
2024-08-31,IUMBV37,4.62,bank_of_england_iadb,"https://www.bankofengland.co.uk/boeapps/database/_iadb-fromshowcolumns.asp?csv.x=yes&Datefrom=01/Jan/1975&Dateto=now&SeriesCodes=IUDBEDR,IUMBV34,IUMBV37,IUMBV42,IUMBV45,IUM2WTL,IUM5WTL,IUMTLMV&UsingCodes=Y&VPD=Y&VFD=N",2026-08-10
2024-08-31,IUMBV42,4.33,bank_of_england_iadb,"https://www.bankofengland.co.uk/boeapps/database/_iadb-fromshowcolumns.asp?csv.x=yes&Datefrom=01/Jan/1975&Dateto=now&SeriesCodes=IUDBEDR,IUMBV34,IUMBV37,IUMBV42,IUMBV45,IUM2WTL,IUM5WTL,IUMTLMV&UsingCodes=Y&VPD=Y&VFD=N",2026-08-10
2024-08-31,IUMBV45,4.85,bank_of_england_iadb,"https://www.bankofengland.co.uk/boeapps/database/_iadb-fromshowcolumns.asp?csv.x=yes&Datefrom=01/Jan/1975&Dateto=now&SeriesCodes=IUDBEDR,IUMBV34,IUMBV37,IUMBV42,IUMBV45,IUM2WTL,IUM5WTL,IUMTLMV&UsingCodes=Y&VPD=Y&VFD=N",2026-08-10
2024-08-31,IUM2WTL,5.9,bank_of_england_iadb,"https://www.bankofengland.co.uk/boeapps/database/_iadb-fromshowcolumns.asp?csv.x=yes&Datefrom=01/Jan/1975&Dateto=now&SeriesCodes=IUDBEDR,IUMBV34,IUMBV37,IUMBV42,IUMBV45,IUM2WTL,IUM5WTL,IUMTLMV&UsingCodes=Y&VPD=Y&VFD=N",2026-08-10
2024-08-31,IUM5WTL,5.33,bank_of_england_iadb,"https://www.bankofengland.co.uk/boeapps/database/_iadb-fromshowcolumns.asp?csv.x=yes&Datefrom=01/Jan/1975&Dateto=now&SeriesCodes=IUDBEDR,IUMBV34,IUMBV37,IUMBV42,IUMBV45,IUM2WTL,IUM5WTL,IUMTLMV&UsingCodes=Y&VPD=Y&VFD=N",2026-08-10
2024-08-31,IUMTLMV,7.86,bank_of_england_iadb,"https://www.bankofengland.co.uk/boeapps/database/_iadb-fromshowcolumns.asp?csv.x=yes&Datefrom=01/Jan/1975&Dateto=now&SeriesCodes=IUDBEDR,IUMBV34,IUMBV37,IUMBV42,IUMBV45,IUM2WTL,IUM5WTL,IUMTLMV&UsingCodes=Y&VPD=Y&VFD=N",2026-08-10
2024-09-30,IUMBV34,4.58,bank_of_england_iadb,"https://www.bankofengland.co.uk/boeapps/database/_iadb-fromshowcolumns.asp?csv.x=yes&Datefrom=01/Jan/1975&Dateto=now&SeriesCodes=IUDBEDR,IUMBV34,IUMBV37,IUMBV42,IUMBV45,IUM2WTL,IUM5WTL,IUMTLMV&UsingCodes=Y&VPD=Y&VFD=N",2026-08-10
2024-09-30,IUMBV37,4.43,bank_of_england_iadb,"https://www.bankofengland.co.uk/boeapps/database/_iadb-fromshowcolumns.asp?csv.x=yes&Datefrom=01/Jan/1975&Dateto=now&SeriesCodes=IUDBEDR,IUMBV34,IUMBV37,IUMBV42,IUMBV45,IUM2WTL,IUM5WTL,IUMTLMV&UsingCodes=Y&VPD=Y&VFD=N",2026-08-10
2024-09-30,IUMBV42,4.09,bank_of_england_iadb,"https://www.bankofengland.co.uk/boeapps/database/_iadb-fromshowcolumns.asp?csv.x=yes&Datefrom=01/Jan/1975&Dateto=now&SeriesCodes=IUDBEDR,IUMBV34,IUMBV37,IUMBV42,IUMBV45,IUM2WTL,IUM5WTL,IUMTLMV&UsingCodes=Y&VPD=Y&VFD=N",2026-08-10
2024-09-30,IUMBV45,4.8,bank_of_england_iadb,"https://www.bankofengland.co.uk/boeapps/database/_iadb-fromshowcolumns.asp?csv.x=yes&Datefrom=01/Jan/1975&Dateto=now&SeriesCodes=IUDBEDR,IUMBV34,IUMBV37,IUMBV42,IUMBV45,IUM2WTL,IUM5WTL,IUMTLMV&UsingCodes=Y&VPD=Y&VFD=N",2026-08-10
2024-09-30,IUM2WTL,5.76,bank_of_england_iadb,"https://www.bankofengland.co.uk/boeapps/database/_iadb-fromshowcolumns.asp?csv.x=yes&Datefrom=01/Jan/1975&Dateto=now&SeriesCodes=IUDBEDR,IUMBV34,IUMBV37,IUMBV42,IUMBV45,IUM2WTL,IUM5WTL,IUMTLMV&UsingCodes=Y&VPD=Y&VFD=N",2026-08-10
2024-09-30,IUM5WTL,5.23,bank_of_england_iadb,"https://www.bankofengland.co.uk/boeapps/database/_iadb-fromshowcolumns.asp?csv.x=yes&Datefrom=01/Jan/1975&Dateto=now&SeriesCodes=IUDBEDR,IUMBV34,IUMBV37,IUMBV42,IUMBV45,IUM2WTL,IUM5WTL,IUMTLMV&UsingCodes=Y&VPD=Y&VFD=N",2026-08-10
2024-09-30,IUMTLMV,7.7,bank_of_england_iadb,"https://www.bankofengland.co.uk/boeapps/database/_iadb-fromshowcolumns.asp?csv.x=yes&Datefrom=01/Jan/1975&Dateto=now&SeriesCodes=IUDBEDR,IUMBV34,IUMBV37,IUMBV42,IUMBV45,IUM2WTL,IUM5WTL,IUMTLMV&UsingCodes=Y&VPD=Y&VFD=N",2026-08-10
2024-10-31,IUMBV34,4.4,bank_of_england_iadb,"https://www.bankofengland.co.uk/boeapps/database/_iadb-fromshowcolumns.asp?csv.x=yes&Datefrom=01/Jan/1975&Dateto=now&SeriesCodes=IUDBEDR,IUMBV34,IUMBV37,IUMBV42,IUMBV45,IUM2WTL,IUM5WTL,IUMTLMV&UsingCodes=Y&VPD=Y&VFD=N",2026-08-10
2024-10-31,IUMBV37,4.28,bank_of_england_iadb,"https://www.bankofengland.co.uk/boeapps/database/_iadb-fromshowcolumns.asp?csv.x=yes&Datefrom=01/Jan/1975&Dateto=now&SeriesCodes=IUDBEDR,IUMBV34,IUMBV37,IUMBV42,IUMBV45,IUM2WTL,IUM5WTL,IUMTLMV&UsingCodes=Y&VPD=Y&VFD=N",2026-08-10
2024-10-31,IUMBV42,4.06,bank_of_england_iadb,"https://www.bankofengland.co.uk/boeapps/database/_iadb-fromshowcolumns.asp?csv.x=yes&Datefrom=01/Jan/1975&Dateto=now&SeriesCodes=IUDBEDR,IUMBV34,IUMBV37,IUMBV42,IUMBV45,IUM2WTL,IUM5WTL,IUMTLMV&UsingCodes=Y&VPD=Y&VFD=N",2026-08-10
2024-10-31,IUMBV45,4.65,bank_of_england_iadb,"https://www.bankofengland.co.uk/boeapps/database/_iadb-fromshowcolumns.asp?csv.x=yes&Datefrom=01/Jan/1975&Dateto=now&SeriesCodes=IUDBEDR,IUMBV34,IUMBV37,IUMBV42,IUMBV45,IUM2WTL,IUM5WTL,IUMTLMV&UsingCodes=Y&VPD=Y&VFD=N",2026-08-10
2024-10-31,IUM2WTL,5.61,bank_of_england_iadb,"https://www.bankofengland.co.uk/boeapps/database/_iadb-fromshowcolumns.asp?csv.x=yes&Datefrom=01/Jan/1975&Dateto=now&SeriesCodes=IUDBEDR,IUMBV34,IUMBV37,IUMBV42,IUMBV45,IUM2WTL,IUM5WTL,IUMTLMV&UsingCodes=Y&VPD=Y&VFD=N",2026-08-10
2024-10-31,IUM5WTL,5.14,bank_of_england_iadb,"https://www.bankofengland.co.uk/boeapps/database/_iadb-fromshowcolumns.asp?csv.x=yes&Datefrom=01/Jan/1975&Dateto=now&SeriesCodes=IUDBEDR,IUMBV34,IUMBV37,IUMBV42,IUMBV45,IUM2WTL,IUM5WTL,IUMTLMV&UsingCodes=Y&VPD=Y&VFD=N",2026-08-10
2024-10-31,IUMTLMV,7.68,bank_of_england_iadb,"https://www.bankofengland.co.uk/boeapps/database/_iadb-fromshowcolumns.asp?csv.x=yes&Datefrom=01/Jan/1975&Dateto=now&SeriesCodes=IUDBEDR,IUMBV34,IUMBV37,IUMBV42,IUMBV45,IUM2WTL,IUM5WTL,IUMTLMV&UsingCodes=Y&VPD=Y&VFD=N",2026-08-10
2024-11-30,IUMBV34,4.53,bank_of_england_iadb,"https://www.bankofengland.co.uk/boeapps/database/_iadb-fromshowcolumns.asp?csv.x=yes&Datefrom=01/Jan/1975&Dateto=now&SeriesCodes=IUDBEDR,IUMBV34,IUMBV37,IUMBV42,IUMBV45,IUM2WTL,IUM5WTL,IUMTLMV&UsingCodes=Y&VPD=Y&VFD=N",2026-08-10
2024-11-30,IUMBV37,4.44,bank_of_england_iadb,"https://www.bankofengland.co.uk/boeapps/database/_iadb-fromshowcolumns.asp?csv.x=yes&Datefrom=01/Jan/1975&Dateto=now&SeriesCodes=IUDBEDR,IUMBV34,IUMBV37,IUMBV42,IUMBV45,IUM2WTL,IUM5WTL,IUMTLMV&UsingCodes=Y&VPD=Y&VFD=N",2026-08-10
2024-11-30,IUMBV42,4.29,bank_of_england_iadb,"https://www.bankofengland.co.uk/boeapps/database/_iadb-fromshowcolumns.asp?csv.x=yes&Datefrom=01/Jan/1975&Dateto=now&SeriesCodes=IUDBEDR,IUMBV34,IUMBV37,IUMBV42,IUMBV45,IUM2WTL,IUM5WTL,IUMTLMV&UsingCodes=Y&VPD=Y&VFD=N",2026-08-10
2024-11-30,IUMBV45,4.61,bank_of_england_iadb,"https://www.bankofengland.co.uk/boeapps/database/_iadb-fromshowcolumns.asp?csv.x=yes&Datefrom=01/Jan/1975&Dateto=now&SeriesCodes=IUDBEDR,IUMBV34,IUMBV37,IUMBV42,IUMBV45,IUM2WTL,IUM5WTL,IUMTLMV&UsingCodes=Y&VPD=Y&VFD=N",2026-08-10
2024-11-30,IUM2WTL,5.69,bank_of_england_iadb,"https://www.bankofengland.co.uk/boeapps/database/_iadb-fromshowcolumns.asp?csv.x=yes&Datefrom=01/Jan/1975&Dateto=now&SeriesCodes=IUDBEDR,IUMBV34,IUMBV37,IUMBV42,IUMBV45,IUM2WTL,IUM5WTL,IUMTLMV&UsingCodes=Y&VPD=Y&VFD=N",2026-08-10
2024-11-30,IUM5WTL,5.24,bank_of_england_iadb,"https://www.bankofengland.co.uk/boeapps/database/_iadb-fromshowcolumns.asp?csv.x=yes&Datefrom=01/Jan/1975&Dateto=now&SeriesCodes=IUDBEDR,IUMBV34,IUMBV37,IUMBV42,IUMBV45,IUM2WTL,IUM5WTL,IUMTLMV&UsingCodes=Y&VPD=Y&VFD=N",2026-08-10
2024-11-30,IUMTLMV,7.56,bank_of_england_iadb,"https://www.bankofengland.co.uk/boeapps/database/_iadb-fromshowcolumns.asp?csv.x=yes&Datefrom=01/Jan/1975&Dateto=now&SeriesCodes=IUDBEDR,IUMBV34,IUMBV37,IUMBV42,IUMBV45,IUM2WTL,IUM5WTL,IUMTLMV&UsingCodes=Y&VPD=Y&VFD=N",2026-08-10
2024-12-31,IUMBV34,4.6,bank_of_england_iadb,"https://www.bankofengland.co.uk/boeapps/database/_iadb-fromshowcolumns.asp?csv.x=yes&Datefrom=01/Jan/1975&Dateto=now&SeriesCodes=IUDBEDR,IUMBV34,IUMBV37,IUMBV42,IUMBV45,IUM2WTL,IUM5WTL,IUMTLMV&UsingCodes=Y&VPD=Y&VFD=N",2026-08-10
2024-12-31,IUMBV37,4.48,bank_of_england_iadb,"https://www.bankofengland.co.uk/boeapps/database/_iadb-fromshowcolumns.asp?csv.x=yes&Datefrom=01/Jan/1975&Dateto=now&SeriesCodes=IUDBEDR,IUMBV34,IUMBV37,IUMBV42,IUMBV45,IUM2WTL,IUM5WTL,IUMTLMV&UsingCodes=Y&VPD=Y&VFD=N",2026-08-10
2024-12-31,IUMBV42,4.37,bank_of_england_iadb,"https://www.bankofengland.co.uk/boeapps/database/_iadb-fromshowcolumns.asp?csv.x=yes&Datefrom=01/Jan/1975&Dateto=now&SeriesCodes=IUDBEDR,IUMBV34,IUMBV37,IUMBV42,IUMBV45,IUM2WTL,IUM5WTL,IUMTLMV&UsingCodes=Y&VPD=Y&VFD=N",2026-08-10
2024-12-31,IUMBV45,4.58,bank_of_england_iadb,"https://www.bankofengland.co.uk/boeapps/database/_iadb-fromshowcolumns.asp?csv.x=yes&Datefrom=01/Jan/1975&Dateto=now&SeriesCodes=IUDBEDR,IUMBV34,IUMBV37,IUMBV42,IUMBV45,IUM2WTL,IUM5WTL,IUMTLMV&UsingCodes=Y&VPD=Y&VFD=N",2026-08-10
2024-12-31,IUM2WTL,5.7,bank_of_england_iadb,"https://www.bankofengland.co.uk/boeapps/database/_iadb-fromshowcolumns.asp?csv.x=yes&Datefrom=01/Jan/1975&Dateto=now&SeriesCodes=IUDBEDR,IUMBV34,IUMBV37,IUMBV42,IUMBV45,IUM2WTL,IUM5WTL,IUMTLMV&UsingCodes=Y&VPD=Y&VFD=N",2026-08-10
2024-12-31,IUM5WTL,5.24,bank_of_england_iadb,"https://www.bankofengland.co.uk/boeapps/database/_iadb-fromshowcolumns.asp?csv.x=yes&Datefrom=01/Jan/1975&Dateto=now&SeriesCodes=IUDBEDR,IUMBV34,IUMBV37,IUMBV42,IUMBV45,IUM2WTL,IUM5WTL,IUMTLMV&UsingCodes=Y&VPD=Y&VFD=N",2026-08-10
2024-12-31,IUMTLMV,7.47,bank_of_england_iadb,"https://www.bankofengland.co.uk/boeapps/database/_iadb-fromshowcolumns.asp?csv.x=yes&Datefrom=01/Jan/1975&Dateto=now&SeriesCodes=IUDBEDR,IUMBV34,IUMBV37,IUMBV42,IUMBV45,IUM2WTL,IUM5WTL,IUMTLMV&UsingCodes=Y&VPD=Y&VFD=N",2026-08-10
2025-01-31,IUMBV34,4.63,bank_of_england_iadb,"https://www.bankofengland.co.uk/boeapps/database/_iadb-fromshowcolumns.asp?csv.x=yes&Datefrom=01/Jan/1975&Dateto=now&SeriesCodes=IUDBEDR,IUMBV34,IUMBV37,IUMBV42,IUMBV45,IUM2WTL,IUM5WTL,IUMTLMV&UsingCodes=Y&VPD=Y&VFD=N",2026-08-10
2025-01-31,IUMBV37,4.5,bank_of_england_iadb,"https://www.bankofengland.co.uk/boeapps/database/_iadb-fromshowcolumns.asp?csv.x=yes&Datefrom=01/Jan/1975&Dateto=now&SeriesCodes=IUDBEDR,IUMBV34,IUMBV37,IUMBV42,IUMBV45,IUM2WTL,IUM5WTL,IUMTLMV&UsingCodes=Y&VPD=Y&VFD=N",2026-08-10
2025-01-31,IUMBV42,4.37,bank_of_england_iadb,"https://www.bankofengland.co.uk/boeapps/database/_iadb-fromshowcolumns.asp?csv.x=yes&Datefrom=01/Jan/1975&Dateto=now&SeriesCodes=IUDBEDR,IUMBV34,IUMBV37,IUMBV42,IUMBV45,IUM2WTL,IUM5WTL,IUMTLMV&UsingCodes=Y&VPD=Y&VFD=N",2026-08-10
2025-01-31,IUMBV45,4.57,bank_of_england_iadb,"https://www.bankofengland.co.uk/boeapps/database/_iadb-fromshowcolumns.asp?csv.x=yes&Datefrom=01/Jan/1975&Dateto=now&SeriesCodes=IUDBEDR,IUMBV34,IUMBV37,IUMBV42,IUMBV45,IUM2WTL,IUM5WTL,IUMTLMV&UsingCodes=Y&VPD=Y&VFD=N",2026-08-10
2025-01-31,IUM2WTL,5.69,bank_of_england_iadb,"https://www.bankofengland.co.uk/boeapps/database/_iadb-fromshowcolumns.asp?csv.x=yes&Datefrom=01/Jan/1975&Dateto=now&SeriesCodes=IUDBEDR,IUMBV34,IUMBV37,IUMBV42,IUMBV45,IUM2WTL,IUM5WTL,IUMTLMV&UsingCodes=Y&VPD=Y&VFD=N",2026-08-10
2025-01-31,IUM5WTL,5.25,bank_of_england_iadb,"https://www.bankofengland.co.uk/boeapps/database/_iadb-fromshowcolumns.asp?csv.x=yes&Datefrom=01/Jan/1975&Dateto=now&SeriesCodes=IUDBEDR,IUMBV34,IUMBV37,IUMBV42,IUMBV45,IUM2WTL,IUM5WTL,IUMTLMV&UsingCodes=Y&VPD=Y&VFD=N",2026-08-10
2025-01-31,IUMTLMV,7.48,bank_of_england_iadb,"https://www.bankofengland.co.uk/boeapps/database/_iadb-fromshowcolumns.asp?csv.x=yes&Datefrom=01/Jan/1975&Dateto=now&SeriesCodes=IUDBEDR,IUMBV34,IUMBV37,IUMBV42,IUMBV45,IUM2WTL,IUM5WTL,IUMTLMV&UsingCodes=Y&VPD=Y&VFD=N",2026-08-10
2025-02-28,IUMBV34,4.65,bank_of_england_iadb,"https://www.bankofengland.co.uk/boeapps/database/_iadb-fromshowcolumns.asp?csv.x=yes&Datefrom=01/Jan/1975&Dateto=now&SeriesCodes=IUDBEDR,IUMBV34,IUMBV37,IUMBV42,IUMBV45,IUM2WTL,IUM5WTL,IUMTLMV&UsingCodes=Y&VPD=Y&VFD=N",2026-08-10
2025-02-28,IUMBV37,4.49,bank_of_england_iadb,"https://www.bankofengland.co.uk/boeapps/database/_iadb-fromshowcolumns.asp?csv.x=yes&Datefrom=01/Jan/1975&Dateto=now&SeriesCodes=IUDBEDR,IUMBV34,IUMBV37,IUMBV42,IUMBV45,IUM2WTL,IUM5WTL,IUMTLMV&UsingCodes=Y&VPD=Y&VFD=N",2026-08-10
2025-02-28,IUMBV42,4.38,bank_of_england_iadb,"https://www.bankofengland.co.uk/boeapps/database/_iadb-fromshowcolumns.asp?csv.x=yes&Datefrom=01/Jan/1975&Dateto=now&SeriesCodes=IUDBEDR,IUMBV34,IUMBV37,IUMBV42,IUMBV45,IUM2WTL,IUM5WTL,IUMTLMV&UsingCodes=Y&VPD=Y&VFD=N",2026-08-10
2025-02-28,IUMBV45,4.6,bank_of_england_iadb,"https://www.bankofengland.co.uk/boeapps/database/_iadb-fromshowcolumns.asp?csv.x=yes&Datefrom=01/Jan/1975&Dateto=now&SeriesCodes=IUDBEDR,IUMBV34,IUMBV37,IUMBV42,IUMBV45,IUM2WTL,IUM5WTL,IUMTLMV&UsingCodes=Y&VPD=Y&VFD=N",2026-08-10
2025-02-28,IUM2WTL,5.64,bank_of_england_iadb,"https://www.bankofengland.co.uk/boeapps/database/_iadb-fromshowcolumns.asp?csv.x=yes&Datefrom=01/Jan/1975&Dateto=now&SeriesCodes=IUDBEDR,IUMBV34,IUMBV37,IUMBV42,IUMBV45,IUM2WTL,IUM5WTL,IUMTLMV&UsingCodes=Y&VPD=Y&VFD=N",2026-08-10
2025-02-28,IUM5WTL,5.26,bank_of_england_iadb,"https://www.bankofengland.co.uk/boeapps/database/_iadb-fromshowcolumns.asp?csv.x=yes&Datefrom=01/Jan/1975&Dateto=now&SeriesCodes=IUDBEDR,IUMBV34,IUMBV37,IUMBV42,IUMBV45,IUM2WTL,IUM5WTL,IUMTLMV&UsingCodes=Y&VPD=Y&VFD=N",2026-08-10
2025-02-28,IUMTLMV,7.35,bank_of_england_iadb,"https://www.bankofengland.co.uk/boeapps/database/_iadb-fromshowcolumns.asp?csv.x=yes&Datefrom=01/Jan/1975&Dateto=now&SeriesCodes=IUDBEDR,IUMBV34,IUMBV37,IUMBV42,IUMBV45,IUM2WTL,IUM5WTL,IUMTLMV&UsingCodes=Y&VPD=Y&VFD=N",2026-08-10
2025-03-31,IUMBV34,4.54,bank_of_england_iadb,"https://www.bankofengland.co.uk/boeapps/database/_iadb-fromshowcolumns.asp?csv.x=yes&Datefrom=01/Jan/1975&Dateto=now&SeriesCodes=IUDBEDR,IUMBV34,IUMBV37,IUMBV42,IUMBV45,IUM2WTL,IUM5WTL,IUMTLMV&UsingCodes=Y&VPD=Y&VFD=N",2026-08-10
2025-03-31,IUMBV37,4.38,bank_of_england_iadb,"https://www.bankofengland.co.uk/boeapps/database/_iadb-fromshowcolumns.asp?csv.x=yes&Datefrom=01/Jan/1975&Dateto=now&SeriesCodes=IUDBEDR,IUMBV34,IUMBV37,IUMBV42,IUMBV45,IUM2WTL,IUM5WTL,IUMTLMV&UsingCodes=Y&VPD=Y&VFD=N",2026-08-10
2025-03-31,IUMBV42,4.32,bank_of_england_iadb,"https://www.bankofengland.co.uk/boeapps/database/_iadb-fromshowcolumns.asp?csv.x=yes&Datefrom=01/Jan/1975&Dateto=now&SeriesCodes=IUDBEDR,IUMBV34,IUMBV37,IUMBV42,IUMBV45,IUM2WTL,IUM5WTL,IUMTLMV&UsingCodes=Y&VPD=Y&VFD=N",2026-08-10
2025-03-31,IUMBV45,4.6,bank_of_england_iadb,"https://www.bankofengland.co.uk/boeapps/database/_iadb-fromshowcolumns.asp?csv.x=yes&Datefrom=01/Jan/1975&Dateto=now&SeriesCodes=IUDBEDR,IUMBV34,IUMBV37,IUMBV42,IUMBV45,IUM2WTL,IUM5WTL,IUMTLMV&UsingCodes=Y&VPD=Y&VFD=N",2026-08-10
2025-03-31,IUM2WTL,5.44,bank_of_england_iadb,"https://www.bankofengland.co.uk/boeapps/database/_iadb-fromshowcolumns.asp?csv.x=yes&Datefrom=01/Jan/1975&Dateto=now&SeriesCodes=IUDBEDR,IUMBV34,IUMBV37,IUMBV42,IUMBV45,IUM2WTL,IUM5WTL,IUMTLMV&UsingCodes=Y&VPD=Y&VFD=N",2026-08-10
2025-03-31,IUM5WTL,5.12,bank_of_england_iadb,"https://www.bankofengland.co.uk/boeapps/database/_iadb-fromshowcolumns.asp?csv.x=yes&Datefrom=01/Jan/1975&Dateto=now&SeriesCodes=IUDBEDR,IUMBV34,IUMBV37,IUMBV42,IUMBV45,IUM2WTL,IUM5WTL,IUMTLMV&UsingCodes=Y&VPD=Y&VFD=N",2026-08-10
2025-03-31,IUMTLMV,7.24,bank_of_england_iadb,"https://www.bankofengland.co.uk/boeapps/database/_iadb-fromshowcolumns.asp?csv.x=yes&Datefrom=01/Jan/1975&Dateto=now&SeriesCodes=IUDBEDR,IUMBV34,IUMBV37,IUMBV42,IUMBV45,IUM2WTL,IUM5WTL,IUMTLMV&UsingCodes=Y&VPD=Y&VFD=N",2026-08-10
2025-04-30,IUMBV34,4.42,bank_of_england_iadb,"https://www.bankofengland.co.uk/boeapps/database/_iadb-fromshowcolumns.asp?csv.x=yes&Datefrom=01/Jan/1975&Dateto=now&SeriesCodes=IUDBEDR,IUMBV34,IUMBV37,IUMBV42,IUMBV45,IUM2WTL,IUM5WTL,IUMTLMV&UsingCodes=Y&VPD=Y&VFD=N",2026-08-10
2025-04-30,IUMBV37,4.34,bank_of_england_iadb,"https://www.bankofengland.co.uk/boeapps/database/_iadb-fromshowcolumns.asp?csv.x=yes&Datefrom=01/Jan/1975&Dateto=now&SeriesCodes=IUDBEDR,IUMBV34,IUMBV37,IUMBV42,IUMBV45,IUM2WTL,IUM5WTL,IUMTLMV&UsingCodes=Y&VPD=Y&VFD=N",2026-08-10
2025-04-30,IUMBV42,4.29,bank_of_england_iadb,"https://www.bankofengland.co.uk/boeapps/database/_iadb-fromshowcolumns.asp?csv.x=yes&Datefrom=01/Jan/1975&Dateto=now&SeriesCodes=IUDBEDR,IUMBV34,IUMBV37,IUMBV42,IUMBV45,IUM2WTL,IUM5WTL,IUMTLMV&UsingCodes=Y&VPD=Y&VFD=N",2026-08-10
2025-04-30,IUMBV45,4.59,bank_of_england_iadb,"https://www.bankofengland.co.uk/boeapps/database/_iadb-fromshowcolumns.asp?csv.x=yes&Datefrom=01/Jan/1975&Dateto=now&SeriesCodes=IUDBEDR,IUMBV34,IUMBV37,IUMBV42,IUMBV45,IUM2WTL,IUM5WTL,IUMTLMV&UsingCodes=Y&VPD=Y&VFD=N",2026-08-10
2025-04-30,IUM2WTL,5.29,bank_of_england_iadb,"https://www.bankofengland.co.uk/boeapps/database/_iadb-fromshowcolumns.asp?csv.x=yes&Datefrom=01/Jan/1975&Dateto=now&SeriesCodes=IUDBEDR,IUMBV34,IUMBV37,IUMBV42,IUMBV45,IUM2WTL,IUM5WTL,IUMTLMV&UsingCodes=Y&VPD=Y&VFD=N",2026-08-10
2025-04-30,IUM5WTL,5.04,bank_of_england_iadb,"https://www.bankofengland.co.uk/boeapps/database/_iadb-fromshowcolumns.asp?csv.x=yes&Datefrom=01/Jan/1975&Dateto=now&SeriesCodes=IUDBEDR,IUMBV34,IUMBV37,IUMBV42,IUMBV45,IUM2WTL,IUM5WTL,IUMTLMV&UsingCodes=Y&VPD=Y&VFD=N",2026-08-10
2025-04-30,IUMTLMV,7.19,bank_of_england_iadb,"https://www.bankofengland.co.uk/boeapps/database/_iadb-fromshowcolumns.asp?csv.x=yes&Datefrom=01/Jan/1975&Dateto=now&SeriesCodes=IUDBEDR,IUMBV34,IUMBV37,IUMBV42,IUMBV45,IUM2WTL,IUM5WTL,IUMTLMV&UsingCodes=Y&VPD=Y&VFD=N",2026-08-10
2025-05-31,IUMBV34,4.18,bank_of_england_iadb,"https://www.bankofengland.co.uk/boeapps/database/_iadb-fromshowcolumns.asp?csv.x=yes&Datefrom=01/Jan/1975&Dateto=now&SeriesCodes=IUDBEDR,IUMBV34,IUMBV37,IUMBV42,IUMBV45,IUM2WTL,IUM5WTL,IUMTLMV&UsingCodes=Y&VPD=Y&VFD=N",2026-08-10
2025-05-31,IUMBV37,4.27,bank_of_england_iadb,"https://www.bankofengland.co.uk/boeapps/database/_iadb-fromshowcolumns.asp?csv.x=yes&Datefrom=01/Jan/1975&Dateto=now&SeriesCodes=IUDBEDR,IUMBV34,IUMBV37,IUMBV42,IUMBV45,IUM2WTL,IUM5WTL,IUMTLMV&UsingCodes=Y&VPD=Y&VFD=N",2026-08-10
2025-05-31,IUMBV42,4.19,bank_of_england_iadb,"https://www.bankofengland.co.uk/boeapps/database/_iadb-fromshowcolumns.asp?csv.x=yes&Datefrom=01/Jan/1975&Dateto=now&SeriesCodes=IUDBEDR,IUMBV34,IUMBV37,IUMBV42,IUMBV45,IUM2WTL,IUM5WTL,IUMTLMV&UsingCodes=Y&VPD=Y&VFD=N",2026-08-10
2025-05-31,IUMBV45,4.53,bank_of_england_iadb,"https://www.bankofengland.co.uk/boeapps/database/_iadb-fromshowcolumns.asp?csv.x=yes&Datefrom=01/Jan/1975&Dateto=now&SeriesCodes=IUDBEDR,IUMBV34,IUMBV37,IUMBV42,IUMBV45,IUM2WTL,IUM5WTL,IUMTLMV&UsingCodes=Y&VPD=Y&VFD=N",2026-08-10
2025-05-31,IUM2WTL,5.1,bank_of_england_iadb,"https://www.bankofengland.co.uk/boeapps/database/_iadb-fromshowcolumns.asp?csv.x=yes&Datefrom=01/Jan/1975&Dateto=now&SeriesCodes=IUDBEDR,IUMBV34,IUMBV37,IUMBV42,IUMBV45,IUM2WTL,IUM5WTL,IUMTLMV&UsingCodes=Y&VPD=Y&VFD=N",2026-08-10
2025-05-31,IUM5WTL,4.95,bank_of_england_iadb,"https://www.bankofengland.co.uk/boeapps/database/_iadb-fromshowcolumns.asp?csv.x=yes&Datefrom=01/Jan/1975&Dateto=now&SeriesCodes=IUDBEDR,IUMBV34,IUMBV37,IUMBV42,IUMBV45,IUM2WTL,IUM5WTL,IUMTLMV&UsingCodes=Y&VPD=Y&VFD=N",2026-08-10
2025-05-31,IUMTLMV,7.08,bank_of_england_iadb,"https://www.bankofengland.co.uk/boeapps/database/_iadb-fromshowcolumns.asp?csv.x=yes&Datefrom=01/Jan/1975&Dateto=now&SeriesCodes=IUDBEDR,IUMBV34,IUMBV37,IUMBV42,IUMBV45,IUM2WTL,IUM5WTL,IUMTLMV&UsingCodes=Y&VPD=Y&VFD=N",2026-08-10
2025-06-30,IUMBV34,4.28,bank_of_england_iadb,"https://www.bankofengland.co.uk/boeapps/database/_iadb-fromshowcolumns.asp?csv.x=yes&Datefrom=01/Jan/1975&Dateto=now&SeriesCodes=IUDBEDR,IUMBV34,IUMBV37,IUMBV42,IUMBV45,IUM2WTL,IUM5WTL,IUMTLMV&UsingCodes=Y&VPD=Y&VFD=N",2026-08-10
2025-06-30,IUMBV37,4.28,bank_of_england_iadb,"https://www.bankofengland.co.uk/boeapps/database/_iadb-fromshowcolumns.asp?csv.x=yes&Datefrom=01/Jan/1975&Dateto=now&SeriesCodes=IUDBEDR,IUMBV34,IUMBV37,IUMBV42,IUMBV45,IUM2WTL,IUM5WTL,IUMTLMV&UsingCodes=Y&VPD=Y&VFD=N",2026-08-10
2025-06-30,IUMBV42,4.26,bank_of_england_iadb,"https://www.bankofengland.co.uk/boeapps/database/_iadb-fromshowcolumns.asp?csv.x=yes&Datefrom=01/Jan/1975&Dateto=now&SeriesCodes=IUDBEDR,IUMBV34,IUMBV37,IUMBV42,IUMBV45,IUM2WTL,IUM5WTL,IUMTLMV&UsingCodes=Y&VPD=Y&VFD=N",2026-08-10
2025-06-30,IUMBV45,4.51,bank_of_england_iadb,"https://www.bankofengland.co.uk/boeapps/database/_iadb-fromshowcolumns.asp?csv.x=yes&Datefrom=01/Jan/1975&Dateto=now&SeriesCodes=IUDBEDR,IUMBV34,IUMBV37,IUMBV42,IUMBV45,IUM2WTL,IUM5WTL,IUMTLMV&UsingCodes=Y&VPD=Y&VFD=N",2026-08-10
2025-06-30,IUM2WTL,5.1,bank_of_england_iadb,"https://www.bankofengland.co.uk/boeapps/database/_iadb-fromshowcolumns.asp?csv.x=yes&Datefrom=01/Jan/1975&Dateto=now&SeriesCodes=IUDBEDR,IUMBV34,IUMBV37,IUMBV42,IUMBV45,IUM2WTL,IUM5WTL,IUMTLMV&UsingCodes=Y&VPD=Y&VFD=N",2026-08-10
2025-06-30,IUM5WTL,4.96,bank_of_england_iadb,"https://www.bankofengland.co.uk/boeapps/database/_iadb-fromshowcolumns.asp?csv.x=yes&Datefrom=01/Jan/1975&Dateto=now&SeriesCodes=IUDBEDR,IUMBV34,IUMBV37,IUMBV42,IUMBV45,IUM2WTL,IUM5WTL,IUMTLMV&UsingCodes=Y&VPD=Y&VFD=N",2026-08-10
2025-06-30,IUMTLMV,6.98,bank_of_england_iadb,"https://www.bankofengland.co.uk/boeapps/database/_iadb-fromshowcolumns.asp?csv.x=yes&Datefrom=01/Jan/1975&Dateto=now&SeriesCodes=IUDBEDR,IUMBV34,IUMBV37,IUMBV42,IUMBV45,IUM2WTL,IUM5WTL,IUMTLMV&UsingCodes=Y&VPD=Y&VFD=N",2026-08-10
2025-07-31,IUMBV34,4.21,bank_of_england_iadb,"https://www.bankofengland.co.uk/boeapps/database/_iadb-fromshowcolumns.asp?csv.x=yes&Datefrom=01/Jan/1975&Dateto=now&SeriesCodes=IUDBEDR,IUMBV34,IUMBV37,IUMBV42,IUMBV45,IUM2WTL,IUM5WTL,IUMTLMV&UsingCodes=Y&VPD=Y&VFD=N",2026-08-10
2025-07-31,IUMBV37,4.18,bank_of_england_iadb,"https://www.bankofengland.co.uk/boeapps/database/_iadb-fromshowcolumns.asp?csv.x=yes&Datefrom=01/Jan/1975&Dateto=now&SeriesCodes=IUDBEDR,IUMBV34,IUMBV37,IUMBV42,IUMBV45,IUM2WTL,IUM5WTL,IUMTLMV&UsingCodes=Y&VPD=Y&VFD=N",2026-08-10
2025-07-31,IUMBV42,4.15,bank_of_england_iadb,"https://www.bankofengland.co.uk/boeapps/database/_iadb-fromshowcolumns.asp?csv.x=yes&Datefrom=01/Jan/1975&Dateto=now&SeriesCodes=IUDBEDR,IUMBV34,IUMBV37,IUMBV42,IUMBV45,IUM2WTL,IUM5WTL,IUMTLMV&UsingCodes=Y&VPD=Y&VFD=N",2026-08-10
2025-07-31,IUMBV45,4.47,bank_of_england_iadb,"https://www.bankofengland.co.uk/boeapps/database/_iadb-fromshowcolumns.asp?csv.x=yes&Datefrom=01/Jan/1975&Dateto=now&SeriesCodes=IUDBEDR,IUMBV34,IUMBV37,IUMBV42,IUMBV45,IUM2WTL,IUM5WTL,IUMTLMV&UsingCodes=Y&VPD=Y&VFD=N",2026-08-10
2025-07-31,IUM2WTL,5.05,bank_of_england_iadb,"https://www.bankofengland.co.uk/boeapps/database/_iadb-fromshowcolumns.asp?csv.x=yes&Datefrom=01/Jan/1975&Dateto=now&SeriesCodes=IUDBEDR,IUMBV34,IUMBV37,IUMBV42,IUMBV45,IUM2WTL,IUM5WTL,IUMTLMV&UsingCodes=Y&VPD=Y&VFD=N",2026-08-10
2025-07-31,IUM5WTL,4.88,bank_of_england_iadb,"https://www.bankofengland.co.uk/boeapps/database/_iadb-fromshowcolumns.asp?csv.x=yes&Datefrom=01/Jan/1975&Dateto=now&SeriesCodes=IUDBEDR,IUMBV34,IUMBV37,IUMBV42,IUMBV45,IUM2WTL,IUM5WTL,IUMTLMV&UsingCodes=Y&VPD=Y&VFD=N",2026-08-10
2025-07-31,IUMTLMV,6.99,bank_of_england_iadb,"https://www.bankofengland.co.uk/boeapps/database/_iadb-fromshowcolumns.asp?csv.x=yes&Datefrom=01/Jan/1975&Dateto=now&SeriesCodes=IUDBEDR,IUMBV34,IUMBV37,IUMBV42,IUMBV45,IUM2WTL,IUM5WTL,IUMTLMV&UsingCodes=Y&VPD=Y&VFD=N",2026-08-10
2025-08-31,IUMBV34,4.1,bank_of_england_iadb,"https://www.bankofengland.co.uk/boeapps/database/_iadb-fromshowcolumns.asp?csv.x=yes&Datefrom=01/Jan/1975&Dateto=now&SeriesCodes=IUDBEDR,IUMBV34,IUMBV37,IUMBV42,IUMBV45,IUM2WTL,IUM5WTL,IUMTLMV&UsingCodes=Y&VPD=Y&VFD=N",2026-08-10
2025-08-31,IUMBV37,4.1,bank_of_england_iadb,"https://www.bankofengland.co.uk/boeapps/database/_iadb-fromshowcolumns.asp?csv.x=yes&Datefrom=01/Jan/1975&Dateto=now&SeriesCodes=IUDBEDR,IUMBV34,IUMBV37,IUMBV42,IUMBV45,IUM2WTL,IUM5WTL,IUMTLMV&UsingCodes=Y&VPD=Y&VFD=N",2026-08-10
2025-08-31,IUMBV42,4.11,bank_of_england_iadb,"https://www.bankofengland.co.uk/boeapps/database/_iadb-fromshowcolumns.asp?csv.x=yes&Datefrom=01/Jan/1975&Dateto=now&SeriesCodes=IUDBEDR,IUMBV34,IUMBV37,IUMBV42,IUMBV45,IUM2WTL,IUM5WTL,IUMTLMV&UsingCodes=Y&VPD=Y&VFD=N",2026-08-10
2025-08-31,IUMBV45,4.46,bank_of_england_iadb,"https://www.bankofengland.co.uk/boeapps/database/_iadb-fromshowcolumns.asp?csv.x=yes&Datefrom=01/Jan/1975&Dateto=now&SeriesCodes=IUDBEDR,IUMBV34,IUMBV37,IUMBV42,IUMBV45,IUM2WTL,IUM5WTL,IUMTLMV&UsingCodes=Y&VPD=Y&VFD=N",2026-08-10
2025-08-31,IUM2WTL,5.0,bank_of_england_iadb,"https://www.bankofengland.co.uk/boeapps/database/_iadb-fromshowcolumns.asp?csv.x=yes&Datefrom=01/Jan/1975&Dateto=now&SeriesCodes=IUDBEDR,IUMBV34,IUMBV37,IUMBV42,IUMBV45,IUM2WTL,IUM5WTL,IUMTLMV&UsingCodes=Y&VPD=Y&VFD=N",2026-08-10
2025-08-31,IUM5WTL,4.86,bank_of_england_iadb,"https://www.bankofengland.co.uk/boeapps/database/_iadb-fromshowcolumns.asp?csv.x=yes&Datefrom=01/Jan/1975&Dateto=now&SeriesCodes=IUDBEDR,IUMBV34,IUMBV37,IUMBV42,IUMBV45,IUM2WTL,IUM5WTL,IUMTLMV&UsingCodes=Y&VPD=Y&VFD=N",2026-08-10
2025-08-31,IUMTLMV,6.89,bank_of_england_iadb,"https://www.bankofengland.co.uk/boeapps/database/_iadb-fromshowcolumns.asp?csv.x=yes&Datefrom=01/Jan/1975&Dateto=now&SeriesCodes=IUDBEDR,IUMBV34,IUMBV37,IUMBV42,IUMBV45,IUM2WTL,IUM5WTL,IUMTLMV&UsingCodes=Y&VPD=Y&VFD=N",2026-08-10
2025-09-30,IUMBV34,4.19,bank_of_england_iadb,"https://www.bankofengland.co.uk/boeapps/database/_iadb-fromshowcolumns.asp?csv.x=yes&Datefrom=01/Jan/1975&Dateto=now&SeriesCodes=IUDBEDR,IUMBV34,IUMBV37,IUMBV42,IUMBV45,IUM2WTL,IUM5WTL,IUMTLMV&UsingCodes=Y&VPD=Y&VFD=N",2026-08-10
2025-09-30,IUMBV37,4.18,bank_of_england_iadb,"https://www.bankofengland.co.uk/boeapps/database/_iadb-fromshowcolumns.asp?csv.x=yes&Datefrom=01/Jan/1975&Dateto=now&SeriesCodes=IUDBEDR,IUMBV34,IUMBV37,IUMBV42,IUMBV45,IUM2WTL,IUM5WTL,IUMTLMV&UsingCodes=Y&VPD=Y&VFD=N",2026-08-10
2025-09-30,IUMBV42,4.16,bank_of_england_iadb,"https://www.bankofengland.co.uk/boeapps/database/_iadb-fromshowcolumns.asp?csv.x=yes&Datefrom=01/Jan/1975&Dateto=now&SeriesCodes=IUDBEDR,IUMBV34,IUMBV37,IUMBV42,IUMBV45,IUM2WTL,IUM5WTL,IUMTLMV&UsingCodes=Y&VPD=Y&VFD=N",2026-08-10
2025-09-30,IUMBV45,4.54,bank_of_england_iadb,"https://www.bankofengland.co.uk/boeapps/database/_iadb-fromshowcolumns.asp?csv.x=yes&Datefrom=01/Jan/1975&Dateto=now&SeriesCodes=IUDBEDR,IUMBV34,IUMBV37,IUMBV42,IUMBV45,IUM2WTL,IUM5WTL,IUMTLMV&UsingCodes=Y&VPD=Y&VFD=N",2026-08-10
2025-09-30,IUM2WTL,5.03,bank_of_england_iadb,"https://www.bankofengland.co.uk/boeapps/database/_iadb-fromshowcolumns.asp?csv.x=yes&Datefrom=01/Jan/1975&Dateto=now&SeriesCodes=IUDBEDR,IUMBV34,IUMBV37,IUMBV42,IUMBV45,IUM2WTL,IUM5WTL,IUMTLMV&UsingCodes=Y&VPD=Y&VFD=N",2026-08-10
2025-09-30,IUM5WTL,4.9,bank_of_england_iadb,"https://www.bankofengland.co.uk/boeapps/database/_iadb-fromshowcolumns.asp?csv.x=yes&Datefrom=01/Jan/1975&Dateto=now&SeriesCodes=IUDBEDR,IUMBV34,IUMBV37,IUMBV42,IUMBV45,IUM2WTL,IUM5WTL,IUMTLMV&UsingCodes=Y&VPD=Y&VFD=N",2026-08-10
2025-09-30,IUMTLMV,6.8,bank_of_england_iadb,"https://www.bankofengland.co.uk/boeapps/database/_iadb-fromshowcolumns.asp?csv.x=yes&Datefrom=01/Jan/1975&Dateto=now&SeriesCodes=IUDBEDR,IUMBV34,IUMBV37,IUMBV42,IUMBV45,IUM2WTL,IUM5WTL,IUMTLMV&UsingCodes=Y&VPD=Y&VFD=N",2026-08-10
2025-10-31,IUMBV34,4.2,bank_of_england_iadb,"https://www.bankofengland.co.uk/boeapps/database/_iadb-fromshowcolumns.asp?csv.x=yes&Datefrom=01/Jan/1975&Dateto=now&SeriesCodes=IUDBEDR,IUMBV34,IUMBV37,IUMBV42,IUMBV45,IUM2WTL,IUM5WTL,IUMTLMV&UsingCodes=Y&VPD=Y&VFD=N",2026-08-10
2025-10-31,IUMBV37,4.19,bank_of_england_iadb,"https://www.bankofengland.co.uk/boeapps/database/_iadb-fromshowcolumns.asp?csv.x=yes&Datefrom=01/Jan/1975&Dateto=now&SeriesCodes=IUDBEDR,IUMBV34,IUMBV37,IUMBV42,IUMBV45,IUM2WTL,IUM5WTL,IUMTLMV&UsingCodes=Y&VPD=Y&VFD=N",2026-08-10
2025-10-31,IUMBV42,4.17,bank_of_england_iadb,"https://www.bankofengland.co.uk/boeapps/database/_iadb-fromshowcolumns.asp?csv.x=yes&Datefrom=01/Jan/1975&Dateto=now&SeriesCodes=IUDBEDR,IUMBV34,IUMBV37,IUMBV42,IUMBV45,IUM2WTL,IUM5WTL,IUMTLMV&UsingCodes=Y&VPD=Y&VFD=N",2026-08-10
2025-10-31,IUMBV45,4.55,bank_of_england_iadb,"https://www.bankofengland.co.uk/boeapps/database/_iadb-fromshowcolumns.asp?csv.x=yes&Datefrom=01/Jan/1975&Dateto=now&SeriesCodes=IUDBEDR,IUMBV34,IUMBV37,IUMBV42,IUMBV45,IUM2WTL,IUM5WTL,IUMTLMV&UsingCodes=Y&VPD=Y&VFD=N",2026-08-10
2025-10-31,IUM2WTL,5.0,bank_of_england_iadb,"https://www.bankofengland.co.uk/boeapps/database/_iadb-fromshowcolumns.asp?csv.x=yes&Datefrom=01/Jan/1975&Dateto=now&SeriesCodes=IUDBEDR,IUMBV34,IUMBV37,IUMBV42,IUMBV45,IUM2WTL,IUM5WTL,IUMTLMV&UsingCodes=Y&VPD=Y&VFD=N",2026-08-10
2025-10-31,IUM5WTL,4.88,bank_of_england_iadb,"https://www.bankofengland.co.uk/boeapps/database/_iadb-fromshowcolumns.asp?csv.x=yes&Datefrom=01/Jan/1975&Dateto=now&SeriesCodes=IUDBEDR,IUMBV34,IUMBV37,IUMBV42,IUMBV45,IUM2WTL,IUM5WTL,IUMTLMV&UsingCodes=Y&VPD=Y&VFD=N",2026-08-10
2025-10-31,IUMTLMV,6.81,bank_of_england_iadb,"https://www.bankofengland.co.uk/boeapps/database/_iadb-fromshowcolumns.asp?csv.x=yes&Datefrom=01/Jan/1975&Dateto=now&SeriesCodes=IUDBEDR,IUMBV34,IUMBV37,IUMBV42,IUMBV45,IUM2WTL,IUM5WTL,IUMTLMV&UsingCodes=Y&VPD=Y&VFD=N",2026-08-10
2025-11-30,IUMBV34,4.06,bank_of_england_iadb,"https://www.bankofengland.co.uk/boeapps/database/_iadb-fromshowcolumns.asp?csv.x=yes&Datefrom=01/Jan/1975&Dateto=now&SeriesCodes=IUDBEDR,IUMBV34,IUMBV37,IUMBV42,IUMBV45,IUM2WTL,IUM5WTL,IUMTLMV&UsingCodes=Y&VPD=Y&VFD=N",2026-08-10
2025-11-30,IUMBV37,4.02,bank_of_england_iadb,"https://www.bankofengland.co.uk/boeapps/database/_iadb-fromshowcolumns.asp?csv.x=yes&Datefrom=01/Jan/1975&Dateto=now&SeriesCodes=IUDBEDR,IUMBV34,IUMBV37,IUMBV42,IUMBV45,IUM2WTL,IUM5WTL,IUMTLMV&UsingCodes=Y&VPD=Y&VFD=N",2026-08-10
2025-11-30,IUMBV42,4.06,bank_of_england_iadb,"https://www.bankofengland.co.uk/boeapps/database/_iadb-fromshowcolumns.asp?csv.x=yes&Datefrom=01/Jan/1975&Dateto=now&SeriesCodes=IUDBEDR,IUMBV34,IUMBV37,IUMBV42,IUMBV45,IUM2WTL,IUM5WTL,IUMTLMV&UsingCodes=Y&VPD=Y&VFD=N",2026-08-10
2025-11-30,IUMBV45,4.49,bank_of_england_iadb,"https://www.bankofengland.co.uk/boeapps/database/_iadb-fromshowcolumns.asp?csv.x=yes&Datefrom=01/Jan/1975&Dateto=now&SeriesCodes=IUDBEDR,IUMBV34,IUMBV37,IUMBV42,IUMBV45,IUM2WTL,IUM5WTL,IUMTLMV&UsingCodes=Y&VPD=Y&VFD=N",2026-08-10
2025-11-30,IUM2WTL,4.91,bank_of_england_iadb,"https://www.bankofengland.co.uk/boeapps/database/_iadb-fromshowcolumns.asp?csv.x=yes&Datefrom=01/Jan/1975&Dateto=now&SeriesCodes=IUDBEDR,IUMBV34,IUMBV37,IUMBV42,IUMBV45,IUM2WTL,IUM5WTL,IUMTLMV&UsingCodes=Y&VPD=Y&VFD=N",2026-08-10
2025-11-30,IUM5WTL,4.81,bank_of_england_iadb,"https://www.bankofengland.co.uk/boeapps/database/_iadb-fromshowcolumns.asp?csv.x=yes&Datefrom=01/Jan/1975&Dateto=now&SeriesCodes=IUDBEDR,IUMBV34,IUMBV37,IUMBV42,IUMBV45,IUM2WTL,IUM5WTL,IUMTLMV&UsingCodes=Y&VPD=Y&VFD=N",2026-08-10
2025-11-30,IUMTLMV,6.82,bank_of_england_iadb,"https://www.bankofengland.co.uk/boeapps/database/_iadb-fromshowcolumns.asp?csv.x=yes&Datefrom=01/Jan/1975&Dateto=now&SeriesCodes=IUDBEDR,IUMBV34,IUMBV37,IUMBV42,IUMBV45,IUM2WTL,IUM5WTL,IUMTLMV&UsingCodes=Y&VPD=Y&VFD=N",2026-08-10
2025-12-31,IUMBV34,3.97,bank_of_england_iadb,"https://www.bankofengland.co.uk/boeapps/database/_iadb-fromshowcolumns.asp?csv.x=yes&Datefrom=01/Jan/1975&Dateto=now&SeriesCodes=IUDBEDR,IUMBV34,IUMBV37,IUMBV42,IUMBV45,IUM2WTL,IUM5WTL,IUMTLMV&UsingCodes=Y&VPD=Y&VFD=N",2026-08-10
2025-12-31,IUMBV37,3.99,bank_of_england_iadb,"https://www.bankofengland.co.uk/boeapps/database/_iadb-fromshowcolumns.asp?csv.x=yes&Datefrom=01/Jan/1975&Dateto=now&SeriesCodes=IUDBEDR,IUMBV34,IUMBV37,IUMBV42,IUMBV45,IUM2WTL,IUM5WTL,IUMTLMV&UsingCodes=Y&VPD=Y&VFD=N",2026-08-10
2025-12-31,IUMBV42,3.99,bank_of_england_iadb,"https://www.bankofengland.co.uk/boeapps/database/_iadb-fromshowcolumns.asp?csv.x=yes&Datefrom=01/Jan/1975&Dateto=now&SeriesCodes=IUDBEDR,IUMBV34,IUMBV37,IUMBV42,IUMBV45,IUM2WTL,IUM5WTL,IUMTLMV&UsingCodes=Y&VPD=Y&VFD=N",2026-08-10
2025-12-31,IUMBV45,4.48,bank_of_england_iadb,"https://www.bankofengland.co.uk/boeapps/database/_iadb-fromshowcolumns.asp?csv.x=yes&Datefrom=01/Jan/1975&Dateto=now&SeriesCodes=IUDBEDR,IUMBV34,IUMBV37,IUMBV42,IUMBV45,IUM2WTL,IUM5WTL,IUMTLMV&UsingCodes=Y&VPD=Y&VFD=N",2026-08-10
2025-12-31,IUM2WTL,4.83,bank_of_england_iadb,"https://www.bankofengland.co.uk/boeapps/database/_iadb-fromshowcolumns.asp?csv.x=yes&Datefrom=01/Jan/1975&Dateto=now&SeriesCodes=IUDBEDR,IUMBV34,IUMBV37,IUMBV42,IUMBV45,IUM2WTL,IUM5WTL,IUMTLMV&UsingCodes=Y&VPD=Y&VFD=N",2026-08-10
2025-12-31,IUM5WTL,4.75,bank_of_england_iadb,"https://www.bankofengland.co.uk/boeapps/database/_iadb-fromshowcolumns.asp?csv.x=yes&Datefrom=01/Jan/1975&Dateto=now&SeriesCodes=IUDBEDR,IUMBV34,IUMBV37,IUMBV42,IUMBV45,IUM2WTL,IUM5WTL,IUMTLMV&UsingCodes=Y&VPD=Y&VFD=N",2026-08-10
2025-12-31,IUMTLMV,6.77,bank_of_england_iadb,"https://www.bankofengland.co.uk/boeapps/database/_iadb-fromshowcolumns.asp?csv.x=yes&Datefrom=01/Jan/1975&Dateto=now&SeriesCodes=IUDBEDR,IUMBV34,IUMBV37,IUMBV42,IUMBV45,IUM2WTL,IUM5WTL,IUMTLMV&UsingCodes=Y&VPD=Y&VFD=N",2026-08-10
2026-01-31,IUMBV34,3.93,bank_of_england_iadb,"https://www.bankofengland.co.uk/boeapps/database/_iadb-fromshowcolumns.asp?csv.x=yes&Datefrom=01/Jan/1975&Dateto=now&SeriesCodes=IUDBEDR,IUMBV34,IUMBV37,IUMBV42,IUMBV45,IUM2WTL,IUM5WTL,IUMTLMV&UsingCodes=Y&VPD=Y&VFD=N",2026-08-10
2026-01-31,IUMBV37,3.93,bank_of_england_iadb,"https://www.bankofengland.co.uk/boeapps/database/_iadb-fromshowcolumns.asp?csv.x=yes&Datefrom=01/Jan/1975&Dateto=now&SeriesCodes=IUDBEDR,IUMBV34,IUMBV37,IUMBV42,IUMBV45,IUM2WTL,IUM5WTL,IUMTLMV&UsingCodes=Y&VPD=Y&VFD=N",2026-08-10
2026-01-31,IUMBV42,3.94,bank_of_england_iadb,"https://www.bankofengland.co.uk/boeapps/database/_iadb-fromshowcolumns.asp?csv.x=yes&Datefrom=01/Jan/1975&Dateto=now&SeriesCodes=IUDBEDR,IUMBV34,IUMBV37,IUMBV42,IUMBV45,IUM2WTL,IUM5WTL,IUMTLMV&UsingCodes=Y&VPD=Y&VFD=N",2026-08-10
2026-01-31,IUMBV45,4.47,bank_of_england_iadb,"https://www.bankofengland.co.uk/boeapps/database/_iadb-fromshowcolumns.asp?csv.x=yes&Datefrom=01/Jan/1975&Dateto=now&SeriesCodes=IUDBEDR,IUMBV34,IUMBV37,IUMBV42,IUMBV45,IUM2WTL,IUM5WTL,IUMTLMV&UsingCodes=Y&VPD=Y&VFD=N",2026-08-10
2026-01-31,IUM2WTL,4.8,bank_of_england_iadb,"https://www.bankofengland.co.uk/boeapps/database/_iadb-fromshowcolumns.asp?csv.x=yes&Datefrom=01/Jan/1975&Dateto=now&SeriesCodes=IUDBEDR,IUMBV34,IUMBV37,IUMBV42,IUMBV45,IUM2WTL,IUM5WTL,IUMTLMV&UsingCodes=Y&VPD=Y&VFD=N",2026-08-10
2026-01-31,IUM5WTL,4.73,bank_of_england_iadb,"https://www.bankofengland.co.uk/boeapps/database/_iadb-fromshowcolumns.asp?csv.x=yes&Datefrom=01/Jan/1975&Dateto=now&SeriesCodes=IUDBEDR,IUMBV34,IUMBV37,IUMBV42,IUMBV45,IUM2WTL,IUM5WTL,IUMTLMV&UsingCodes=Y&VPD=Y&VFD=N",2026-08-10
2026-01-31,IUMTLMV,6.62,bank_of_england_iadb,"https://www.bankofengland.co.uk/boeapps/database/_iadb-fromshowcolumns.asp?csv.x=yes&Datefrom=01/Jan/1975&Dateto=now&SeriesCodes=IUDBEDR,IUMBV34,IUMBV37,IUMBV42,IUMBV45,IUM2WTL,IUM5WTL,IUMTLMV&UsingCodes=Y&VPD=Y&VFD=N",2026-08-10
2026-02-28,IUMBV34,3.97,bank_of_england_iadb,"https://www.bankofengland.co.uk/boeapps/database/_iadb-fromshowcolumns.asp?csv.x=yes&Datefrom=01/Jan/1975&Dateto=now&SeriesCodes=IUDBEDR,IUMBV34,IUMBV37,IUMBV42,IUMBV45,IUM2WTL,IUM5WTL,IUMTLMV&UsingCodes=Y&VPD=Y&VFD=N",2026-08-10
2026-02-28,IUMBV37,3.93,bank_of_england_iadb,"https://www.bankofengland.co.uk/boeapps/database/_iadb-fromshowcolumns.asp?csv.x=yes&Datefrom=01/Jan/1975&Dateto=now&SeriesCodes=IUDBEDR,IUMBV34,IUMBV37,IUMBV42,IUMBV45,IUM2WTL,IUM5WTL,IUMTLMV&UsingCodes=Y&VPD=Y&VFD=N",2026-08-10
2026-02-28,IUMBV42,4.0,bank_of_england_iadb,"https://www.bankofengland.co.uk/boeapps/database/_iadb-fromshowcolumns.asp?csv.x=yes&Datefrom=01/Jan/1975&Dateto=now&SeriesCodes=IUDBEDR,IUMBV34,IUMBV37,IUMBV42,IUMBV45,IUM2WTL,IUM5WTL,IUMTLMV&UsingCodes=Y&VPD=Y&VFD=N",2026-08-10
2026-02-28,IUMBV45,4.47,bank_of_england_iadb,"https://www.bankofengland.co.uk/boeapps/database/_iadb-fromshowcolumns.asp?csv.x=yes&Datefrom=01/Jan/1975&Dateto=now&SeriesCodes=IUDBEDR,IUMBV34,IUMBV37,IUMBV42,IUMBV45,IUM2WTL,IUM5WTL,IUMTLMV&UsingCodes=Y&VPD=Y&VFD=N",2026-08-10
2026-02-28,IUM2WTL,4.82,bank_of_england_iadb,"https://www.bankofengland.co.uk/boeapps/database/_iadb-fromshowcolumns.asp?csv.x=yes&Datefrom=01/Jan/1975&Dateto=now&SeriesCodes=IUDBEDR,IUMBV34,IUMBV37,IUMBV42,IUMBV45,IUM2WTL,IUM5WTL,IUMTLMV&UsingCodes=Y&VPD=Y&VFD=N",2026-08-10
2026-02-28,IUM5WTL,4.77,bank_of_england_iadb,"https://www.bankofengland.co.uk/boeapps/database/_iadb-fromshowcolumns.asp?csv.x=yes&Datefrom=01/Jan/1975&Dateto=now&SeriesCodes=IUDBEDR,IUMBV34,IUMBV37,IUMBV42,IUMBV45,IUM2WTL,IUM5WTL,IUMTLMV&UsingCodes=Y&VPD=Y&VFD=N",2026-08-10
2026-02-28,IUMTLMV,6.59,bank_of_england_iadb,"https://www.bankofengland.co.uk/boeapps/database/_iadb-fromshowcolumns.asp?csv.x=yes&Datefrom=01/Jan/1975&Dateto=now&SeriesCodes=IUDBEDR,IUMBV34,IUMBV37,IUMBV42,IUMBV45,IUM2WTL,IUM5WTL,IUMTLMV&UsingCodes=Y&VPD=Y&VFD=N",2026-08-10
2026-03-31,IUMBV34,4.45,bank_of_england_iadb,"https://www.bankofengland.co.uk/boeapps/database/_iadb-fromshowcolumns.asp?csv.x=yes&Datefrom=01/Jan/1975&Dateto=now&SeriesCodes=IUDBEDR,IUMBV34,IUMBV37,IUMBV42,IUMBV45,IUM2WTL,IUM5WTL,IUMTLMV&UsingCodes=Y&VPD=Y&VFD=N",2026-08-10
2026-03-31,IUMBV37,4.36,bank_of_england_iadb,"https://www.bankofengland.co.uk/boeapps/database/_iadb-fromshowcolumns.asp?csv.x=yes&Datefrom=01/Jan/1975&Dateto=now&SeriesCodes=IUDBEDR,IUMBV34,IUMBV37,IUMBV42,IUMBV45,IUM2WTL,IUM5WTL,IUMTLMV&UsingCodes=Y&VPD=Y&VFD=N",2026-08-10
2026-03-31,IUMBV42,4.42,bank_of_england_iadb,"https://www.bankofengland.co.uk/boeapps/database/_iadb-fromshowcolumns.asp?csv.x=yes&Datefrom=01/Jan/1975&Dateto=now&SeriesCodes=IUDBEDR,IUMBV34,IUMBV37,IUMBV42,IUMBV45,IUM2WTL,IUM5WTL,IUMTLMV&UsingCodes=Y&VPD=Y&VFD=N",2026-08-10
2026-03-31,IUMBV45,4.81,bank_of_england_iadb,"https://www.bankofengland.co.uk/boeapps/database/_iadb-fromshowcolumns.asp?csv.x=yes&Datefrom=01/Jan/1975&Dateto=now&SeriesCodes=IUDBEDR,IUMBV34,IUMBV37,IUMBV42,IUMBV45,IUM2WTL,IUM5WTL,IUMTLMV&UsingCodes=Y&VPD=Y&VFD=N",2026-08-10
2026-03-31,IUM2WTL,5.23,bank_of_england_iadb,"https://www.bankofengland.co.uk/boeapps/database/_iadb-fromshowcolumns.asp?csv.x=yes&Datefrom=01/Jan/1975&Dateto=now&SeriesCodes=IUDBEDR,IUMBV34,IUMBV37,IUMBV42,IUMBV45,IUM2WTL,IUM5WTL,IUMTLMV&UsingCodes=Y&VPD=Y&VFD=N",2026-08-10
2026-03-31,IUM5WTL,5.12,bank_of_england_iadb,"https://www.bankofengland.co.uk/boeapps/database/_iadb-fromshowcolumns.asp?csv.x=yes&Datefrom=01/Jan/1975&Dateto=now&SeriesCodes=IUDBEDR,IUMBV34,IUMBV37,IUMBV42,IUMBV45,IUM2WTL,IUM5WTL,IUMTLMV&UsingCodes=Y&VPD=Y&VFD=N",2026-08-10
2026-03-31,IUMTLMV,6.6,bank_of_england_iadb,"https://www.bankofengland.co.uk/boeapps/database/_iadb-fromshowcolumns.asp?csv.x=yes&Datefrom=01/Jan/1975&Dateto=now&SeriesCodes=IUDBEDR,IUMBV34,IUMBV37,IUMBV42,IUMBV45,IUM2WTL,IUM5WTL,IUMTLMV&UsingCodes=Y&VPD=Y&VFD=N",2026-08-10
2026-04-30,IUMBV34,5.14,bank_of_england_iadb,"https://www.bankofengland.co.uk/boeapps/database/_iadb-fromshowcolumns.asp?csv.x=yes&Datefrom=01/Jan/1975&Dateto=now&SeriesCodes=IUDBEDR,IUMBV34,IUMBV37,IUMBV42,IUMBV45,IUM2WTL,IUM5WTL,IUMTLMV&UsingCodes=Y&VPD=Y&VFD=N",2026-08-10
2026-04-30,IUMBV37,4.96,bank_of_england_iadb,"https://www.bankofengland.co.uk/boeapps/database/_iadb-fromshowcolumns.asp?csv.x=yes&Datefrom=01/Jan/1975&Dateto=now&SeriesCodes=IUDBEDR,IUMBV34,IUMBV37,IUMBV42,IUMBV45,IUM2WTL,IUM5WTL,IUMTLMV&UsingCodes=Y&VPD=Y&VFD=N",2026-08-10
2026-04-30,IUMBV42,4.98,bank_of_england_iadb,"https://www.bankofengland.co.uk/boeapps/database/_iadb-fromshowcolumns.asp?csv.x=yes&Datefrom=01/Jan/1975&Dateto=now&SeriesCodes=IUDBEDR,IUMBV34,IUMBV37,IUMBV42,IUMBV45,IUM2WTL,IUM5WTL,IUMTLMV&UsingCodes=Y&VPD=Y&VFD=N",2026-08-10
2026-04-30,IUMBV45,5.28,bank_of_england_iadb,"https://www.bankofengland.co.uk/boeapps/database/_iadb-fromshowcolumns.asp?csv.x=yes&Datefrom=01/Jan/1975&Dateto=now&SeriesCodes=IUDBEDR,IUMBV34,IUMBV37,IUMBV42,IUMBV45,IUM2WTL,IUM5WTL,IUMTLMV&UsingCodes=Y&VPD=Y&VFD=N",2026-08-10
2026-04-30,IUM2WTL,5.81,bank_of_england_iadb,"https://www.bankofengland.co.uk/boeapps/database/_iadb-fromshowcolumns.asp?csv.x=yes&Datefrom=01/Jan/1975&Dateto=now&SeriesCodes=IUDBEDR,IUMBV34,IUMBV37,IUMBV42,IUMBV45,IUM2WTL,IUM5WTL,IUMTLMV&UsingCodes=Y&VPD=Y&VFD=N",2026-08-10
2026-04-30,IUM5WTL,5.63,bank_of_england_iadb,"https://www.bankofengland.co.uk/boeapps/database/_iadb-fromshowcolumns.asp?csv.x=yes&Datefrom=01/Jan/1975&Dateto=now&SeriesCodes=IUDBEDR,IUMBV34,IUMBV37,IUMBV42,IUMBV45,IUM2WTL,IUM5WTL,IUMTLMV&UsingCodes=Y&VPD=Y&VFD=N",2026-08-10
2026-04-30,IUMTLMV,6.6,bank_of_england_iadb,"https://www.bankofengland.co.uk/boeapps/database/_iadb-fromshowcolumns.asp?csv.x=yes&Datefrom=01/Jan/1975&Dateto=now&SeriesCodes=IUDBEDR,IUMBV34,IUMBV37,IUMBV42,IUMBV45,IUM2WTL,IUM5WTL,IUMTLMV&UsingCodes=Y&VPD=Y&VFD=N",2026-08-10
2026-05-31,IUMBV34,4.92,bank_of_england_iadb,"https://www.bankofengland.co.uk/boeapps/database/_iadb-fromshowcolumns.asp?csv.x=yes&Datefrom=01/Jan/1975&Dateto=now&SeriesCodes=IUDBEDR,IUMBV34,IUMBV37,IUMBV42,IUMBV45,IUM2WTL,IUM5WTL,IUMTLMV&UsingCodes=Y&VPD=Y&VFD=N",2026-08-10
2026-05-31,IUMBV37,4.88,bank_of_england_iadb,"https://www.bankofengland.co.uk/boeapps/database/_iadb-fromshowcolumns.asp?csv.x=yes&Datefrom=01/Jan/1975&Dateto=now&SeriesCodes=IUDBEDR,IUMBV34,IUMBV37,IUMBV42,IUMBV45,IUM2WTL,IUM5WTL,IUMTLMV&UsingCodes=Y&VPD=Y&VFD=N",2026-08-10
2026-05-31,IUMBV42,4.8,bank_of_england_iadb,"https://www.bankofengland.co.uk/boeapps/database/_iadb-fromshowcolumns.asp?csv.x=yes&Datefrom=01/Jan/1975&Dateto=now&SeriesCodes=IUDBEDR,IUMBV34,IUMBV37,IUMBV42,IUMBV45,IUM2WTL,IUM5WTL,IUMTLMV&UsingCodes=Y&VPD=Y&VFD=N",2026-08-10
2026-05-31,IUMBV45,5.24,bank_of_england_iadb,"https://www.bankofengland.co.uk/boeapps/database/_iadb-fromshowcolumns.asp?csv.x=yes&Datefrom=01/Jan/1975&Dateto=now&SeriesCodes=IUDBEDR,IUMBV34,IUMBV37,IUMBV42,IUMBV45,IUM2WTL,IUM5WTL,IUMTLMV&UsingCodes=Y&VPD=Y&VFD=N",2026-08-10
2026-05-31,IUM2WTL,5.65,bank_of_england_iadb,"https://www.bankofengland.co.uk/boeapps/database/_iadb-fromshowcolumns.asp?csv.x=yes&Datefrom=01/Jan/1975&Dateto=now&SeriesCodes=IUDBEDR,IUMBV34,IUMBV37,IUMBV42,IUMBV45,IUM2WTL,IUM5WTL,IUMTLMV&UsingCodes=Y&VPD=Y&VFD=N",2026-08-10
2026-05-31,IUM5WTL,5.42,bank_of_england_iadb,"https://www.bankofengland.co.uk/boeapps/database/_iadb-fromshowcolumns.asp?csv.x=yes&Datefrom=01/Jan/1975&Dateto=now&SeriesCodes=IUDBEDR,IUMBV34,IUMBV37,IUMBV42,IUMBV45,IUM2WTL,IUM5WTL,IUMTLMV&UsingCodes=Y&VPD=Y&VFD=N",2026-08-10
2026-05-31,IUMTLMV,6.6,bank_of_england_iadb,"https://www.bankofengland.co.uk/boeapps/database/_iadb-fromshowcolumns.asp?csv.x=yes&Datefrom=01/Jan/1975&Dateto=now&SeriesCodes=IUDBEDR,IUMBV34,IUMBV37,IUMBV42,IUMBV45,IUM2WTL,IUM5WTL,IUMTLMV&UsingCodes=Y&VPD=Y&VFD=N",2026-08-10
2026-06-30,IUMBV34,4.81,bank_of_england_iadb,"https://www.bankofengland.co.uk/boeapps/database/_iadb-fromshowcolumns.asp?csv.x=yes&Datefrom=01/Jan/1975&Dateto=now&SeriesCodes=IUDBEDR,IUMBV34,IUMBV37,IUMBV42,IUMBV45,IUM2WTL,IUM5WTL,IUMTLMV&UsingCodes=Y&VPD=Y&VFD=N",2026-08-10
2026-06-30,IUMBV37,4.76,bank_of_england_iadb,"https://www.bankofengland.co.uk/boeapps/database/_iadb-fromshowcolumns.asp?csv.x=yes&Datefrom=01/Jan/1975&Dateto=now&SeriesCodes=IUDBEDR,IUMBV34,IUMBV37,IUMBV42,IUMBV45,IUM2WTL,IUM5WTL,IUMTLMV&UsingCodes=Y&VPD=Y&VFD=N",2026-08-10
2026-06-30,IUMBV42,4.65,bank_of_england_iadb,"https://www.bankofengland.co.uk/boeapps/database/_iadb-fromshowcolumns.asp?csv.x=yes&Datefrom=01/Jan/1975&Dateto=now&SeriesCodes=IUDBEDR,IUMBV34,IUMBV37,IUMBV42,IUMBV45,IUM2WTL,IUM5WTL,IUMTLMV&UsingCodes=Y&VPD=Y&VFD=N",2026-08-10
2026-06-30,IUMBV45,5.18,bank_of_england_iadb,"https://www.bankofengland.co.uk/boeapps/database/_iadb-fromshowcolumns.asp?csv.x=yes&Datefrom=01/Jan/1975&Dateto=now&SeriesCodes=IUDBEDR,IUMBV34,IUMBV37,IUMBV42,IUMBV45,IUM2WTL,IUM5WTL,IUMTLMV&UsingCodes=Y&VPD=Y&VFD=N",2026-08-10
2026-06-30,IUM2WTL,5.56,bank_of_england_iadb,"https://www.bankofengland.co.uk/boeapps/database/_iadb-fromshowcolumns.asp?csv.x=yes&Datefrom=01/Jan/1975&Dateto=now&SeriesCodes=IUDBEDR,IUMBV34,IUMBV37,IUMBV42,IUMBV45,IUM2WTL,IUM5WTL,IUMTLMV&UsingCodes=Y&VPD=Y&VFD=N",2026-08-10
2026-06-30,IUM5WTL,5.32,bank_of_england_iadb,"https://www.bankofengland.co.uk/boeapps/database/_iadb-fromshowcolumns.asp?csv.x=yes&Datefrom=01/Jan/1975&Dateto=now&SeriesCodes=IUDBEDR,IUMBV34,IUMBV37,IUMBV42,IUMBV45,IUM2WTL,IUM5WTL,IUMTLMV&UsingCodes=Y&VPD=Y&VFD=N",2026-08-10
2026-06-30,IUMTLMV,6.6,bank_of_england_iadb,"https://www.bankofengland.co.uk/boeapps/database/_iadb-fromshowcolumns.asp?csv.x=yes&Datefrom=01/Jan/1975&Dateto=now&SeriesCodes=IUDBEDR,IUMBV34,IUMBV37,IUMBV42,IUMBV45,IUM2WTL,IUM5WTL,IUMTLMV&UsingCodes=Y&VPD=Y&VFD=N",2026-08-10
2026-07-31,IUMBV34,4.79,bank_of_england_iadb,"https://www.bankofengland.co.uk/boeapps/database/_iadb-fromshowcolumns.asp?csv.x=yes&Datefrom=01/Jan/1975&Dateto=now&SeriesCodes=IUDBEDR,IUMBV34,IUMBV37,IUMBV42,IUMBV45,IUM2WTL,IUM5WTL,IUMTLMV&UsingCodes=Y&VPD=Y&VFD=N",2026-08-10
2026-07-31,IUMBV37,4.68,bank_of_england_iadb,"https://www.bankofengland.co.uk/boeapps/database/_iadb-fromshowcolumns.asp?csv.x=yes&Datefrom=01/Jan/1975&Dateto=now&SeriesCodes=IUDBEDR,IUMBV34,IUMBV37,IUMBV42,IUMBV45,IUM2WTL,IUM5WTL,IUMTLMV&UsingCodes=Y&VPD=Y&VFD=N",2026-08-10
2026-07-31,IUMBV42,4.61,bank_of_england_iadb,"https://www.bankofengland.co.uk/boeapps/database/_iadb-fromshowcolumns.asp?csv.x=yes&Datefrom=01/Jan/1975&Dateto=now&SeriesCodes=IUDBEDR,IUMBV34,IUMBV37,IUMBV42,IUMBV45,IUM2WTL,IUM5WTL,IUMTLMV&UsingCodes=Y&VPD=Y&VFD=N",2026-08-10
2026-07-31,IUMBV45,5.17,bank_of_england_iadb,"https://www.bankofengland.co.uk/boeapps/database/_iadb-fromshowcolumns.asp?csv.x=yes&Datefrom=01/Jan/1975&Dateto=now&SeriesCodes=IUDBEDR,IUMBV34,IUMBV37,IUMBV42,IUMBV45,IUM2WTL,IUM5WTL,IUMTLMV&UsingCodes=Y&VPD=Y&VFD=N",2026-08-10
2026-07-31,IUM2WTL,5.49,bank_of_england_iadb,"https://www.bankofengland.co.uk/boeapps/database/_iadb-fromshowcolumns.asp?csv.x=yes&Datefrom=01/Jan/1975&Dateto=now&SeriesCodes=IUDBEDR,IUMBV34,IUMBV37,IUMBV42,IUMBV45,IUM2WTL,IUM5WTL,IUMTLMV&UsingCodes=Y&VPD=Y&VFD=N",2026-08-10
2026-07-31,IUM5WTL,5.29,bank_of_england_iadb,"https://www.bankofengland.co.uk/boeapps/database/_iadb-fromshowcolumns.asp?csv.x=yes&Datefrom=01/Jan/1975&Dateto=now&SeriesCodes=IUDBEDR,IUMBV34,IUMBV37,IUMBV42,IUMBV45,IUM2WTL,IUM5WTL,IUMTLMV&UsingCodes=Y&VPD=Y&VFD=N",2026-08-10
2026-07-31,IUMTLMV,6.6,bank_of_england_iadb,"https://www.bankofengland.co.uk/boeapps/database/_iadb-fromshowcolumns.asp?csv.x=yes&Datefrom=01/Jan/1975&Dateto=now&SeriesCodes=IUDBEDR,IUMBV34,IUMBV37,IUMBV42,IUMBV45,IUM2WTL,IUM5WTL,IUMTLMV&UsingCodes=Y&VPD=Y&VFD=N",2026-08-10
