item_id,published_at,source,source_url,feed_url,title,summary,tags,collected_as_of
130bc4dbc47f8114,31 Oct -01,boe_bank_rate_events,"https://www.bankofengland.co.uk/boeapps/database/_iadb-fromshowcolumns.asp?csv.x=yes&Datefrom=01/Jan/2015&Dateto=now&SeriesCodes=IUDBEDR,IUMBV34,IUMBV37,IUMBV42,IUMBV45,IUM2WTL,IUM5WTL,IUMTLMV&UsingCodes=Y&VPD=Y&VFD=N","https://www.bankofengland.co.uk/boeapps/database/_iadb-fromshowcolumns.asp?csv.x=yes&Datefrom=01/Jan/2015&Dateto=now&SeriesCodes=IUDBEDR,IUMBV34,IUMBV37,IUMBV42,IUMBV45,IUM2WTL,IUM5WTL,IUMTLMV&UsingCodes=Y&VPD=Y&VFD=N",Bank Rate changed to 4.0%,BoE Bank Rate moved from 5.25% to 4.0%,rates;monetary_policy;politics_macro,2026-08-10
0f6a1fb3d599a1c2,31 May -01,boe_bank_rate_events,"https://www.bankofengland.co.uk/boeapps/database/_iadb-fromshowcolumns.asp?csv.x=yes&Datefrom=01/Jan/2015&Dateto=now&SeriesCodes=IUDBEDR,IUMBV34,IUMBV37,IUMBV42,IUMBV45,IUM2WTL,IUM5WTL,IUMTLMV&UsingCodes=Y&VPD=Y&VFD=N","https://www.bankofengland.co.uk/boeapps/database/_iadb-fromshowcolumns.asp?csv.x=yes&Datefrom=01/Jan/2015&Dateto=now&SeriesCodes=IUDBEDR,IUMBV34,IUMBV37,IUMBV42,IUMBV45,IUM2WTL,IUM5WTL,IUMTLMV&UsingCodes=Y&VPD=Y&VFD=N",Bank Rate changed to 5.25%,BoE Bank Rate moved from 3.75% to 5.25%,rates;monetary_policy;politics_macro,2026-08-10
179a5780d7354229,31 Jul -01,boe_bank_rate_events,"https://www.bankofengland.co.uk/boeapps/database/_iadb-fromshowcolumns.asp?csv.x=yes&Datefrom=01/Jan/2015&Dateto=now&SeriesCodes=IUDBEDR,IUMBV34,IUMBV37,IUMBV42,IUMBV45,IUM2WTL,IUM5WTL,IUMTLMV&UsingCodes=Y&VPD=Y&VFD=N","https://www.bankofengland.co.uk/boeapps/database/_iadb-fromshowcolumns.asp?csv.x=yes&Datefrom=01/Jan/2015&Dateto=now&SeriesCodes=IUDBEDR,IUMBV34,IUMBV37,IUMBV42,IUMBV45,IUM2WTL,IUM5WTL,IUMTLMV&UsingCodes=Y&VPD=Y&VFD=N",Bank Rate changed to 3.75%,BoE Bank Rate moved from 4.75% to 3.75%,rates;monetary_policy;politics_macro,2026-08-10
414b1c90b980f8b4,31 Jan -01,boe_bank_rate_events,"https://www.bankofengland.co.uk/boeapps/database/_iadb-fromshowcolumns.asp?csv.x=yes&Datefrom=01/Jan/2015&Dateto=now&SeriesCodes=IUDBEDR,IUMBV34,IUMBV37,IUMBV42,IUMBV45,IUM2WTL,IUM5WTL,IUMTLMV&UsingCodes=Y&VPD=Y&VFD=N","https://www.bankofengland.co.uk/boeapps/database/_iadb-fromshowcolumns.asp?csv.x=yes&Datefrom=01/Jan/2015&Dateto=now&SeriesCodes=IUDBEDR,IUMBV34,IUMBV37,IUMBV42,IUMBV45,IUM2WTL,IUM5WTL,IUMTLMV&UsingCodes=Y&VPD=Y&VFD=N",Bank Rate changed to 4.75%,BoE Bank Rate moved from 3.75% to 4.75%,rates;monetary_policy;politics_macro,2026-08-10
b44763e591a99312,31 Dec -01,boe_bank_rate_events,"https://www.bankofengland.co.uk/boeapps/database/_iadb-fromshowcolumns.asp?csv.x=yes&Datefrom=01/Jan/2015&Dateto=now&SeriesCodes=IUDBEDR,IUMBV34,IUMBV37,IUMBV42,IUMBV45,IUM2WTL,IUM5WTL,IUMTLMV&UsingCodes=Y&VPD=Y&VFD=N","https://www.bankofengland.co.uk/boeapps/database/_iadb-fromshowcolumns.asp?csv.x=yes&Datefrom=01/Jan/2015&Dateto=now&SeriesCodes=IUDBEDR,IUMBV34,IUMBV37,IUMBV42,IUMBV45,IUM2WTL,IUM5WTL,IUMTLMV&UsingCodes=Y&VPD=Y&VFD=N",Bank Rate changed to 3.75%,BoE Bank Rate moved from 5.25% to 3.75%,rates;monetary_policy;politics_macro,2026-08-10
78b2de5f82c97d01,31 Aug -01,boe_bank_rate_events,"https://www.bankofengland.co.uk/boeapps/database/_iadb-fromshowcolumns.asp?csv.x=yes&Datefrom=01/Jan/2015&Dateto=now&SeriesCodes=IUDBEDR,IUMBV34,IUMBV37,IUMBV42,IUMBV45,IUM2WTL,IUM5WTL,IUMTLMV&UsingCodes=Y&VPD=Y&VFD=N","https://www.bankofengland.co.uk/boeapps/database/_iadb-fromshowcolumns.asp?csv.x=yes&Datefrom=01/Jan/2015&Dateto=now&SeriesCodes=IUDBEDR,IUMBV34,IUMBV37,IUMBV42,IUMBV45,IUM2WTL,IUM5WTL,IUMTLMV&UsingCodes=Y&VPD=Y&VFD=N",Bank Rate changed to 5.25%,BoE Bank Rate moved from 4.0% to 5.25%,rates;monetary_policy;politics_macro,2026-08-10
69a1de9808af2713,30 Oct -01,boe_bank_rate_events,"https://www.bankofengland.co.uk/boeapps/database/_iadb-fromshowcolumns.asp?csv.x=yes&Datefrom=01/Jan/2015&Dateto=now&SeriesCodes=IUDBEDR,IUMBV34,IUMBV37,IUMBV42,IUMBV45,IUM2WTL,IUM5WTL,IUMTLMV&UsingCodes=Y&VPD=Y&VFD=N","https://www.bankofengland.co.uk/boeapps/database/_iadb-fromshowcolumns.asp?csv.x=yes&Datefrom=01/Jan/2015&Dateto=now&SeriesCodes=IUDBEDR,IUMBV34,IUMBV37,IUMBV42,IUMBV45,IUM2WTL,IUM5WTL,IUMTLMV&UsingCodes=Y&VPD=Y&VFD=N",Bank Rate changed to 4.0%,BoE Bank Rate moved from 5.25% to 4.0%,rates;monetary_policy;politics_macro,2026-08-10
8841e55badcef87a,30 Nov -01,boe_bank_rate_events,"https://www.bankofengland.co.uk/boeapps/database/_iadb-fromshowcolumns.asp?csv.x=yes&Datefrom=01/Jan/2015&Dateto=now&SeriesCodes=IUDBEDR,IUMBV34,IUMBV37,IUMBV42,IUMBV45,IUM2WTL,IUM5WTL,IUMTLMV&UsingCodes=Y&VPD=Y&VFD=N","https://www.bankofengland.co.uk/boeapps/database/_iadb-fromshowcolumns.asp?csv.x=yes&Datefrom=01/Jan/2015&Dateto=now&SeriesCodes=IUDBEDR,IUMBV34,IUMBV37,IUMBV42,IUMBV45,IUM2WTL,IUM5WTL,IUMTLMV&UsingCodes=Y&VPD=Y&VFD=N",Bank Rate changed to 5.25%,BoE Bank Rate moved from 4.25% to 5.25%,rates;monetary_policy;politics_macro,2026-08-10
996b3b910996de81,30 May -01,boe_bank_rate_events,"https://www.bankofengland.co.uk/boeapps/database/_iadb-fromshowcolumns.asp?csv.x=yes&Datefrom=01/Jan/2015&Dateto=now&SeriesCodes=IUDBEDR,IUMBV34,IUMBV37,IUMBV42,IUMBV45,IUM2WTL,IUM5WTL,IUMTLMV&UsingCodes=Y&VPD=Y&VFD=N","https://www.bankofengland.co.uk/boeapps/database/_iadb-fromshowcolumns.asp?csv.x=yes&Datefrom=01/Jan/2015&Dateto=now&SeriesCodes=IUDBEDR,IUMBV34,IUMBV37,IUMBV42,IUMBV45,IUM2WTL,IUM5WTL,IUMTLMV&UsingCodes=Y&VPD=Y&VFD=N",Bank Rate changed to 4.25%,BoE Bank Rate moved from 3.75% to 4.25%,rates;monetary_policy;politics_macro,2026-08-10
4e307e4481b31ee9,30 Dec -01,boe_bank_rate_events,"https://www.bankofengland.co.uk/boeapps/database/_iadb-fromshowcolumns.asp?csv.x=yes&Datefrom=01/Jan/2015&Dateto=now&SeriesCodes=IUDBEDR,IUMBV34,IUMBV37,IUMBV42,IUMBV45,IUM2WTL,IUM5WTL,IUMTLMV&UsingCodes=Y&VPD=Y&VFD=N","https://www.bankofengland.co.uk/boeapps/database/_iadb-fromshowcolumns.asp?csv.x=yes&Datefrom=01/Jan/2015&Dateto=now&SeriesCodes=IUDBEDR,IUMBV34,IUMBV37,IUMBV42,IUMBV45,IUM2WTL,IUM5WTL,IUMTLMV&UsingCodes=Y&VPD=Y&VFD=N",Bank Rate changed to 3.75%,BoE Bank Rate moved from 5.0% to 3.75%,rates;monetary_policy;politics_macro,2026-08-10
27c2c0596d44e12a,30 Aug -01,boe_bank_rate_events,"https://www.bankofengland.co.uk/boeapps/database/_iadb-fromshowcolumns.asp?csv.x=yes&Datefrom=01/Jan/2015&Dateto=now&SeriesCodes=IUDBEDR,IUMBV34,IUMBV37,IUMBV42,IUMBV45,IUM2WTL,IUM5WTL,IUMTLMV&UsingCodes=Y&VPD=Y&VFD=N","https://www.bankofengland.co.uk/boeapps/database/_iadb-fromshowcolumns.asp?csv.x=yes&Datefrom=01/Jan/2015&Dateto=now&SeriesCodes=IUDBEDR,IUMBV34,IUMBV37,IUMBV42,IUMBV45,IUM2WTL,IUM5WTL,IUMTLMV&UsingCodes=Y&VPD=Y&VFD=N",Bank Rate changed to 5.0%,BoE Bank Rate moved from 3.75% to 5.0%,rates;monetary_policy;politics_macro,2026-08-10
a3bf409d4700aac2,30 Apr -01,boe_bank_rate_events,"https://www.bankofengland.co.uk/boeapps/database/_iadb-fromshowcolumns.asp?csv.x=yes&Datefrom=01/Jan/2015&Dateto=now&SeriesCodes=IUDBEDR,IUMBV34,IUMBV37,IUMBV42,IUMBV45,IUM2WTL,IUM5WTL,IUMTLMV&UsingCodes=Y&VPD=Y&VFD=N","https://www.bankofengland.co.uk/boeapps/database/_iadb-fromshowcolumns.asp?csv.x=yes&Datefrom=01/Jan/2015&Dateto=now&SeriesCodes=IUDBEDR,IUMBV34,IUMBV37,IUMBV42,IUMBV45,IUM2WTL,IUM5WTL,IUMTLMV&UsingCodes=Y&VPD=Y&VFD=N",Bank Rate changed to 3.75%,BoE Bank Rate moved from 4.0% to 3.75%,rates;monetary_policy;politics_macro,2026-08-10
e20a1d6f2af1fec8,29 Oct -01,boe_bank_rate_events,"https://www.bankofengland.co.uk/boeapps/database/_iadb-fromshowcolumns.asp?csv.x=yes&Datefrom=01/Jan/2015&Dateto=now&SeriesCodes=IUDBEDR,IUMBV34,IUMBV37,IUMBV42,IUMBV45,IUM2WTL,IUM5WTL,IUMTLMV&UsingCodes=Y&VPD=Y&VFD=N","https://www.bankofengland.co.uk/boeapps/database/_iadb-fromshowcolumns.asp?csv.x=yes&Datefrom=01/Jan/2015&Dateto=now&SeriesCodes=IUDBEDR,IUMBV34,IUMBV37,IUMBV42,IUMBV45,IUM2WTL,IUM5WTL,IUMTLMV&UsingCodes=Y&VPD=Y&VFD=N",Bank Rate changed to 4.0%,BoE Bank Rate moved from 4.75% to 4.0%,rates;monetary_policy;politics_macro,2026-08-10
59a3aa4f3da6870b,29 Nov -01,boe_bank_rate_events,"https://www.bankofengland.co.uk/boeapps/database/_iadb-fromshowcolumns.asp?csv.x=yes&Datefrom=01/Jan/2015&Dateto=now&SeriesCodes=IUDBEDR,IUMBV34,IUMBV37,IUMBV42,IUMBV45,IUM2WTL,IUM5WTL,IUMTLMV&UsingCodes=Y&VPD=Y&VFD=N","https://www.bankofengland.co.uk/boeapps/database/_iadb-fromshowcolumns.asp?csv.x=yes&Datefrom=01/Jan/2015&Dateto=now&SeriesCodes=IUDBEDR,IUMBV34,IUMBV37,IUMBV42,IUMBV45,IUM2WTL,IUM5WTL,IUMTLMV&UsingCodes=Y&VPD=Y&VFD=N",Bank Rate changed to 4.75%,BoE Bank Rate moved from 3.75% to 4.75%,rates;monetary_policy;politics_macro,2026-08-10
63175859de77c357,29 May -01,boe_bank_rate_events,"https://www.bankofengland.co.uk/boeapps/database/_iadb-fromshowcolumns.asp?csv.x=yes&Datefrom=01/Jan/2015&Dateto=now&SeriesCodes=IUDBEDR,IUMBV34,IUMBV37,IUMBV42,IUMBV45,IUM2WTL,IUM5WTL,IUMTLMV&UsingCodes=Y&VPD=Y&VFD=N","https://www.bankofengland.co.uk/boeapps/database/_iadb-fromshowcolumns.asp?csv.x=yes&Datefrom=01/Jan/2015&Dateto=now&SeriesCodes=IUDBEDR,IUMBV34,IUMBV37,IUMBV42,IUMBV45,IUM2WTL,IUM5WTL,IUMTLMV&UsingCodes=Y&VPD=Y&VFD=N",Bank Rate changed to 3.75%,BoE Bank Rate moved from 4.25% to 3.75%,rates;monetary_policy;politics_macro,2026-08-10
03edcd97cb87c3ac,29 Mar -01,boe_bank_rate_events,"https://www.bankofengland.co.uk/boeapps/database/_iadb-fromshowcolumns.asp?csv.x=yes&Datefrom=01/Jan/2015&Dateto=now&SeriesCodes=IUDBEDR,IUMBV34,IUMBV37,IUMBV42,IUMBV45,IUM2WTL,IUM5WTL,IUMTLMV&UsingCodes=Y&VPD=Y&VFD=N","https://www.bankofengland.co.uk/boeapps/database/_iadb-fromshowcolumns.asp?csv.x=yes&Datefrom=01/Jan/2015&Dateto=now&SeriesCodes=IUDBEDR,IUMBV34,IUMBV37,IUMBV42,IUMBV45,IUM2WTL,IUM5WTL,IUMTLMV&UsingCodes=Y&VPD=Y&VFD=N",Bank Rate changed to 4.25%,BoE Bank Rate moved from 3.75% to 4.25%,rates;monetary_policy;politics_macro,2026-08-10
336f4154db02553f,29 Jan -01,boe_bank_rate_events,"https://www.bankofengland.co.uk/boeapps/database/_iadb-fromshowcolumns.asp?csv.x=yes&Datefrom=01/Jan/2015&Dateto=now&SeriesCodes=IUDBEDR,IUMBV34,IUMBV37,IUMBV42,IUMBV45,IUM2WTL,IUM5WTL,IUMTLMV&UsingCodes=Y&VPD=Y&VFD=N","https://www.bankofengland.co.uk/boeapps/database/_iadb-fromshowcolumns.asp?csv.x=yes&Datefrom=01/Jan/2015&Dateto=now&SeriesCodes=IUDBEDR,IUMBV34,IUMBV37,IUMBV42,IUMBV45,IUM2WTL,IUM5WTL,IUMTLMV&UsingCodes=Y&VPD=Y&VFD=N",Bank Rate changed to 3.75%,BoE Bank Rate moved from 5.25% to 3.75%,rates;monetary_policy;politics_macro,2026-08-10
1e45152134988b75,29 Feb -01,boe_bank_rate_events,"https://www.bankofengland.co.uk/boeapps/database/_iadb-fromshowcolumns.asp?csv.x=yes&Datefrom=01/Jan/2015&Dateto=now&SeriesCodes=IUDBEDR,IUMBV34,IUMBV37,IUMBV42,IUMBV45,IUM2WTL,IUM5WTL,IUMTLMV&UsingCodes=Y&VPD=Y&VFD=N","https://www.bankofengland.co.uk/boeapps/database/_iadb-fromshowcolumns.asp?csv.x=yes&Datefrom=01/Jan/2015&Dateto=now&SeriesCodes=IUDBEDR,IUMBV34,IUMBV37,IUMBV42,IUMBV45,IUM2WTL,IUM5WTL,IUMTLMV&UsingCodes=Y&VPD=Y&VFD=N",Bank Rate changed to 5.25%,BoE Bank Rate moved from 3.75% to 5.25%,rates;monetary_policy;politics_macro,2026-08-10
6f4b17030feca7b2,29 Dec -01,boe_bank_rate_events,"https://www.bankofengland.co.uk/boeapps/database/_iadb-fromshowcolumns.asp?csv.x=yes&Datefrom=01/Jan/2015&Dateto=now&SeriesCodes=IUDBEDR,IUMBV34,IUMBV37,IUMBV42,IUMBV45,IUM2WTL,IUM5WTL,IUMTLMV&UsingCodes=Y&VPD=Y&VFD=N","https://www.bankofengland.co.uk/boeapps/database/_iadb-fromshowcolumns.asp?csv.x=yes&Datefrom=01/Jan/2015&Dateto=now&SeriesCodes=IUDBEDR,IUMBV34,IUMBV37,IUMBV42,IUMBV45,IUM2WTL,IUM5WTL,IUMTLMV&UsingCodes=Y&VPD=Y&VFD=N",Bank Rate changed to 3.75%,BoE Bank Rate moved from 4.0% to 3.75%,rates;monetary_policy;politics_macro,2026-08-10
1e85641ba12f22e8,29 Aug -01,boe_bank_rate_events,"https://www.bankofengland.co.uk/boeapps/database/_iadb-fromshowcolumns.asp?csv.x=yes&Datefrom=01/Jan/2015&Dateto=now&SeriesCodes=IUDBEDR,IUMBV34,IUMBV37,IUMBV42,IUMBV45,IUM2WTL,IUM5WTL,IUMTLMV&UsingCodes=Y&VPD=Y&VFD=N","https://www.bankofengland.co.uk/boeapps/database/_iadb-fromshowcolumns.asp?csv.x=yes&Datefrom=01/Jan/2015&Dateto=now&SeriesCodes=IUDBEDR,IUMBV34,IUMBV37,IUMBV42,IUMBV45,IUM2WTL,IUM5WTL,IUMTLMV&UsingCodes=Y&VPD=Y&VFD=N",Bank Rate changed to 4.0%,BoE Bank Rate moved from 3.75% to 4.0%,rates;monetary_policy;politics_macro,2026-08-10
eb1889d32e81b712,29 Apr -01,boe_bank_rate_events,"https://www.bankofengland.co.uk/boeapps/database/_iadb-fromshowcolumns.asp?csv.x=yes&Datefrom=01/Jan/2015&Dateto=now&SeriesCodes=IUDBEDR,IUMBV34,IUMBV37,IUMBV42,IUMBV45,IUM2WTL,IUM5WTL,IUMTLMV&UsingCodes=Y&VPD=Y&VFD=N","https://www.bankofengland.co.uk/boeapps/database/_iadb-fromshowcolumns.asp?csv.x=yes&Datefrom=01/Jan/2015&Dateto=now&SeriesCodes=IUDBEDR,IUMBV34,IUMBV37,IUMBV42,IUMBV45,IUM2WTL,IUM5WTL,IUMTLMV&UsingCodes=Y&VPD=Y&VFD=N",Bank Rate changed to 3.75%,BoE Bank Rate moved from 5.25% to 3.75%,rates;monetary_policy;politics_macro,2026-08-10
4fd1ff1649f371b5,28 Sep -01,boe_bank_rate_events,"https://www.bankofengland.co.uk/boeapps/database/_iadb-fromshowcolumns.asp?csv.x=yes&Datefrom=01/Jan/2015&Dateto=now&SeriesCodes=IUDBEDR,IUMBV34,IUMBV37,IUMBV42,IUMBV45,IUM2WTL,IUM5WTL,IUMTLMV&UsingCodes=Y&VPD=Y&VFD=N","https://www.bankofengland.co.uk/boeapps/database/_iadb-fromshowcolumns.asp?csv.x=yes&Datefrom=01/Jan/2015&Dateto=now&SeriesCodes=IUDBEDR,IUMBV34,IUMBV37,IUMBV42,IUMBV45,IUM2WTL,IUM5WTL,IUMTLMV&UsingCodes=Y&VPD=Y&VFD=N",Bank Rate changed to 5.25%,BoE Bank Rate moved from 4.0% to 5.25%,rates;monetary_policy;politics_macro,2026-08-10
4ce7cd4b34e56512,28 Nov -01,boe_bank_rate_events,"https://www.bankofengland.co.uk/boeapps/database/_iadb-fromshowcolumns.asp?csv.x=yes&Datefrom=01/Jan/2015&Dateto=now&SeriesCodes=IUDBEDR,IUMBV34,IUMBV37,IUMBV42,IUMBV45,IUM2WTL,IUM5WTL,IUMTLMV&UsingCodes=Y&VPD=Y&VFD=N","https://www.bankofengland.co.uk/boeapps/database/_iadb-fromshowcolumns.asp?csv.x=yes&Datefrom=01/Jan/2015&Dateto=now&SeriesCodes=IUDBEDR,IUMBV34,IUMBV37,IUMBV42,IUMBV45,IUM2WTL,IUM5WTL,IUMTLMV&UsingCodes=Y&VPD=Y&VFD=N",Bank Rate changed to 4.0%,BoE Bank Rate moved from 3.75% to 4.0%,rates;monetary_policy;politics_macro,2026-08-10
dc8526ba7954232f,28 May -01,boe_bank_rate_events,"https://www.bankofengland.co.uk/boeapps/database/_iadb-fromshowcolumns.asp?csv.x=yes&Datefrom=01/Jan/2015&Dateto=now&SeriesCodes=IUDBEDR,IUMBV34,IUMBV37,IUMBV42,IUMBV45,IUM2WTL,IUM5WTL,IUMTLMV&UsingCodes=Y&VPD=Y&VFD=N","https://www.bankofengland.co.uk/boeapps/database/_iadb-fromshowcolumns.asp?csv.x=yes&Datefrom=01/Jan/2015&Dateto=now&SeriesCodes=IUDBEDR,IUMBV34,IUMBV37,IUMBV42,IUMBV45,IUM2WTL,IUM5WTL,IUMTLMV&UsingCodes=Y&VPD=Y&VFD=N",Bank Rate changed to 3.75%,BoE Bank Rate moved from 4.5% to 3.75%,rates;monetary_policy;politics_macro,2026-08-10
3f31ceee49c188a8,28 Mar -01,boe_bank_rate_events,"https://www.bankofengland.co.uk/boeapps/database/_iadb-fromshowcolumns.asp?csv.x=yes&Datefrom=01/Jan/2015&Dateto=now&SeriesCodes=IUDBEDR,IUMBV34,IUMBV37,IUMBV42,IUMBV45,IUM2WTL,IUM5WTL,IUMTLMV&UsingCodes=Y&VPD=Y&VFD=N","https://www.bankofengland.co.uk/boeapps/database/_iadb-fromshowcolumns.asp?csv.x=yes&Datefrom=01/Jan/2015&Dateto=now&SeriesCodes=IUDBEDR,IUMBV34,IUMBV37,IUMBV42,IUMBV45,IUM2WTL,IUM5WTL,IUMTLMV&UsingCodes=Y&VPD=Y&VFD=N",Bank Rate changed to 4.5%,BoE Bank Rate moved from 5.25% to 4.5%,rates;monetary_policy;politics_macro,2026-08-10
42bb42e31839d83b,28 Jun -01,boe_bank_rate_events,"https://www.bankofengland.co.uk/boeapps/database/_iadb-fromshowcolumns.asp?csv.x=yes&Datefrom=01/Jan/2015&Dateto=now&SeriesCodes=IUDBEDR,IUMBV34,IUMBV37,IUMBV42,IUMBV45,IUM2WTL,IUM5WTL,IUMTLMV&UsingCodes=Y&VPD=Y&VFD=N","https://www.bankofengland.co.uk/boeapps/database/_iadb-fromshowcolumns.asp?csv.x=yes&Datefrom=01/Jan/2015&Dateto=now&SeriesCodes=IUDBEDR,IUMBV34,IUMBV37,IUMBV42,IUMBV45,IUM2WTL,IUM5WTL,IUMTLMV&UsingCodes=Y&VPD=Y&VFD=N",Bank Rate changed to 5.25%,BoE Bank Rate moved from 3.75% to 5.25%,rates;monetary_policy;politics_macro,2026-08-10
31b2cfdd1ec76dd9,28 Jan -01,boe_bank_rate_events,"https://www.bankofengland.co.uk/boeapps/database/_iadb-fromshowcolumns.asp?csv.x=yes&Datefrom=01/Jan/2015&Dateto=now&SeriesCodes=IUDBEDR,IUMBV34,IUMBV37,IUMBV42,IUMBV45,IUM2WTL,IUM5WTL,IUMTLMV&UsingCodes=Y&VPD=Y&VFD=N","https://www.bankofengland.co.uk/boeapps/database/_iadb-fromshowcolumns.asp?csv.x=yes&Datefrom=01/Jan/2015&Dateto=now&SeriesCodes=IUDBEDR,IUMBV34,IUMBV37,IUMBV42,IUMBV45,IUM2WTL,IUM5WTL,IUMTLMV&UsingCodes=Y&VPD=Y&VFD=N",Bank Rate changed to 3.75%,BoE Bank Rate moved from 4.5% to 3.75%,rates;monetary_policy;politics_macro,2026-08-10
4678ef794ebd7533,28 Feb -01,boe_bank_rate_events,"https://www.bankofengland.co.uk/boeapps/database/_iadb-fromshowcolumns.asp?csv.x=yes&Datefrom=01/Jan/2015&Dateto=now&SeriesCodes=IUDBEDR,IUMBV34,IUMBV37,IUMBV42,IUMBV45,IUM2WTL,IUM5WTL,IUMTLMV&UsingCodes=Y&VPD=Y&VFD=N","https://www.bankofengland.co.uk/boeapps/database/_iadb-fromshowcolumns.asp?csv.x=yes&Datefrom=01/Jan/2015&Dateto=now&SeriesCodes=IUDBEDR,IUMBV34,IUMBV37,IUMBV42,IUMBV45,IUM2WTL,IUM5WTL,IUMTLMV&UsingCodes=Y&VPD=Y&VFD=N",Bank Rate changed to 4.5%,BoE Bank Rate moved from 5.25% to 4.5%,rates;monetary_policy;politics_macro,2026-08-10
2dc6b1c76f5ab8e6,28 Dec -01,boe_bank_rate_events,"https://www.bankofengland.co.uk/boeapps/database/_iadb-fromshowcolumns.asp?csv.x=yes&Datefrom=01/Jan/2015&Dateto=now&SeriesCodes=IUDBEDR,IUMBV34,IUMBV37,IUMBV42,IUMBV45,IUM2WTL,IUM5WTL,IUMTLMV&UsingCodes=Y&VPD=Y&VFD=N","https://www.bankofengland.co.uk/boeapps/database/_iadb-fromshowcolumns.asp?csv.x=yes&Datefrom=01/Jan/2015&Dateto=now&SeriesCodes=IUDBEDR,IUMBV34,IUMBV37,IUMBV42,IUMBV45,IUM2WTL,IUM5WTL,IUMTLMV&UsingCodes=Y&VPD=Y&VFD=N",Bank Rate changed to 5.25%,BoE Bank Rate moved from 4.0% to 5.25%,rates;monetary_policy;politics_macro,2026-08-10
6a4535efa3aad0c0,28 Aug -01,boe_bank_rate_events,"https://www.bankofengland.co.uk/boeapps/database/_iadb-fromshowcolumns.asp?csv.x=yes&Datefrom=01/Jan/2015&Dateto=now&SeriesCodes=IUDBEDR,IUMBV34,IUMBV37,IUMBV42,IUMBV45,IUM2WTL,IUM5WTL,IUMTLMV&UsingCodes=Y&VPD=Y&VFD=N","https://www.bankofengland.co.uk/boeapps/database/_iadb-fromshowcolumns.asp?csv.x=yes&Datefrom=01/Jan/2015&Dateto=now&SeriesCodes=IUDBEDR,IUMBV34,IUMBV37,IUMBV42,IUMBV45,IUM2WTL,IUM5WTL,IUMTLMV&UsingCodes=Y&VPD=Y&VFD=N",Bank Rate changed to 4.0%,BoE Bank Rate moved from 3.75% to 4.0%,rates;monetary_policy;politics_macro,2026-08-10
a2003f191fae3fee,28 Apr -01,boe_bank_rate_events,"https://www.bankofengland.co.uk/boeapps/database/_iadb-fromshowcolumns.asp?csv.x=yes&Datefrom=01/Jan/2015&Dateto=now&SeriesCodes=IUDBEDR,IUMBV34,IUMBV37,IUMBV42,IUMBV45,IUM2WTL,IUM5WTL,IUMTLMV&UsingCodes=Y&VPD=Y&VFD=N","https://www.bankofengland.co.uk/boeapps/database/_iadb-fromshowcolumns.asp?csv.x=yes&Datefrom=01/Jan/2015&Dateto=now&SeriesCodes=IUDBEDR,IUMBV34,IUMBV37,IUMBV42,IUMBV45,IUM2WTL,IUM5WTL,IUMTLMV&UsingCodes=Y&VPD=Y&VFD=N",Bank Rate changed to 3.75%,BoE Bank Rate moved from 5.0% to 3.75%,rates;monetary_policy;politics_macro,2026-08-10
76912c7ca9ee9e74,27 Sep -01,boe_bank_rate_events,"https://www.bankofengland.co.uk/boeapps/database/_iadb-fromshowcolumns.asp?csv.x=yes&Datefrom=01/Jan/2015&Dateto=now&SeriesCodes=IUDBEDR,IUMBV34,IUMBV37,IUMBV42,IUMBV45,IUM2WTL,IUM5WTL,IUMTLMV&UsingCodes=Y&VPD=Y&VFD=N","https://www.bankofengland.co.uk/boeapps/database/_iadb-fromshowcolumns.asp?csv.x=yes&Datefrom=01/Jan/2015&Dateto=now&SeriesCodes=IUDBEDR,IUMBV34,IUMBV37,IUMBV42,IUMBV45,IUM2WTL,IUM5WTL,IUMTLMV&UsingCodes=Y&VPD=Y&VFD=N",Bank Rate changed to 5.0%,BoE Bank Rate moved from 4.0% to 5.0%,rates;monetary_policy;politics_macro,2026-08-10
8361631f70a68e28,27 Nov -01,boe_bank_rate_events,"https://www.bankofengland.co.uk/boeapps/database/_iadb-fromshowcolumns.asp?csv.x=yes&Datefrom=01/Jan/2015&Dateto=now&SeriesCodes=IUDBEDR,IUMBV34,IUMBV37,IUMBV42,IUMBV45,IUM2WTL,IUM5WTL,IUMTLMV&UsingCodes=Y&VPD=Y&VFD=N","https://www.bankofengland.co.uk/boeapps/database/_iadb-fromshowcolumns.asp?csv.x=yes&Datefrom=01/Jan/2015&Dateto=now&SeriesCodes=IUDBEDR,IUMBV34,IUMBV37,IUMBV42,IUMBV45,IUM2WTL,IUM5WTL,IUMTLMV&UsingCodes=Y&VPD=Y&VFD=N",Bank Rate changed to 4.0%,BoE Bank Rate moved from 3.75% to 4.0%,rates;monetary_policy;politics_macro,2026-08-10
cfd26876b086e116,27 Mar -01,boe_bank_rate_events,"https://www.bankofengland.co.uk/boeapps/database/_iadb-fromshowcolumns.asp?csv.x=yes&Datefrom=01/Jan/2015&Dateto=now&SeriesCodes=IUDBEDR,IUMBV34,IUMBV37,IUMBV42,IUMBV45,IUM2WTL,IUM5WTL,IUMTLMV&UsingCodes=Y&VPD=Y&VFD=N","https://www.bankofengland.co.uk/boeapps/database/_iadb-fromshowcolumns.asp?csv.x=yes&Datefrom=01/Jan/2015&Dateto=now&SeriesCodes=IUDBEDR,IUMBV34,IUMBV37,IUMBV42,IUMBV45,IUM2WTL,IUM5WTL,IUMTLMV&UsingCodes=Y&VPD=Y&VFD=N",Bank Rate changed to 3.75%,BoE Bank Rate moved from 4.25% to 3.75%,rates;monetary_policy;politics_macro,2026-08-10
7ea6564f62a7fc6e,27 Jun -01,boe_bank_rate_events,"https://www.bankofengland.co.uk/boeapps/database/_iadb-fromshowcolumns.asp?csv.x=yes&Datefrom=01/Jan/2015&Dateto=now&SeriesCodes=IUDBEDR,IUMBV34,IUMBV37,IUMBV42,IUMBV45,IUM2WTL,IUM5WTL,IUMTLMV&UsingCodes=Y&VPD=Y&VFD=N","https://www.bankofengland.co.uk/boeapps/database/_iadb-fromshowcolumns.asp?csv.x=yes&Datefrom=01/Jan/2015&Dateto=now&SeriesCodes=IUDBEDR,IUMBV34,IUMBV37,IUMBV42,IUMBV45,IUM2WTL,IUM5WTL,IUMTLMV&UsingCodes=Y&VPD=Y&VFD=N",Bank Rate changed to 4.25%,BoE Bank Rate moved from 3.75% to 4.25%,rates;monetary_policy;politics_macro,2026-08-10
dffaf2126530c694,27 Feb -01,boe_bank_rate_events,"https://www.bankofengland.co.uk/boeapps/database/_iadb-fromshowcolumns.asp?csv.x=yes&Datefrom=01/Jan/2015&Dateto=now&SeriesCodes=IUDBEDR,IUMBV34,IUMBV37,IUMBV42,IUMBV45,IUM2WTL,IUM5WTL,IUMTLMV&UsingCodes=Y&VPD=Y&VFD=N","https://www.bankofengland.co.uk/boeapps/database/_iadb-fromshowcolumns.asp?csv.x=yes&Datefrom=01/Jan/2015&Dateto=now&SeriesCodes=IUDBEDR,IUMBV34,IUMBV37,IUMBV42,IUMBV45,IUM2WTL,IUM5WTL,IUMTLMV&UsingCodes=Y&VPD=Y&VFD=N",Bank Rate changed to 3.75%,BoE Bank Rate moved from 4.75% to 3.75%,rates;monetary_policy;politics_macro,2026-08-10
aa4d876dfd787ee3,27 Dec -01,boe_bank_rate_events,"https://www.bankofengland.co.uk/boeapps/database/_iadb-fromshowcolumns.asp?csv.x=yes&Datefrom=01/Jan/2015&Dateto=now&SeriesCodes=IUDBEDR,IUMBV34,IUMBV37,IUMBV42,IUMBV45,IUM2WTL,IUM5WTL,IUMTLMV&UsingCodes=Y&VPD=Y&VFD=N","https://www.bankofengland.co.uk/boeapps/database/_iadb-fromshowcolumns.asp?csv.x=yes&Datefrom=01/Jan/2015&Dateto=now&SeriesCodes=IUDBEDR,IUMBV34,IUMBV37,IUMBV42,IUMBV45,IUM2WTL,IUM5WTL,IUMTLMV&UsingCodes=Y&VPD=Y&VFD=N",Bank Rate changed to 4.75%,BoE Bank Rate moved from 4.0% to 4.75%,rates;monetary_policy;politics_macro,2026-08-10
c54e22e7c6647bfe,27 Aug -01,boe_bank_rate_events,"https://www.bankofengland.co.uk/boeapps/database/_iadb-fromshowcolumns.asp?csv.x=yes&Datefrom=01/Jan/2015&Dateto=now&SeriesCodes=IUDBEDR,IUMBV34,IUMBV37,IUMBV42,IUMBV45,IUM2WTL,IUM5WTL,IUMTLMV&UsingCodes=Y&VPD=Y&VFD=N","https://www.bankofengland.co.uk/boeapps/database/_iadb-fromshowcolumns.asp?csv.x=yes&Datefrom=01/Jan/2015&Dateto=now&SeriesCodes=IUDBEDR,IUMBV34,IUMBV37,IUMBV42,IUMBV45,IUM2WTL,IUM5WTL,IUMTLMV&UsingCodes=Y&VPD=Y&VFD=N",Bank Rate changed to 4.0%,BoE Bank Rate moved from 3.75% to 4.0%,rates;monetary_policy;politics_macro,2026-08-10
1c3f35df1ba90854,27 Apr -01,boe_bank_rate_events,"https://www.bankofengland.co.uk/boeapps/database/_iadb-fromshowcolumns.asp?csv.x=yes&Datefrom=01/Jan/2015&Dateto=now&SeriesCodes=IUDBEDR,IUMBV34,IUMBV37,IUMBV42,IUMBV45,IUM2WTL,IUM5WTL,IUMTLMV&UsingCodes=Y&VPD=Y&VFD=N","https://www.bankofengland.co.uk/boeapps/database/_iadb-fromshowcolumns.asp?csv.x=yes&Datefrom=01/Jan/2015&Dateto=now&SeriesCodes=IUDBEDR,IUMBV34,IUMBV37,IUMBV42,IUMBV45,IUM2WTL,IUM5WTL,IUMTLMV&UsingCodes=Y&VPD=Y&VFD=N",Bank Rate changed to 3.75%,BoE Bank Rate moved from 4.0% to 3.75%,rates;monetary_policy;politics_macro,2026-08-10
80ed18ce52836a0d,26 Sep -01,boe_bank_rate_events,"https://www.bankofengland.co.uk/boeapps/database/_iadb-fromshowcolumns.asp?csv.x=yes&Datefrom=01/Jan/2015&Dateto=now&SeriesCodes=IUDBEDR,IUMBV34,IUMBV37,IUMBV42,IUMBV45,IUM2WTL,IUM5WTL,IUMTLMV&UsingCodes=Y&VPD=Y&VFD=N","https://www.bankofengland.co.uk/boeapps/database/_iadb-fromshowcolumns.asp?csv.x=yes&Datefrom=01/Jan/2015&Dateto=now&SeriesCodes=IUDBEDR,IUMBV34,IUMBV37,IUMBV42,IUMBV45,IUM2WTL,IUM5WTL,IUMTLMV&UsingCodes=Y&VPD=Y&VFD=N",Bank Rate changed to 4.0%,BoE Bank Rate moved from 5.25% to 4.0%,rates;monetary_policy;politics_macro,2026-08-10
f7571c75f4bc259b,26 Oct -01,boe_bank_rate_events,"https://www.bankofengland.co.uk/boeapps/database/_iadb-fromshowcolumns.asp?csv.x=yes&Datefrom=01/Jan/2015&Dateto=now&SeriesCodes=IUDBEDR,IUMBV34,IUMBV37,IUMBV42,IUMBV45,IUM2WTL,IUM5WTL,IUMTLMV&UsingCodes=Y&VPD=Y&VFD=N","https://www.bankofengland.co.uk/boeapps/database/_iadb-fromshowcolumns.asp?csv.x=yes&Datefrom=01/Jan/2015&Dateto=now&SeriesCodes=IUDBEDR,IUMBV34,IUMBV37,IUMBV42,IUMBV45,IUM2WTL,IUM5WTL,IUMTLMV&UsingCodes=Y&VPD=Y&VFD=N",Bank Rate changed to 5.25%,BoE Bank Rate moved from 4.0% to 5.25%,rates;monetary_policy;politics_macro,2026-08-10
43776ba7b5dbccc4,26 Nov -01,boe_bank_rate_events,"https://www.bankofengland.co.uk/boeapps/database/_iadb-fromshowcolumns.asp?csv.x=yes&Datefrom=01/Jan/2015&Dateto=now&SeriesCodes=IUDBEDR,IUMBV34,IUMBV37,IUMBV42,IUMBV45,IUM2WTL,IUM5WTL,IUMTLMV&UsingCodes=Y&VPD=Y&VFD=N","https://www.bankofengland.co.uk/boeapps/database/_iadb-fromshowcolumns.asp?csv.x=yes&Datefrom=01/Jan/2015&Dateto=now&SeriesCodes=IUDBEDR,IUMBV34,IUMBV37,IUMBV42,IUMBV45,IUM2WTL,IUM5WTL,IUMTLMV&UsingCodes=Y&VPD=Y&VFD=N",Bank Rate changed to 4.0%,BoE Bank Rate moved from 3.75% to 4.0%,rates;monetary_policy;politics_macro,2026-08-10
4893ef2ff2fcb3c8,26 Jun -01,boe_bank_rate_events,"https://www.bankofengland.co.uk/boeapps/database/_iadb-fromshowcolumns.asp?csv.x=yes&Datefrom=01/Jan/2015&Dateto=now&SeriesCodes=IUDBEDR,IUMBV34,IUMBV37,IUMBV42,IUMBV45,IUM2WTL,IUM5WTL,IUMTLMV&UsingCodes=Y&VPD=Y&VFD=N","https://www.bankofengland.co.uk/boeapps/database/_iadb-fromshowcolumns.asp?csv.x=yes&Datefrom=01/Jan/2015&Dateto=now&SeriesCodes=IUDBEDR,IUMBV34,IUMBV37,IUMBV42,IUMBV45,IUM2WTL,IUM5WTL,IUMTLMV&UsingCodes=Y&VPD=Y&VFD=N",Bank Rate changed to 3.75%,BoE Bank Rate moved from 5.25% to 3.75%,rates;monetary_policy;politics_macro,2026-08-10
e6c870660e5b5b4a,26 Jul -01,boe_bank_rate_events,"https://www.bankofengland.co.uk/boeapps/database/_iadb-fromshowcolumns.asp?csv.x=yes&Datefrom=01/Jan/2015&Dateto=now&SeriesCodes=IUDBEDR,IUMBV34,IUMBV37,IUMBV42,IUMBV45,IUM2WTL,IUM5WTL,IUMTLMV&UsingCodes=Y&VPD=Y&VFD=N","https://www.bankofengland.co.uk/boeapps/database/_iadb-fromshowcolumns.asp?csv.x=yes&Datefrom=01/Jan/2015&Dateto=now&SeriesCodes=IUDBEDR,IUMBV34,IUMBV37,IUMBV42,IUMBV45,IUM2WTL,IUM5WTL,IUMTLMV&UsingCodes=Y&VPD=Y&VFD=N",Bank Rate changed to 5.25%,BoE Bank Rate moved from 3.75% to 5.25%,rates;monetary_policy;politics_macro,2026-08-10
66977a67a5405bc0,26 Feb -01,boe_bank_rate_events,"https://www.bankofengland.co.uk/boeapps/database/_iadb-fromshowcolumns.asp?csv.x=yes&Datefrom=01/Jan/2015&Dateto=now&SeriesCodes=IUDBEDR,IUMBV34,IUMBV37,IUMBV42,IUMBV45,IUM2WTL,IUM5WTL,IUMTLMV&UsingCodes=Y&VPD=Y&VFD=N","https://www.bankofengland.co.uk/boeapps/database/_iadb-fromshowcolumns.asp?csv.x=yes&Datefrom=01/Jan/2015&Dateto=now&SeriesCodes=IUDBEDR,IUMBV34,IUMBV37,IUMBV42,IUMBV45,IUM2WTL,IUM5WTL,IUMTLMV&UsingCodes=Y&VPD=Y&VFD=N",Bank Rate changed to 3.75%,BoE Bank Rate moved from 4.0% to 3.75%,rates;monetary_policy;politics_macro,2026-08-10
ee3100ce19dcecc3,26 Aug -01,boe_bank_rate_events,"https://www.bankofengland.co.uk/boeapps/database/_iadb-fromshowcolumns.asp?csv.x=yes&Datefrom=01/Jan/2015&Dateto=now&SeriesCodes=IUDBEDR,IUMBV34,IUMBV37,IUMBV42,IUMBV45,IUM2WTL,IUM5WTL,IUMTLMV&UsingCodes=Y&VPD=Y&VFD=N","https://www.bankofengland.co.uk/boeapps/database/_iadb-fromshowcolumns.asp?csv.x=yes&Datefrom=01/Jan/2015&Dateto=now&SeriesCodes=IUDBEDR,IUMBV34,IUMBV37,IUMBV42,IUMBV45,IUM2WTL,IUM5WTL,IUMTLMV&UsingCodes=Y&VPD=Y&VFD=N",Bank Rate changed to 4.0%,BoE Bank Rate moved from 5.25% to 4.0%,rates;monetary_policy;politics_macro,2026-08-10
c71fba0dd590d41e,26 Apr -01,boe_bank_rate_events,"https://www.bankofengland.co.uk/boeapps/database/_iadb-fromshowcolumns.asp?csv.x=yes&Datefrom=01/Jan/2015&Dateto=now&SeriesCodes=IUDBEDR,IUMBV34,IUMBV37,IUMBV42,IUMBV45,IUM2WTL,IUM5WTL,IUMTLMV&UsingCodes=Y&VPD=Y&VFD=N","https://www.bankofengland.co.uk/boeapps/database/_iadb-fromshowcolumns.asp?csv.x=yes&Datefrom=01/Jan/2015&Dateto=now&SeriesCodes=IUDBEDR,IUMBV34,IUMBV37,IUMBV42,IUMBV45,IUM2WTL,IUM5WTL,IUMTLMV&UsingCodes=Y&VPD=Y&VFD=N",Bank Rate changed to 5.25%,BoE Bank Rate moved from 4.0% to 5.25%,rates;monetary_policy;politics_macro,2026-08-10
4875eeac9895e7df,25 Sep -01,boe_bank_rate_events,"https://www.bankofengland.co.uk/boeapps/database/_iadb-fromshowcolumns.asp?csv.x=yes&Datefrom=01/Jan/2015&Dateto=now&SeriesCodes=IUDBEDR,IUMBV34,IUMBV37,IUMBV42,IUMBV45,IUM2WTL,IUM5WTL,IUMTLMV&UsingCodes=Y&VPD=Y&VFD=N","https://www.bankofengland.co.uk/boeapps/database/_iadb-fromshowcolumns.asp?csv.x=yes&Datefrom=01/Jan/2015&Dateto=now&SeriesCodes=IUDBEDR,IUMBV34,IUMBV37,IUMBV42,IUMBV45,IUM2WTL,IUM5WTL,IUMTLMV&UsingCodes=Y&VPD=Y&VFD=N",Bank Rate changed to 4.0%,BoE Bank Rate moved from 5.0% to 4.0%,rates;monetary_policy;politics_macro,2026-08-10
41d112fc332d5da4,25 Oct -01,boe_bank_rate_events,"https://www.bankofengland.co.uk/boeapps/database/_iadb-fromshowcolumns.asp?csv.x=yes&Datefrom=01/Jan/2015&Dateto=now&SeriesCodes=IUDBEDR,IUMBV34,IUMBV37,IUMBV42,IUMBV45,IUM2WTL,IUM5WTL,IUMTLMV&UsingCodes=Y&VPD=Y&VFD=N","https://www.bankofengland.co.uk/boeapps/database/_iadb-fromshowcolumns.asp?csv.x=yes&Datefrom=01/Jan/2015&Dateto=now&SeriesCodes=IUDBEDR,IUMBV34,IUMBV37,IUMBV42,IUMBV45,IUM2WTL,IUM5WTL,IUMTLMV&UsingCodes=Y&VPD=Y&VFD=N",Bank Rate changed to 5.0%,BoE Bank Rate moved from 4.0% to 5.0%,rates;monetary_policy;politics_macro,2026-08-10
32c84062d2593aad,25 Nov -01,boe_bank_rate_events,"https://www.bankofengland.co.uk/boeapps/database/_iadb-fromshowcolumns.asp?csv.x=yes&Datefrom=01/Jan/2015&Dateto=now&SeriesCodes=IUDBEDR,IUMBV34,IUMBV37,IUMBV42,IUMBV45,IUM2WTL,IUM5WTL,IUMTLMV&UsingCodes=Y&VPD=Y&VFD=N","https://www.bankofengland.co.uk/boeapps/database/_iadb-fromshowcolumns.asp?csv.x=yes&Datefrom=01/Jan/2015&Dateto=now&SeriesCodes=IUDBEDR,IUMBV34,IUMBV37,IUMBV42,IUMBV45,IUM2WTL,IUM5WTL,IUMTLMV&UsingCodes=Y&VPD=Y&VFD=N",Bank Rate changed to 4.0%,BoE Bank Rate moved from 4.5% to 4.0%,rates;monetary_policy;politics_macro,2026-08-10
082f74f14323c1b8,25 May -01,boe_bank_rate_events,"https://www.bankofengland.co.uk/boeapps/database/_iadb-fromshowcolumns.asp?csv.x=yes&Datefrom=01/Jan/2015&Dateto=now&SeriesCodes=IUDBEDR,IUMBV34,IUMBV37,IUMBV42,IUMBV45,IUM2WTL,IUM5WTL,IUMTLMV&UsingCodes=Y&VPD=Y&VFD=N","https://www.bankofengland.co.uk/boeapps/database/_iadb-fromshowcolumns.asp?csv.x=yes&Datefrom=01/Jan/2015&Dateto=now&SeriesCodes=IUDBEDR,IUMBV34,IUMBV37,IUMBV42,IUMBV45,IUM2WTL,IUM5WTL,IUMTLMV&UsingCodes=Y&VPD=Y&VFD=N",Bank Rate changed to 4.5%,BoE Bank Rate moved from 3.75% to 4.5%,rates;monetary_policy;politics_macro,2026-08-10
2123083a72287c27,25 Jun -01,boe_bank_rate_events,"https://www.bankofengland.co.uk/boeapps/database/_iadb-fromshowcolumns.asp?csv.x=yes&Datefrom=01/Jan/2015&Dateto=now&SeriesCodes=IUDBEDR,IUMBV34,IUMBV37,IUMBV42,IUMBV45,IUM2WTL,IUM5WTL,IUMTLMV&UsingCodes=Y&VPD=Y&VFD=N","https://www.bankofengland.co.uk/boeapps/database/_iadb-fromshowcolumns.asp?csv.x=yes&Datefrom=01/Jan/2015&Dateto=now&SeriesCodes=IUDBEDR,IUMBV34,IUMBV37,IUMBV42,IUMBV45,IUM2WTL,IUM5WTL,IUMTLMV&UsingCodes=Y&VPD=Y&VFD=N",Bank Rate changed to 3.75%,BoE Bank Rate moved from 4.25% to 3.75%,rates;monetary_policy;politics_macro,2026-08-10
2c0b7f6fb7d0c605,25 Jul -01,boe_bank_rate_events,"https://www.bankofengland.co.uk/boeapps/database/_iadb-fromshowcolumns.asp?csv.x=yes&Datefrom=01/Jan/2015&Dateto=now&SeriesCodes=IUDBEDR,IUMBV34,IUMBV37,IUMBV42,IUMBV45,IUM2WTL,IUM5WTL,IUMTLMV&UsingCodes=Y&VPD=Y&VFD=N","https://www.bankofengland.co.uk/boeapps/database/_iadb-fromshowcolumns.asp?csv.x=yes&Datefrom=01/Jan/2015&Dateto=now&SeriesCodes=IUDBEDR,IUMBV34,IUMBV37,IUMBV42,IUMBV45,IUM2WTL,IUM5WTL,IUMTLMV&UsingCodes=Y&VPD=Y&VFD=N",Bank Rate changed to 4.25%,BoE Bank Rate moved from 5.25% to 4.25%,rates;monetary_policy;politics_macro,2026-08-10
49a15f2865a6eeb1,25 Jan -01,boe_bank_rate_events,"https://www.bankofengland.co.uk/boeapps/database/_iadb-fromshowcolumns.asp?csv.x=yes&Datefrom=01/Jan/2015&Dateto=now&SeriesCodes=IUDBEDR,IUMBV34,IUMBV37,IUMBV42,IUMBV45,IUM2WTL,IUM5WTL,IUMTLMV&UsingCodes=Y&VPD=Y&VFD=N","https://www.bankofengland.co.uk/boeapps/database/_iadb-fromshowcolumns.asp?csv.x=yes&Datefrom=01/Jan/2015&Dateto=now&SeriesCodes=IUDBEDR,IUMBV34,IUMBV37,IUMBV42,IUMBV45,IUM2WTL,IUM5WTL,IUMTLMV&UsingCodes=Y&VPD=Y&VFD=N",Bank Rate changed to 5.25%,BoE Bank Rate moved from 3.75% to 5.25%,rates;monetary_policy;politics_macro,2026-08-10
c7c433b5da3ac8da,25 Feb -01,boe_bank_rate_events,"https://www.bankofengland.co.uk/boeapps/database/_iadb-fromshowcolumns.asp?csv.x=yes&Datefrom=01/Jan/2015&Dateto=now&SeriesCodes=IUDBEDR,IUMBV34,IUMBV37,IUMBV42,IUMBV45,IUM2WTL,IUM5WTL,IUMTLMV&UsingCodes=Y&VPD=Y&VFD=N","https://www.bankofengland.co.uk/boeapps/database/_iadb-fromshowcolumns.asp?csv.x=yes&Datefrom=01/Jan/2015&Dateto=now&SeriesCodes=IUDBEDR,IUMBV34,IUMBV37,IUMBV42,IUMBV45,IUM2WTL,IUM5WTL,IUMTLMV&UsingCodes=Y&VPD=Y&VFD=N",Bank Rate changed to 3.75%,BoE Bank Rate moved from 5.25% to 3.75%,rates;monetary_policy;politics_macro,2026-08-10
e189d074e48ba63c,25 Aug -01,boe_bank_rate_events,"https://www.bankofengland.co.uk/boeapps/database/_iadb-fromshowcolumns.asp?csv.x=yes&Datefrom=01/Jan/2015&Dateto=now&SeriesCodes=IUDBEDR,IUMBV34,IUMBV37,IUMBV42,IUMBV45,IUM2WTL,IUM5WTL,IUMTLMV&UsingCodes=Y&VPD=Y&VFD=N","https://www.bankofengland.co.uk/boeapps/database/_iadb-fromshowcolumns.asp?csv.x=yes&Datefrom=01/Jan/2015&Dateto=now&SeriesCodes=IUDBEDR,IUMBV34,IUMBV37,IUMBV42,IUMBV45,IUM2WTL,IUM5WTL,IUMTLMV&UsingCodes=Y&VPD=Y&VFD=N",Bank Rate changed to 5.25%,BoE Bank Rate moved from 4.5% to 5.25%,rates;monetary_policy;politics_macro,2026-08-10
2c915922092a7772,25 Apr -01,boe_bank_rate_events,"https://www.bankofengland.co.uk/boeapps/database/_iadb-fromshowcolumns.asp?csv.x=yes&Datefrom=01/Jan/2015&Dateto=now&SeriesCodes=IUDBEDR,IUMBV34,IUMBV37,IUMBV42,IUMBV45,IUM2WTL,IUM5WTL,IUMTLMV&UsingCodes=Y&VPD=Y&VFD=N","https://www.bankofengland.co.uk/boeapps/database/_iadb-fromshowcolumns.asp?csv.x=yes&Datefrom=01/Jan/2015&Dateto=now&SeriesCodes=IUDBEDR,IUMBV34,IUMBV37,IUMBV42,IUMBV45,IUM2WTL,IUM5WTL,IUMTLMV&UsingCodes=Y&VPD=Y&VFD=N",Bank Rate changed to 4.5%,BoE Bank Rate moved from 4.0% to 4.5%,rates;monetary_policy;politics_macro,2026-08-10
45fc2ecfa24cbf54,24 Nov -01,boe_bank_rate_events,"https://www.bankofengland.co.uk/boeapps/database/_iadb-fromshowcolumns.asp?csv.x=yes&Datefrom=01/Jan/2015&Dateto=now&SeriesCodes=IUDBEDR,IUMBV34,IUMBV37,IUMBV42,IUMBV45,IUM2WTL,IUM5WTL,IUMTLMV&UsingCodes=Y&VPD=Y&VFD=N","https://www.bankofengland.co.uk/boeapps/database/_iadb-fromshowcolumns.asp?csv.x=yes&Datefrom=01/Jan/2015&Dateto=now&SeriesCodes=IUDBEDR,IUMBV34,IUMBV37,IUMBV42,IUMBV45,IUM2WTL,IUM5WTL,IUMTLMV&UsingCodes=Y&VPD=Y&VFD=N",Bank Rate changed to 4.0%,BoE Bank Rate moved from 5.25% to 4.0%,rates;monetary_policy;politics_macro,2026-08-10
c0d94443cb14757b,24 May -01,boe_bank_rate_events,"https://www.bankofengland.co.uk/boeapps/database/_iadb-fromshowcolumns.asp?csv.x=yes&Datefrom=01/Jan/2015&Dateto=now&SeriesCodes=IUDBEDR,IUMBV34,IUMBV37,IUMBV42,IUMBV45,IUM2WTL,IUM5WTL,IUMTLMV&UsingCodes=Y&VPD=Y&VFD=N","https://www.bankofengland.co.uk/boeapps/database/_iadb-fromshowcolumns.asp?csv.x=yes&Datefrom=01/Jan/2015&Dateto=now&SeriesCodes=IUDBEDR,IUMBV34,IUMBV37,IUMBV42,IUMBV45,IUM2WTL,IUM5WTL,IUMTLMV&UsingCodes=Y&VPD=Y&VFD=N",Bank Rate changed to 5.25%,BoE Bank Rate moved from 3.75% to 5.25%,rates;monetary_policy;politics_macro,2026-08-10
9ca772921fdd8735,24 Jul -01,boe_bank_rate_events,"https://www.bankofengland.co.uk/boeapps/database/_iadb-fromshowcolumns.asp?csv.x=yes&Datefrom=01/Jan/2015&Dateto=now&SeriesCodes=IUDBEDR,IUMBV34,IUMBV37,IUMBV42,IUMBV45,IUM2WTL,IUM5WTL,IUMTLMV&UsingCodes=Y&VPD=Y&VFD=N","https://www.bankofengland.co.uk/boeapps/database/_iadb-fromshowcolumns.asp?csv.x=yes&Datefrom=01/Jan/2015&Dateto=now&SeriesCodes=IUDBEDR,IUMBV34,IUMBV37,IUMBV42,IUMBV45,IUM2WTL,IUM5WTL,IUMTLMV&UsingCodes=Y&VPD=Y&VFD=N",Bank Rate changed to 3.75%,BoE Bank Rate moved from 4.75% to 3.75%,rates;monetary_policy;politics_macro,2026-08-10
f139c5537ca8a910,24 Jan -01,boe_bank_rate_events,"https://www.bankofengland.co.uk/boeapps/database/_iadb-fromshowcolumns.asp?csv.x=yes&Datefrom=01/Jan/2015&Dateto=now&SeriesCodes=IUDBEDR,IUMBV34,IUMBV37,IUMBV42,IUMBV45,IUM2WTL,IUM5WTL,IUMTLMV&UsingCodes=Y&VPD=Y&VFD=N","https://www.bankofengland.co.uk/boeapps/database/_iadb-fromshowcolumns.asp?csv.x=yes&Datefrom=01/Jan/2015&Dateto=now&SeriesCodes=IUDBEDR,IUMBV34,IUMBV37,IUMBV42,IUMBV45,IUM2WTL,IUM5WTL,IUMTLMV&UsingCodes=Y&VPD=Y&VFD=N",Bank Rate changed to 4.75%,BoE Bank Rate moved from 3.75% to 4.75%,rates;monetary_policy;politics_macro,2026-08-10
2a05a3eda3194adc,24 Dec -01,boe_bank_rate_events,"https://www.bankofengland.co.uk/boeapps/database/_iadb-fromshowcolumns.asp?csv.x=yes&Datefrom=01/Jan/2015&Dateto=now&SeriesCodes=IUDBEDR,IUMBV34,IUMBV37,IUMBV42,IUMBV45,IUM2WTL,IUM5WTL,IUMTLMV&UsingCodes=Y&VPD=Y&VFD=N","https://www.bankofengland.co.uk/boeapps/database/_iadb-fromshowcolumns.asp?csv.x=yes&Datefrom=01/Jan/2015&Dateto=now&SeriesCodes=IUDBEDR,IUMBV34,IUMBV37,IUMBV42,IUMBV45,IUM2WTL,IUM5WTL,IUMTLMV&UsingCodes=Y&VPD=Y&VFD=N",Bank Rate changed to 3.75%,BoE Bank Rate moved from 5.25% to 3.75%,rates;monetary_policy;politics_macro,2026-08-10
f2d002ae4ce51b0d,24 Aug -01,boe_bank_rate_events,"https://www.bankofengland.co.uk/boeapps/database/_iadb-fromshowcolumns.asp?csv.x=yes&Datefrom=01/Jan/2015&Dateto=now&SeriesCodes=IUDBEDR,IUMBV34,IUMBV37,IUMBV42,IUMBV45,IUM2WTL,IUM5WTL,IUMTLMV&UsingCodes=Y&VPD=Y&VFD=N","https://www.bankofengland.co.uk/boeapps/database/_iadb-fromshowcolumns.asp?csv.x=yes&Datefrom=01/Jan/2015&Dateto=now&SeriesCodes=IUDBEDR,IUMBV34,IUMBV37,IUMBV42,IUMBV45,IUM2WTL,IUM5WTL,IUMTLMV&UsingCodes=Y&VPD=Y&VFD=N",Bank Rate changed to 5.25%,BoE Bank Rate moved from 3.75% to 5.25%,rates;monetary_policy;politics_macro,2026-08-10
0596a90e2f009ed7,24 Apr -01,boe_bank_rate_events,"https://www.bankofengland.co.uk/boeapps/database/_iadb-fromshowcolumns.asp?csv.x=yes&Datefrom=01/Jan/2015&Dateto=now&SeriesCodes=IUDBEDR,IUMBV34,IUMBV37,IUMBV42,IUMBV45,IUM2WTL,IUM5WTL,IUMTLMV&UsingCodes=Y&VPD=Y&VFD=N","https://www.bankofengland.co.uk/boeapps/database/_iadb-fromshowcolumns.asp?csv.x=yes&Datefrom=01/Jan/2015&Dateto=now&SeriesCodes=IUDBEDR,IUMBV34,IUMBV37,IUMBV42,IUMBV45,IUM2WTL,IUM5WTL,IUMTLMV&UsingCodes=Y&VPD=Y&VFD=N",Bank Rate changed to 3.75%,BoE Bank Rate moved from 4.0% to 3.75%,rates;monetary_policy;politics_macro,2026-08-10
131c2245fd7d6fe1,23 Oct -01,boe_bank_rate_events,"https://www.bankofengland.co.uk/boeapps/database/_iadb-fromshowcolumns.asp?csv.x=yes&Datefrom=01/Jan/2015&Dateto=now&SeriesCodes=IUDBEDR,IUMBV34,IUMBV37,IUMBV42,IUMBV45,IUM2WTL,IUM5WTL,IUMTLMV&UsingCodes=Y&VPD=Y&VFD=N","https://www.bankofengland.co.uk/boeapps/database/_iadb-fromshowcolumns.asp?csv.x=yes&Datefrom=01/Jan/2015&Dateto=now&SeriesCodes=IUDBEDR,IUMBV34,IUMBV37,IUMBV42,IUMBV45,IUM2WTL,IUM5WTL,IUMTLMV&UsingCodes=Y&VPD=Y&VFD=N",Bank Rate changed to 4.0%,BoE Bank Rate moved from 5.25% to 4.0%,rates;monetary_policy;politics_macro,2026-08-10
cc8e68d31dd62f33,23 Nov -01,boe_bank_rate_events,"https://www.bankofengland.co.uk/boeapps/database/_iadb-fromshowcolumns.asp?csv.x=yes&Datefrom=01/Jan/2015&Dateto=now&SeriesCodes=IUDBEDR,IUMBV34,IUMBV37,IUMBV42,IUMBV45,IUM2WTL,IUM5WTL,IUMTLMV&UsingCodes=Y&VPD=Y&VFD=N","https://www.bankofengland.co.uk/boeapps/database/_iadb-fromshowcolumns.asp?csv.x=yes&Datefrom=01/Jan/2015&Dateto=now&SeriesCodes=IUDBEDR,IUMBV34,IUMBV37,IUMBV42,IUMBV45,IUM2WTL,IUM5WTL,IUMTLMV&UsingCodes=Y&VPD=Y&VFD=N",Bank Rate changed to 5.25%,BoE Bank Rate moved from 4.25% to 5.25%,rates;monetary_policy;politics_macro,2026-08-10
cf32e26d624e58ee,23 May -01,boe_bank_rate_events,"https://www.bankofengland.co.uk/boeapps/database/_iadb-fromshowcolumns.asp?csv.x=yes&Datefrom=01/Jan/2015&Dateto=now&SeriesCodes=IUDBEDR,IUMBV34,IUMBV37,IUMBV42,IUMBV45,IUM2WTL,IUM5WTL,IUMTLMV&UsingCodes=Y&VPD=Y&VFD=N","https://www.bankofengland.co.uk/boeapps/database/_iadb-fromshowcolumns.asp?csv.x=yes&Datefrom=01/Jan/2015&Dateto=now&SeriesCodes=IUDBEDR,IUMBV34,IUMBV37,IUMBV42,IUMBV45,IUM2WTL,IUM5WTL,IUMTLMV&UsingCodes=Y&VPD=Y&VFD=N",Bank Rate changed to 4.25%,BoE Bank Rate moved from 3.75% to 4.25%,rates;monetary_policy;politics_macro,2026-08-10
d9d13ff09fdfc903,23 Dec -01,boe_bank_rate_events,"https://www.bankofengland.co.uk/boeapps/database/_iadb-fromshowcolumns.asp?csv.x=yes&Datefrom=01/Jan/2015&Dateto=now&SeriesCodes=IUDBEDR,IUMBV34,IUMBV37,IUMBV42,IUMBV45,IUM2WTL,IUM5WTL,IUMTLMV&UsingCodes=Y&VPD=Y&VFD=N","https://www.bankofengland.co.uk/boeapps/database/_iadb-fromshowcolumns.asp?csv.x=yes&Datefrom=01/Jan/2015&Dateto=now&SeriesCodes=IUDBEDR,IUMBV34,IUMBV37,IUMBV42,IUMBV45,IUM2WTL,IUM5WTL,IUMTLMV&UsingCodes=Y&VPD=Y&VFD=N",Bank Rate changed to 3.75%,BoE Bank Rate moved from 5.0% to 3.75%,rates;monetary_policy;politics_macro,2026-08-10
3fadd474cb3ccc1e,23 Aug -01,boe_bank_rate_events,"https://www.bankofengland.co.uk/boeapps/database/_iadb-fromshowcolumns.asp?csv.x=yes&Datefrom=01/Jan/2015&Dateto=now&SeriesCodes=IUDBEDR,IUMBV34,IUMBV37,IUMBV42,IUMBV45,IUM2WTL,IUM5WTL,IUMTLMV&UsingCodes=Y&VPD=Y&VFD=N","https://www.bankofengland.co.uk/boeapps/database/_iadb-fromshowcolumns.asp?csv.x=yes&Datefrom=01/Jan/2015&Dateto=now&SeriesCodes=IUDBEDR,IUMBV34,IUMBV37,IUMBV42,IUMBV45,IUM2WTL,IUM5WTL,IUMTLMV&UsingCodes=Y&VPD=Y&VFD=N",Bank Rate changed to 5.0%,BoE Bank Rate moved from 3.75% to 5.0%,rates;monetary_policy;politics_macro,2026-08-10
472a4f647c4b0c5a,23 Apr -01,boe_bank_rate_events,"https://www.bankofengland.co.uk/boeapps/database/_iadb-fromshowcolumns.asp?csv.x=yes&Datefrom=01/Jan/2015&Dateto=now&SeriesCodes=IUDBEDR,IUMBV34,IUMBV37,IUMBV42,IUMBV45,IUM2WTL,IUM5WTL,IUMTLMV&UsingCodes=Y&VPD=Y&VFD=N","https://www.bankofengland.co.uk/boeapps/database/_iadb-fromshowcolumns.asp?csv.x=yes&Datefrom=01/Jan/2015&Dateto=now&SeriesCodes=IUDBEDR,IUMBV34,IUMBV37,IUMBV42,IUMBV45,IUM2WTL,IUM5WTL,IUMTLMV&UsingCodes=Y&VPD=Y&VFD=N",Bank Rate changed to 3.75%,BoE Bank Rate moved from 4.0% to 3.75%,rates;monetary_policy;politics_macro,2026-08-10
6c986a491ece267b,22 Oct -01,boe_bank_rate_events,"https://www.bankofengland.co.uk/boeapps/database/_iadb-fromshowcolumns.asp?csv.x=yes&Datefrom=01/Jan/2015&Dateto=now&SeriesCodes=IUDBEDR,IUMBV34,IUMBV37,IUMBV42,IUMBV45,IUM2WTL,IUM5WTL,IUMTLMV&UsingCodes=Y&VPD=Y&VFD=N","https://www.bankofengland.co.uk/boeapps/database/_iadb-fromshowcolumns.asp?csv.x=yes&Datefrom=01/Jan/2015&Dateto=now&SeriesCodes=IUDBEDR,IUMBV34,IUMBV37,IUMBV42,IUMBV45,IUM2WTL,IUM5WTL,IUMTLMV&UsingCodes=Y&VPD=Y&VFD=N",Bank Rate changed to 4.0%,BoE Bank Rate moved from 4.75% to 4.0%,rates;monetary_policy;politics_macro,2026-08-10
9aecbea7146ed851,22 Nov -01,boe_bank_rate_events,"https://www.bankofengland.co.uk/boeapps/database/_iadb-fromshowcolumns.asp?csv.x=yes&Datefrom=01/Jan/2015&Dateto=now&SeriesCodes=IUDBEDR,IUMBV34,IUMBV37,IUMBV42,IUMBV45,IUM2WTL,IUM5WTL,IUMTLMV&UsingCodes=Y&VPD=Y&VFD=N","https://www.bankofengland.co.uk/boeapps/database/_iadb-fromshowcolumns.asp?csv.x=yes&Datefrom=01/Jan/2015&Dateto=now&SeriesCodes=IUDBEDR,IUMBV34,IUMBV37,IUMBV42,IUMBV45,IUM2WTL,IUM5WTL,IUMTLMV&UsingCodes=Y&VPD=Y&VFD=N",Bank Rate changed to 4.75%,BoE Bank Rate moved from 3.75% to 4.75%,rates;monetary_policy;politics_macro,2026-08-10
81c003445f538f2d,22 May -01,boe_bank_rate_events,"https://www.bankofengland.co.uk/boeapps/database/_iadb-fromshowcolumns.asp?csv.x=yes&Datefrom=01/Jan/2015&Dateto=now&SeriesCodes=IUDBEDR,IUMBV34,IUMBV37,IUMBV42,IUMBV45,IUM2WTL,IUM5WTL,IUMTLMV&UsingCodes=Y&VPD=Y&VFD=N","https://www.bankofengland.co.uk/boeapps/database/_iadb-fromshowcolumns.asp?csv.x=yes&Datefrom=01/Jan/2015&Dateto=now&SeriesCodes=IUDBEDR,IUMBV34,IUMBV37,IUMBV42,IUMBV45,IUM2WTL,IUM5WTL,IUMTLMV&UsingCodes=Y&VPD=Y&VFD=N",Bank Rate changed to 3.75%,BoE Bank Rate moved from 5.25% to 3.75%,rates;monetary_policy;politics_macro,2026-08-10
1f3279223d0d83fe,22 Mar -01,boe_bank_rate_events,"https://www.bankofengland.co.uk/boeapps/database/_iadb-fromshowcolumns.asp?csv.x=yes&Datefrom=01/Jan/2015&Dateto=now&SeriesCodes=IUDBEDR,IUMBV34,IUMBV37,IUMBV42,IUMBV45,IUM2WTL,IUM5WTL,IUMTLMV&UsingCodes=Y&VPD=Y&VFD=N","https://www.bankofengland.co.uk/boeapps/database/_iadb-fromshowcolumns.asp?csv.x=yes&Datefrom=01/Jan/2015&Dateto=now&SeriesCodes=IUDBEDR,IUMBV34,IUMBV37,IUMBV42,IUMBV45,IUM2WTL,IUM5WTL,IUMTLMV&UsingCodes=Y&VPD=Y&VFD=N",Bank Rate changed to 5.25%,BoE Bank Rate moved from 3.75% to 5.25%,rates;monetary_policy;politics_macro,2026-08-10
8d9e1dbdb03ff6a5,22 Jan -01,boe_bank_rate_events,"https://www.bankofengland.co.uk/boeapps/database/_iadb-fromshowcolumns.asp?csv.x=yes&Datefrom=01/Jan/2015&Dateto=now&SeriesCodes=IUDBEDR,IUMBV34,IUMBV37,IUMBV42,IUMBV45,IUM2WTL,IUM5WTL,IUMTLMV&UsingCodes=Y&VPD=Y&VFD=N","https://www.bankofengland.co.uk/boeapps/database/_iadb-fromshowcolumns.asp?csv.x=yes&Datefrom=01/Jan/2015&Dateto=now&SeriesCodes=IUDBEDR,IUMBV34,IUMBV37,IUMBV42,IUMBV45,IUM2WTL,IUM5WTL,IUMTLMV&UsingCodes=Y&VPD=Y&VFD=N",Bank Rate changed to 3.75%,BoE Bank Rate moved from 5.25% to 3.75%,rates;monetary_policy;politics_macro,2026-08-10
c3ecdc8c313779a6,22 Feb -01,boe_bank_rate_events,"https://www.bankofengland.co.uk/boeapps/database/_iadb-fromshowcolumns.asp?csv.x=yes&Datefrom=01/Jan/2015&Dateto=now&SeriesCodes=IUDBEDR,IUMBV34,IUMBV37,IUMBV42,IUMBV45,IUM2WTL,IUM5WTL,IUMTLMV&UsingCodes=Y&VPD=Y&VFD=N","https://www.bankofengland.co.uk/boeapps/database/_iadb-fromshowcolumns.asp?csv.x=yes&Datefrom=01/Jan/2015&Dateto=now&SeriesCodes=IUDBEDR,IUMBV34,IUMBV37,IUMBV42,IUMBV45,IUM2WTL,IUM5WTL,IUMTLMV&UsingCodes=Y&VPD=Y&VFD=N",Bank Rate changed to 5.25%,BoE Bank Rate moved from 3.75% to 5.25%,rates;monetary_policy;politics_macro,2026-08-10
488357a8ecead299,22 Dec -01,boe_bank_rate_events,"https://www.bankofengland.co.uk/boeapps/database/_iadb-fromshowcolumns.asp?csv.x=yes&Datefrom=01/Jan/2015&Dateto=now&SeriesCodes=IUDBEDR,IUMBV34,IUMBV37,IUMBV42,IUMBV45,IUM2WTL,IUM5WTL,IUMTLMV&UsingCodes=Y&VPD=Y&VFD=N","https://www.bankofengland.co.uk/boeapps/database/_iadb-fromshowcolumns.asp?csv.x=yes&Datefrom=01/Jan/2015&Dateto=now&SeriesCodes=IUDBEDR,IUMBV34,IUMBV37,IUMBV42,IUMBV45,IUM2WTL,IUM5WTL,IUMTLMV&UsingCodes=Y&VPD=Y&VFD=N",Bank Rate changed to 3.75%,BoE Bank Rate moved from 4.0% to 3.75%,rates;monetary_policy;politics_macro,2026-08-10
6674f4e2f24d7200,22 Aug -01,boe_bank_rate_events,"https://www.bankofengland.co.uk/boeapps/database/_iadb-fromshowcolumns.asp?csv.x=yes&Datefrom=01/Jan/2015&Dateto=now&SeriesCodes=IUDBEDR,IUMBV34,IUMBV37,IUMBV42,IUMBV45,IUM2WTL,IUM5WTL,IUMTLMV&UsingCodes=Y&VPD=Y&VFD=N","https://www.bankofengland.co.uk/boeapps/database/_iadb-fromshowcolumns.asp?csv.x=yes&Datefrom=01/Jan/2015&Dateto=now&SeriesCodes=IUDBEDR,IUMBV34,IUMBV37,IUMBV42,IUMBV45,IUM2WTL,IUM5WTL,IUMTLMV&UsingCodes=Y&VPD=Y&VFD=N",Bank Rate changed to 4.0%,BoE Bank Rate moved from 3.75% to 4.0%,rates;monetary_policy;politics_macro,2026-08-10
7705136d363ade0e,22 Apr -01,boe_bank_rate_events,"https://www.bankofengland.co.uk/boeapps/database/_iadb-fromshowcolumns.asp?csv.x=yes&Datefrom=01/Jan/2015&Dateto=now&SeriesCodes=IUDBEDR,IUMBV34,IUMBV37,IUMBV42,IUMBV45,IUM2WTL,IUM5WTL,IUMTLMV&UsingCodes=Y&VPD=Y&VFD=N","https://www.bankofengland.co.uk/boeapps/database/_iadb-fromshowcolumns.asp?csv.x=yes&Datefrom=01/Jan/2015&Dateto=now&SeriesCodes=IUDBEDR,IUMBV34,IUMBV37,IUMBV42,IUMBV45,IUM2WTL,IUM5WTL,IUMTLMV&UsingCodes=Y&VPD=Y&VFD=N",Bank Rate changed to 3.75%,BoE Bank Rate moved from 5.25% to 3.75%,rates;monetary_policy;politics_macro,2026-08-10
a8c1eaf36257d6d8,21 Sep -01,boe_bank_rate_events,"https://www.bankofengland.co.uk/boeapps/database/_iadb-fromshowcolumns.asp?csv.x=yes&Datefrom=01/Jan/2015&Dateto=now&SeriesCodes=IUDBEDR,IUMBV34,IUMBV37,IUMBV42,IUMBV45,IUM2WTL,IUM5WTL,IUMTLMV&UsingCodes=Y&VPD=Y&VFD=N","https://www.bankofengland.co.uk/boeapps/database/_iadb-fromshowcolumns.asp?csv.x=yes&Datefrom=01/Jan/2015&Dateto=now&SeriesCodes=IUDBEDR,IUMBV34,IUMBV37,IUMBV42,IUMBV45,IUM2WTL,IUM5WTL,IUMTLMV&UsingCodes=Y&VPD=Y&VFD=N",Bank Rate changed to 5.25%,BoE Bank Rate moved from 4.0% to 5.25%,rates;monetary_policy;politics_macro,2026-08-10
7eefccc91c867fd7,21 Nov -01,boe_bank_rate_events,"https://www.bankofengland.co.uk/boeapps/database/_iadb-fromshowcolumns.asp?csv.x=yes&Datefrom=01/Jan/2015&Dateto=now&SeriesCodes=IUDBEDR,IUMBV34,IUMBV37,IUMBV42,IUMBV45,IUM2WTL,IUM5WTL,IUMTLMV&UsingCodes=Y&VPD=Y&VFD=N","https://www.bankofengland.co.uk/boeapps/database/_iadb-fromshowcolumns.asp?csv.x=yes&Datefrom=01/Jan/2015&Dateto=now&SeriesCodes=IUDBEDR,IUMBV34,IUMBV37,IUMBV42,IUMBV45,IUM2WTL,IUM5WTL,IUMTLMV&UsingCodes=Y&VPD=Y&VFD=N",Bank Rate changed to 4.0%,BoE Bank Rate moved from 3.75% to 4.0%,rates;monetary_policy;politics_macro,2026-08-10
bcfbf43cd8fb68cc,21 May -01,boe_bank_rate_events,"https://www.bankofengland.co.uk/boeapps/database/_iadb-fromshowcolumns.asp?csv.x=yes&Datefrom=01/Jan/2015&Dateto=now&SeriesCodes=IUDBEDR,IUMBV34,IUMBV37,IUMBV42,IUMBV45,IUM2WTL,IUM5WTL,IUMTLMV&UsingCodes=Y&VPD=Y&VFD=N","https://www.bankofengland.co.uk/boeapps/database/_iadb-fromshowcolumns.asp?csv.x=yes&Datefrom=01/Jan/2015&Dateto=now&SeriesCodes=IUDBEDR,IUMBV34,IUMBV37,IUMBV42,IUMBV45,IUM2WTL,IUM5WTL,IUMTLMV&UsingCodes=Y&VPD=Y&VFD=N",Bank Rate changed to 3.75%,BoE Bank Rate moved from 4.5% to 3.75%,rates;monetary_policy;politics_macro,2026-08-10
2ac82a36373e3678,21 Mar -01,boe_bank_rate_events,"https://www.bankofengland.co.uk/boeapps/database/_iadb-fromshowcolumns.asp?csv.x=yes&Datefrom=01/Jan/2015&Dateto=now&SeriesCodes=IUDBEDR,IUMBV34,IUMBV37,IUMBV42,IUMBV45,IUM2WTL,IUM5WTL,IUMTLMV&UsingCodes=Y&VPD=Y&VFD=N","https://www.bankofengland.co.uk/boeapps/database/_iadb-fromshowcolumns.asp?csv.x=yes&Datefrom=01/Jan/2015&Dateto=now&SeriesCodes=IUDBEDR,IUMBV34,IUMBV37,IUMBV42,IUMBV45,IUM2WTL,IUM5WTL,IUMTLMV&UsingCodes=Y&VPD=Y&VFD=N",Bank Rate changed to 4.5%,BoE Bank Rate moved from 5.25% to 4.5%,rates;monetary_policy;politics_macro,2026-08-10
73f7b6689a757d06,21 Jun -01,boe_bank_rate_events,"https://www.bankofengland.co.uk/boeapps/database/_iadb-fromshowcolumns.asp?csv.x=yes&Datefrom=01/Jan/2015&Dateto=now&SeriesCodes=IUDBEDR,IUMBV34,IUMBV37,IUMBV42,IUMBV45,IUM2WTL,IUM5WTL,IUMTLMV&UsingCodes=Y&VPD=Y&VFD=N","https://www.bankofengland.co.uk/boeapps/database/_iadb-fromshowcolumns.asp?csv.x=yes&Datefrom=01/Jan/2015&Dateto=now&SeriesCodes=IUDBEDR,IUMBV34,IUMBV37,IUMBV42,IUMBV45,IUM2WTL,IUM5WTL,IUMTLMV&UsingCodes=Y&VPD=Y&VFD=N",Bank Rate changed to 5.25%,BoE Bank Rate moved from 3.75% to 5.25%,rates;monetary_policy;politics_macro,2026-08-10
f8f502a987be1d78,21 Jan -01,boe_bank_rate_events,"https://www.bankofengland.co.uk/boeapps/database/_iadb-fromshowcolumns.asp?csv.x=yes&Datefrom=01/Jan/2015&Dateto=now&SeriesCodes=IUDBEDR,IUMBV34,IUMBV37,IUMBV42,IUMBV45,IUM2WTL,IUM5WTL,IUMTLMV&UsingCodes=Y&VPD=Y&VFD=N","https://www.bankofengland.co.uk/boeapps/database/_iadb-fromshowcolumns.asp?csv.x=yes&Datefrom=01/Jan/2015&Dateto=now&SeriesCodes=IUDBEDR,IUMBV34,IUMBV37,IUMBV42,IUMBV45,IUM2WTL,IUM5WTL,IUMTLMV&UsingCodes=Y&VPD=Y&VFD=N",Bank Rate changed to 3.75%,BoE Bank Rate moved from 4.5% to 3.75%,rates;monetary_policy;politics_macro,2026-08-10
a7af2acefb2daad9,21 Feb -01,boe_bank_rate_events,"https://www.bankofengland.co.uk/boeapps/database/_iadb-fromshowcolumns.asp?csv.x=yes&Datefrom=01/Jan/2015&Dateto=now&SeriesCodes=IUDBEDR,IUMBV34,IUMBV37,IUMBV42,IUMBV45,IUM2WTL,IUM5WTL,IUMTLMV&UsingCodes=Y&VPD=Y&VFD=N","https://www.bankofengland.co.uk/boeapps/database/_iadb-fromshowcolumns.asp?csv.x=yes&Datefrom=01/Jan/2015&Dateto=now&SeriesCodes=IUDBEDR,IUMBV34,IUMBV37,IUMBV42,IUMBV45,IUM2WTL,IUM5WTL,IUMTLMV&UsingCodes=Y&VPD=Y&VFD=N",Bank Rate changed to 4.5%,BoE Bank Rate moved from 5.25% to 4.5%,rates;monetary_policy;politics_macro,2026-08-10
84d29fa98e3190d1,21 Dec -01,boe_bank_rate_events,"https://www.bankofengland.co.uk/boeapps/database/_iadb-fromshowcolumns.asp?csv.x=yes&Datefrom=01/Jan/2015&Dateto=now&SeriesCodes=IUDBEDR,IUMBV34,IUMBV37,IUMBV42,IUMBV45,IUM2WTL,IUM5WTL,IUMTLMV&UsingCodes=Y&VPD=Y&VFD=N","https://www.bankofengland.co.uk/boeapps/database/_iadb-fromshowcolumns.asp?csv.x=yes&Datefrom=01/Jan/2015&Dateto=now&SeriesCodes=IUDBEDR,IUMBV34,IUMBV37,IUMBV42,IUMBV45,IUM2WTL,IUM5WTL,IUMTLMV&UsingCodes=Y&VPD=Y&VFD=N",Bank Rate changed to 5.25%,BoE Bank Rate moved from 4.0% to 5.25%,rates;monetary_policy;politics_macro,2026-08-10
4ebaf22e8c4f6db5,21 Aug -01,boe_bank_rate_events,"https://www.bankofengland.co.uk/boeapps/database/_iadb-fromshowcolumns.asp?csv.x=yes&Datefrom=01/Jan/2015&Dateto=now&SeriesCodes=IUDBEDR,IUMBV34,IUMBV37,IUMBV42,IUMBV45,IUM2WTL,IUM5WTL,IUMTLMV&UsingCodes=Y&VPD=Y&VFD=N","https://www.bankofengland.co.uk/boeapps/database/_iadb-fromshowcolumns.asp?csv.x=yes&Datefrom=01/Jan/2015&Dateto=now&SeriesCodes=IUDBEDR,IUMBV34,IUMBV37,IUMBV42,IUMBV45,IUM2WTL,IUM5WTL,IUMTLMV&UsingCodes=Y&VPD=Y&VFD=N",Bank Rate changed to 4.0%,BoE Bank Rate moved from 3.75% to 4.0%,rates;monetary_policy;politics_macro,2026-08-10
c0e01afbe6da73fb,21 Apr -01,boe_bank_rate_events,"https://www.bankofengland.co.uk/boeapps/database/_iadb-fromshowcolumns.asp?csv.x=yes&Datefrom=01/Jan/2015&Dateto=now&SeriesCodes=IUDBEDR,IUMBV34,IUMBV37,IUMBV42,IUMBV45,IUM2WTL,IUM5WTL,IUMTLMV&UsingCodes=Y&VPD=Y&VFD=N","https://www.bankofengland.co.uk/boeapps/database/_iadb-fromshowcolumns.asp?csv.x=yes&Datefrom=01/Jan/2015&Dateto=now&SeriesCodes=IUDBEDR,IUMBV34,IUMBV37,IUMBV42,IUMBV45,IUM2WTL,IUM5WTL,IUMTLMV&UsingCodes=Y&VPD=Y&VFD=N",Bank Rate changed to 3.75%,BoE Bank Rate moved from 5.0% to 3.75%,rates;monetary_policy;politics_macro,2026-08-10
ebfedce5978a6310,2026-08-09,guardian_politics,https://www.theguardian.com/money/2026/aug/10/cut-175-from-energy-bills-for-low-income-homes-says-thinktank,https://www.theguardian.com/politics/rss,"Cut £175 from energy bills for low-income homes, says thinktank","Resolution Foundation proposes £2bn emergency scheme to help people facing higher costs this winter Labour should draw up an emergency plan to cut energy prices for low-income families by up to £175 this winter, the Resolution Foundation has said. One of Andy Burnham’s first policy announcements as prime minister was to remove VAT temporarily from electricity bills, saving households about £45 a year. <a href=""https://www.theguardian.com/money/2026/aug/10/cut-175-from-energy-b",politics;pm,2026-08-10
5c34f6b8e4463960,2026-08-09,guardian_politics,https://www.theguardian.com/business/2026/aug/09/burnham-vows-crackdown-on-rip-off-business-practices-to-ease-cost-of-living,https://www.theguardian.com/politics/rss,Burnham vows crackdown on ‘rip-off’ business practices to ease cost of living,"First of PM’s ‘everyday fixes’ to be banning fake discounts and making it easier to cancel unwanted subscriptions Andy Burnham: I’ll end the rip-offs that people hate Andy Burnham has promised a series of measures to tackle the cost of living, including a ban on fake discounts and making it easier for people to escape unwanted subscriptions.</",politics,2026-08-10
8c5e6691b6b25789,2026-08-09,guardian_politics,https://www.theguardian.com/world/2026/aug/09/hamish-falconer-uk-minister-european-relations-eu,https://www.theguardian.com/politics/rss,‘I was on my honeymoon!’: Hamish Falconer’s surprise call-up to Burnham’s cabinet,"New EU negotiator, who previously helped free Taliban hostages, thought it was safe to book holiday during recess Labour seeking ‘deeper relationship’ with EU under Burnham, new minister says When Hamish Falconer left his career as a Foreign Office diplomat for the hostile environment of a Labour party selection process, one of his last acts was a negot",politics;election,2026-08-10
3cb306d6d8377ad6,2026-08-09,guardian_politics,https://www.theguardian.com/politics/2026/aug/09/uk-eu-reset-talks-brexit-burnham-hamish-falconer,https://www.theguardian.com/politics/rss,"Labour seeking ‘deeper relationship’ with EU under Burnham, new minister says","Exclusive: Hamish Falconer wants ‘sense of renewed pace’ in post-Brexit talks while staying within Labour’s red lines ‘I was on my honeymoon!’: Hamish Falconer’s surprise call-up to Burnham’s cabinet The UK will move faster and be more ambitious on achieving closer ties with Europe under Andy Burnham’s government, his new chief post-Brexit negotiator has",politics,2026-08-10
1175bb6597cad363,2026-08-09,guardian_politics,https://www.theguardian.com/politics/2026/aug/09/pilot-pulls-off-nigel-farage-count-binface-stunt-for-clacton-byelection,https://www.theguardian.com/politics/rss,Pilot pulls off Count Binface stunt for Clacton byelection,"Plane spends 30 minutes off the Essex coast marking out shape of a bin in apparent tribute to Nigel Farage’s rival A pilot has traced the shape of a bin with their flight path near Clacton before Count Binface challenges Nigel Farage in a byelection on Thursday. The light aircraft spent around half an hour between 2,100ft and 4,150ft above the sea near the Essex coastal town zigzagging to mark out the shape of a bin, according to data from Flightradar24. <a href=""https://www.t",politics;election,2026-08-10
18356aae00399d6d,2026-08-09,guardian_politics,https://www.theguardian.com/uk-news/2026/aug/09/london-mayor-sadiq-khan-westminster-ban-new-pubs-restaurants-soho-west-end,https://www.theguardian.com/politics/rss,London mayor orders council to drop plan to ban new pubs and bars in Soho and West End,Exclusive: Sadiq Khan urges Westminster council to adopt ‘positive vision of economic growth’ of nightlife Sadiq Khan has ordered Westminster council to scrap a policy that would ban new pubs and bars from opening in Soho and the West End of London. This comes after the Guardian revealed the council’s new licensing policy asks pubs to stop customers fr,politics,2026-08-10
8399e9b5a4961f05,2026-08-09,guardian_politics,https://www.theguardian.com/world/2026/aug/09/x-accounts-posts-belfast-southampton-riots-june-2026-analysis,https://www.theguardian.com/politics/rss,Most X accounts posting about Belfast and Southampton unrest were based outside UK,"Exclusive: Analysis shows 55% of accounts were located overseas – and seven of 12 most-read posts came from US More than half the accounts that posted on Elon Musk’s X about the rioting in Belfast and the civil disorder in Southampton in June were based outside the UK, an analysis by the Guardian can reveal. Of the 8,672 accounts whose combined posts about the events exceeded 1,000 views, just 45.3% were shown as from the UK, according to the social media platform’s own location f",politics,2026-08-10
ff93aff17a877a38,2026-08-09,guardian_politics,https://www.theguardian.com/commentisfree/2026/aug/09/andy-burnham-british-people-ripped-off-cost-of-living,https://www.theguardian.com/politics/rss,"Subscriptions you can’t easily cancel, sales that aren’t sales – I’ll end the rip-offs that British people hate | Andy Burnham","These everyday hassles are small, but they add up – especially in a cost of living crisis. That’s why my government will tackle them head-on Andy Burnham is the UK prime minister Burnham vows crackdown on ‘rip-off’ business practices It’s remarkable how much of modern life can seem designed to wear us down. Eve",politics;pm,2026-08-10
fa161010be6d10a5,2026-08-09,guardian_politics,https://www.theguardian.com/society/2026/aug/09/britain-paying-price-failing-invest-young-people,https://www.theguardian.com/politics/rss,Britain is paying the price for failing to invest in its young people | Richard Partington,"Alan Milburn has outlined a generation cut adrift by austerity. We must grasp the nettle and rebuild a preventive state Most people think Britain is not working as it should. For young people, the situation is at its most acute: only one in four believe that everyone in society has a fair crack . Most think the game is rigged. It is clear why the generation who g",politics,2026-08-10
201af411edbc52f8,2026-08-08,bbc_politics,https://www.bbc.co.uk/news/articles/c0l5j8y388lo?at_medium=RSS&at_campaign=rss,https://feeds.bbci.co.uk/news/politics/rss.xml,Andy Burnham to embark on cost of living tour through the UK,"No 10 says the prime minister's plans will ""give people some room to breathe"", but opposition figures accuse him of ""hypocrisy"".",politics;pm,2026-08-10
1aa83518e9a30849,2026-08-08,bbc_politics,https://www.bbc.co.uk/news/articles/cdx8jxqxyw0o?at_medium=RSS&at_campaign=rss,https://feeds.bbci.co.uk/news/politics/rss.xml,Sturgeon has not spoken to Murrell since he was jailed for embezzling SNP funds,The former first minister also told a podcast she would not visit her estranged husband in prison.,politics,2026-08-10
b7cec44240895298,2026-08-08,bbc_politics,https://www.bbc.co.uk/news/articles/cpvw7xyjz8eo?at_medium=RSS&at_campaign=rss,https://feeds.bbci.co.uk/news/politics/rss.xml,Farage and Tice sue NCA over alleged leaks of financial information,The Reform leaders claim the National Crime Agency supplied details about party donations to the media.,politics,2026-08-10
a03972189b989250,2026-08-08,bbc_politics,https://www.bbc.co.uk/news/articles/c89n8vpjenno?at_medium=RSS&at_campaign=rss,https://feeds.bbci.co.uk/news/politics/rss.xml,What do Clacton voters want from their next MP?,People share the issues on their minds as the constituency prepares to go to the polls.,politics,2026-08-10
50c0053cfc8615e0,2026-08-08,guardian_politics,https://www.theguardian.com/uk-news/ng-interactive/2026/aug/08/how-northern-ireland-race-riots-unfolded-belfast,https://www.theguardian.com/politics/rss,The night Belfast burned: how the Northern Ireland race riots unfolded,"A horrific knife attack on a street in June sparked another summer’s night of racial violence, stoked by loyalist groups. How did the unrest erupt – and why do many fear it will happen again? Shortly after 10.30pm on Monday 8 June, as a summer twilight lingered over Belfast, a horrific scene unfolded on Kinnaird Avenue: a man straddled and repeatedly stabbed a figure lying on the ground in a bloody assault that ended only after onlookers intervened. Others captured the drama on ca",politics,2026-08-10
f7fa5d4e40156db5,2026-08-07,bbc_politics,https://www.bbc.co.uk/news/articles/c8en51le9e1o?at_medium=RSS&at_campaign=rss,https://feeds.bbci.co.uk/news/politics/rss.xml,Streeting 'sickened' by sex abuse claims at Army college,The defence secretary promises to look into what went wrong at the college in North Yorkshire.,politics,2026-08-10
22be9305acada041,2026-08-07,bbc_politics,https://www.bbc.co.uk/news/articles/cdewx3lpd2eo?at_medium=RSS&at_campaign=rss,https://feeds.bbci.co.uk/news/politics/rss.xml,Prisoner release row proving to be Burnham's first big test as PM,The prison overcrowding crisis presents the new PM with a dilemma for which there are only unpalatable choices.,politics,2026-08-10
3382d2903ef14b12,2026-08-07,bbc_politics,https://www.bbc.co.uk/news/articles/cd69x9j46xjo?at_medium=RSS&at_campaign=rss,https://feeds.bbci.co.uk/news/politics/rss.xml,Conservatives pledge to ban foreign nationals from social housing,"They claim around 230,000 homes would become available under their plan to limit social housing entitlements.",politics;housing,2026-08-10
5a866851405f7ec4,2026-08-07,bbc_politics,https://www.bbc.co.uk/news/articles/cwy4rq90g2po?at_medium=RSS&at_campaign=rss,https://feeds.bbci.co.uk/news/politics/rss.xml,Badenoch pens letter to Clacton ahead of by-election,"The Tories are not standing in next week's election, triggered by Nigel Farage's resignation.",politics;election,2026-08-10
52b7393595ebc58c,2026-08-07,bbc_politics,https://www.bbc.co.uk/news/articles/clyvx2dx4g6o?at_medium=RSS&at_campaign=rss,https://feeds.bbci.co.uk/news/politics/rss.xml,Government criticised over plastic spill response,"Volunteers call for Prime Minister Andy Burnham to intervene and declare it a ""national disaster"".",politics;pm,2026-08-10
b55ed06ccac562c2,2026-08-07,bbc_politics,https://www.bbc.co.uk/news/articles/c86nvjxlg9eo?at_medium=RSS&at_campaign=rss,https://feeds.bbci.co.uk/news/politics/rss.xml,Why there's a row about standing up while drinking in central London,Westminster Council is under fire as part of its plans to update a licensing policy. Why?,politics,2026-08-10
df054936d55f3934,2026-08-07,bbc_politics,https://www.bbc.co.uk/news/articles/c9q9erpz953o?at_medium=RSS&at_campaign=rss,https://feeds.bbci.co.uk/news/politics/rss.xml,Officer who led PC Harper investigation 'appalled' killers could be released early,"Former Det Sup Stuart Blaik, who led the investigation into the police officer's death, has publicly shared his views on the case for the first time.",politics,2026-08-10
b0c22530175e68cf,2026-08-07,guardian_politics,https://www.theguardian.com/commentisfree/2026/aug/07/keminaissance-tories-wishful-thinking-badenoch-reform-lite,https://www.theguardian.com/politics/rss,A ‘Keminaissance’ for the Tories is wishful thinking – Badenoch’s Reform-lite summer will only end one way | Jonathan Freedland,"Hiring a convicted antisemite as an adviser; rabble rousing at a time of violent unrest. She is still in a race to the bottom and making too many mistakes The Keminaissance will be delayed. For nearly a year, Conservative optimists and a clutch of supportive pundits have been forecasting an upturn in the fortunes of Kemi Badenoch, confident that her party will emerge from the crater it fell into in 2024, overtake Reform UK to become once again the main party of the right and, who knows,",politics,2026-08-10
dc7bcecf1b5a6f2b,2026-08-07,guardian_politics,https://www.theguardian.com/uk-news/2026/aug/07/nigel-farage-reform-leader-byelection-bin,https://www.theguardian.com/politics/rss,It must be tricky for Nige to remember what’s what. It’s so hideously complicated | John  Crace,"I can’t pass up the moment the Reform leader celebrates his byelection victory against ‘the establishment’ – a man with a dustbin on his head You would have thought that after 35 years of writing for the Guardian I would have mastered some of the basics of holiday protocol by now. Apparently not. While I had remembered to let the newsdesk know I wouldn’t be writing the political sketch for two weeks, it had completely slipped my mind to inform the Saturday editor. So rather than leave h",politics;election,2026-08-10
0a3d2e38b820210d,2026-08-07,guardian_politics,https://www.theguardian.com/commentisfree/2026/aug/07/divided-uk-social-media-politics-national-conversation,https://www.theguardian.com/politics/rss,How divided is the UK really? Here’s a way to find out | Brendan Cox,"Social media-fuelled riots and fractured politics make us feel more divided than ever, but is that so? Our study hopes to reveal what bring us together – and pushes us apart Take part in the National Conversation Brendan Cox is co-founder of the Together Coalition, which acts as the secretariat for the Independent Commission on Community and Cohesion When my late wife Jo Cox was killed by a",politics,2026-08-10
cc3fae37bd3b214c,2026-08-07,guardian_politics,https://www.theguardian.com/commentisfree/2026/aug/07/farage-fading-threat-no-10-kemi-badenoch-conservative-party,https://www.theguardian.com/politics/rss,"As a Tory, I say things are looking up. Farage is fading, and the looming threat to No 10 is called Kemi | Simon Hart","My party has seen difficult times – but with a few canny moves the leader is finally cutting through, and there are clear signs of recovery Something is afoot. The bookies can feel it. “Badenoch overtakes Farage as favourite to be next prime minister,” was the word from betting website William Hill this week. Let me tell you what is happening. This is a challenging",politics;pm,2026-08-10
a84fd2426fdefa66,2026-08-07,guardian_politics,https://www.theguardian.com/politics/2026/aug/07/kemi-badenoch-joshua-bonehill-paine-conservatives-weird-week,https://www.theguardian.com/politics/rss,Kemi Badenoch’s weird week: defence of ex-neo-Nazi raises questions over Tory direction,"Some in party are delighted by leader’s tack rightwards but opponents have savoured latest Conservative controversy There was a moment in the middle of this week when a news alert raised eyebrows among the politically committed. It read: “Kemi Badenoch: Former neo-Nazi candidate would just be sorting out bins.” It was a collection of words that might prompt palpitations in the most sanguine of communications professionals, followed by panicked advice that retreat was necessary. But as a",politics,2026-08-10
9abac9a144bbc24e,2026-08-07,guardian_politics,https://www.theguardian.com/society/2026/aug/07/alan-milburn-dublin-quest-youth-jobs-ireland,https://www.theguardian.com/politics/rss,What can Dublin teach us? Milburn goes on a quest to solve youth jobs crisis,The former UK minister discovers how apprenticeships and support networks helped slash Ireland’s Neet rate English primary schools to be told to identify children at risk of future unemployment Alan Milburn is guiding a metal loop along the serpentine wire of an electrical buzzer game as he explains the challenge of,politics,2026-08-10
3430de977d06bdd5,2026-08-06,bbc_politics,https://www.bbc.co.uk/news/articles/ce3qzd9932do?at_medium=RSS&at_campaign=rss,https://feeds.bbci.co.uk/news/politics/rss.xml,"Illegal working arrests double in two years, Home Office says",The Home Office says there has been a record number of raids and arrests in the first six months of 2026.,politics,2026-08-10
a96df552fd7b20cc,2026-08-06,bbc_politics,https://www.bbc.co.uk/news/articles/cj9dydm7wjxo?at_medium=RSS&at_campaign=rss,https://feeds.bbci.co.uk/news/politics/rss.xml,Sturgeon's criticisms of Swinney reveal tensions in SNP ranks,The former first minister's attack on the SNP's 2026 election campaign has led to rebukes from ex-colleagues.,politics;election,2026-08-10
15c0c157c29f0906,2026-08-06,bbc_politics,https://www.bbc.co.uk/news/articles/c77g38mxxdyo?at_medium=RSS&at_campaign=rss,https://feeds.bbci.co.uk/news/politics/rss.xml,"Sir Keir Starmer made misleading defence spending claim, watchdog says",The Wales Office and MoD also repeated the claim that £270bn more was being spent on defence.,politics,2026-08-10
2796b2bf1c44df28,2026-08-06,bbc_politics,https://www.bbc.co.uk/news/articles/cy07p7p1gr2o?at_medium=RSS&at_campaign=rss,https://feeds.bbci.co.uk/news/politics/rss.xml,SNP write-off value of Murrell motorhome in party accounts,"The luxury vehicle was bought for £124,550 by the party's former chief executive as part of a £400,000 embezzlement.",politics,2026-08-10
c35eddcdecf096ab,2026-08-06,bbc_politics,https://www.bbc.co.uk/news/articles/c3r072j10zlo?at_medium=RSS&at_campaign=rss,https://feeds.bbci.co.uk/news/politics/rss.xml,Referrals to Prevent anti-terror scheme at record high,The Home Office says the 10-year-high in referrals could be due to the 2024 Southport attacks.,politics,2026-08-10
0455fd30d042cb3e,2026-08-06,bbc_politics,https://www.bbc.co.uk/news/articles/cg5lm3evpzzo?at_medium=RSS&at_campaign=rss,https://feeds.bbci.co.uk/news/politics/rss.xml,Burnham orders review of grooming gang early releases,The announcement of the review comes after the Tory leader raised concerns that child sex offenders could leave jail early.,politics,2026-08-10
8cb838b58b2f858c,2026-08-06,bbc_politics,https://www.bbc.co.uk/news/articles/cpd76e737ljo?at_medium=RSS&at_campaign=rss,https://feeds.bbci.co.uk/news/politics/rss.xml,Walk-in mental health centres to open in banks and libraries across England,Government plans network of nearly 200 specialist services to help those facing mental health crises.,politics,2026-08-10
828a6999ab7bcc0a,2026-08-06,bbc_politics,https://www.bbc.co.uk/news/articles/c3r073vgzx0o?at_medium=RSS&at_campaign=rss,https://feeds.bbci.co.uk/news/politics/rss.xml,"All schools in England to get pupil attendance targets, government says","The BBC understands schools will not be penalised for missing targets, but they will be monitored.",politics,2026-08-10
875a551fd30698b3,2026-08-06,bbc_politics,https://www.bbc.co.uk/news/articles/c1e14zn0pxeo?at_medium=RSS&at_campaign=rss,https://feeds.bbci.co.uk/news/politics/rss.xml,Miliband says reopening Strait of Hormuz 'essential' as he meets Rubio,"The move is required ""to ease cost-of-living pressures"", Miliband says, as he meets his US counterpart in Washington.",politics,2026-08-10
73fa70cd073a72be,2026-08-06,bbc_politics,https://www.bbc.co.uk/news/articles/c4g3902y1j2o?at_medium=RSS&at_campaign=rss,https://feeds.bbci.co.uk/news/politics/rss.xml,"New £215,000 council CEO was reality show winner",Businessman Dennis Bacon has a background in adult social care and is expected to start next month.,politics,2026-08-10
e5f69035828a8c54,2026-08-06,bbc_politics,https://www.bbc.co.uk/news/articles/cm2g1r1xw9po?at_medium=RSS&at_campaign=rss,https://feeds.bbci.co.uk/news/politics/rss.xml,Reform Facebook page accuses Plaid minister of using husband's death for political gain,A Reform constituency page criticised the Plaid Cymru minister for discussing her husband's death.,politics,2026-08-10
89b09a16580d3e5b,2026-08-06,bbc_politics,https://www.bbc.co.uk/news/articles/cd69q4yg0ggo?at_medium=RSS&at_campaign=rss,https://feeds.bbci.co.uk/news/politics/rss.xml,The serial candidates standing against Farage in the Clacton by-election,"BBC Verify takes a look at the serial candidates standing in Clacton, how they fared in previous elections, and whether they have ever won enough votes to get their deposits back.",politics;election,2026-08-10
45fe6790871f42d0,2026-08-06,bbc_politics,https://www.bbc.co.uk/news/articles/cj639rx147eo?at_medium=RSS&at_campaign=rss,https://feeds.bbci.co.uk/news/politics/rss.xml,Car washes and vape shops can still sponsor skilled foreign workers despite visa changes,"The rules were tightened in July 2025 to restrict the scheme mostly to graduate-level employees who would be earning at least £41,700.",politics,2026-08-10
7e2c8dd5cfa15cf3,2026-08-06,bbc_politics,https://www.bbc.co.uk/news/videos/crk573j6jdko?at_medium=RSS&at_campaign=rss,https://feeds.bbci.co.uk/news/politics/rss.xml,North East mayors disagree over income tax revenue,North East Mayor Kim McGuinness and Tees Valley Mayor Ben Houchen disagree on income tax revenue use.,politics,2026-08-10
2722b93eae12dadf,2026-08-06,bbc_politics,https://www.bbc.co.uk/news/videos/cglj6xd99gxo?at_medium=RSS&at_campaign=rss,https://feeds.bbci.co.uk/news/politics/rss.xml,What will Devon's four new councils mean for you?,The shake-up will need to consider everything from leisure centres and planning to recycling.,politics;planning,2026-08-10
bb6174acecfbdc3b,2026-08-06,guardian_politics,https://www.theguardian.com/commentisfree/2026/aug/06/the-guardian-view-on-mental-health-the-new-secretary-of-state-should-make-it-a-priority,https://www.theguardian.com/politics/rss,The Guardian view on mental health: the new secretary of state should make it a priority | Editorial,"Parity for people with physical and psychological ailments has been promised for years. New neighbourhood clinics are a step in the right direction The rise in children and young people with mental health problems makes this week’s announcement of a new network of community clinics in England particularly welcome. A&amp;E departments have recorded an increase in <a href=""https://www.nuffieldtrust.org.uk/news-item/the-changin",politics,2026-08-10
d3721f184fea1b70,2026-08-06,guardian_politics,https://www.theguardian.com/business/2026/aug/06/healey-urged-to-be-bold-on-borrowing-in-first-test-of-burnhams-growth-pledge,https://www.theguardian.com/politics/rss,Healey urged to be bold on borrowing in first test of Burnham’s growth pledge,"Some want the chancellor to exploit newly flexible fiscal rules – others want a more creative approach, such as borrowing from markets With just 12 weeks to go until his first budget, new chancellor John Healey is seeking ways to ramp up public investment, without busting the Treasury’s fiscal rules – and some economists are urging him to be bold. As he settles into No 11 Downing Street, the former defence secretary’s most immediate challenges concern day-to-day government spendin",politics;budget,2026-08-10
3b3e5cb787f32bf2,2026-08-05,bbc_politics,https://www.bbc.co.uk/news/articles/cy4kx8n2vwxo?at_medium=RSS&at_campaign=rss,https://feeds.bbci.co.uk/news/politics/rss.xml,Ex neo-Nazi activist withdraws as Tory election candidate,Kemi Badenoch says Joshua Bonehill-Paine will now advise the Conservatives on tackling extremism.,politics;election,2026-08-10
43a98b3ad5846ee7,2026-08-05,bbc_politics,https://www.bbc.co.uk/news/articles/cvg9jnqd3pgo?at_medium=RSS&at_campaign=rss,https://feeds.bbci.co.uk/news/politics/rss.xml,"Burnham failing public over heat threats, says Green leader","Zack Polanski has accused ministers of a ""dereliction of duty"" in response to this summer's heatwaves.",politics,2026-08-10
72df0d88ef778d8e,2026-08-05,bbc_politics,https://www.bbc.co.uk/news/articles/c5yed780epqo?at_medium=RSS&at_campaign=rss,https://feeds.bbci.co.uk/news/politics/rss.xml,"Student loan repayment rates an 'unsustainable burden', chancellor told","More than 120 MPs and peers have asked John Healey to carry out an ""urgent review"" of repayments.",politics,2026-08-10
0c0993949e41d78d,2026-08-05,bbc_politics,https://www.bbc.co.uk/news/articles/ckgdmv7elg8o?at_medium=RSS&at_campaign=rss,https://feeds.bbci.co.uk/news/politics/rss.xml,"Prioritise new jobs over green targets to win public contracts, firms told",The changes are part of government efforts to tackle the youth unemployment crisis.,politics,2026-08-10
606e1d97d257593c,2026-08-04,bbc_politics,https://www.bbc.co.uk/news/articles/czjlp0vrpk9o?at_medium=RSS&at_campaign=rss,https://feeds.bbci.co.uk/news/politics/rss.xml,"Government to function as normal while Burnham on holiday, No 10 says","Downing Street says the PM remains in contact with officials, but Reform UK says he has ""bunked off"".",politics,2026-08-10
14077846e25d2e3a,2026-08-04,bbc_politics,https://www.bbc.co.uk/news/articles/c62vqj7ged4o?at_medium=RSS&at_campaign=rss,https://feeds.bbci.co.uk/news/politics/rss.xml,What could happen to prisoner early release scheme now?,"The PM is changing the scheme for some prisoners after a police officer's widow said the possible early release of his killers was ""deplorable"".",politics,2026-08-10
41a10e257b669b8b,2026-08-03,bbc_politics,https://www.bbc.co.uk/news/articles/clyl3z2xld8o?at_medium=RSS&at_campaign=rss,https://feeds.bbci.co.uk/news/politics/rss.xml,Burnham's 'Manchesterism' got him to No 10 - but will it work for the UK?,Economics editor Faisal Islam examines whether the north-west city can be a template for the entire country.,politics,2026-08-10
1bd69ae9f35f7687,2026-08-02,guardian_politics,https://www.theguardian.com/commentisfree/picture/2026/aug/02/nicola-jennings-on-andy-burnham-and-the-cost-of-living-cartoon,https://www.theguardian.com/politics/rss,Nicola Jennings on Andy Burnham and the cost of living – cartoon,Continue reading...,politics,2026-08-10
2fe0b819431c9923,2026-08-01,bbc_politics,https://www.bbc.co.uk/news/articles/c4g4djygr73o?at_medium=RSS&at_campaign=rss,https://feeds.bbci.co.uk/news/politics/rss.xml,Sir John Curtice: The 'Burnham bounce' is real but it's not massive,The governing party's poll ratings have improved but they're only just ahead of Reform.,politics,2026-08-10
22229903ecb59e49,2026-07-31,bbc_politics,https://www.bbc.co.uk/news/videos/c3ekz5n0dvqo?at_medium=RSS&at_campaign=rss,https://feeds.bbci.co.uk/news/politics/rss.xml,Should Glasgow have its own mayor?,The BBC's David Wallace Lockhart asks if Scotland's largest city should have its own elected mayor.,politics,2026-08-10
b7297b414dad63a5,2026-07-31,guardian_politics,https://www.theguardian.com/commentisfree/picture/2026/jul/31/martin-rowson-andy-burnham-plans-care-reform-cartoon,https://www.theguardian.com/politics/rss,Martin Rowson on Andy Burnham’s plans for care reform – cartoon,Continue reading...,politics,2026-08-10
209249ef92860140,2026-07-30,bbc_politics,https://www.bbc.co.uk/news/articles/cz97ke8dn9wo?at_medium=RSS&at_campaign=rss,https://feeds.bbci.co.uk/news/politics/rss.xml,Greens review social media operation as Polanski row rumbles on,The Green Party is grappling with how to manage its social media following a controversial post by its leader.,politics,2026-08-10
d129bb5b690473c6,2026-07-30,guardian_politics,https://www.theguardian.com/commentisfree/picture/2026/jul/30/ben-jennings-nigel-farage-zack-polanski-t-shirt-tweet-cartoon,https://www.theguardian.com/politics/rss,Ben Jennings on Nigel Farage’s anger at Zack Polanski’s Instagram post – cartoon,"Discover and buy more of Ben’s cartoons here Order your own print of this cartoon from the Guardian Print Shop <a href=""https://www.theguardian.com/commentisfree/picture/2026/jul/30/ben-jennings-nigel-farage-zack-polanski-t-shirt-tweet",politics,2026-08-10
901c81957014b04e,2026-07-29,bbc_politics,https://www.bbc.co.uk/news/articles/cj4k54g0ldjo?at_medium=RSS&at_campaign=rss,https://feeds.bbci.co.uk/news/politics/rss.xml,Andy Burnham wants to fix social care - what are the options?,"With Andy Burnham saying he wants to bring ""substantial change"" to social care in England, BBC Verify looks at what could be done.",politics,2026-08-10
61e8f7ee264f3d0f,2026-07-29,bbc_politics,https://www.bbc.co.uk/news/articles/ce8lzdgzee9o?at_medium=RSS&at_campaign=rss,https://feeds.bbci.co.uk/news/politics/rss.xml,'Every day I'm just winging it': The families hoping for social care reform,"As Andy Burnham outlines his aim to overhaul social care, BBC News speaks to the families caring for loved ones.",politics,2026-08-10
9c9dbdd39770c7fb,2026-07-28,bbc_politics,https://www.bbc.co.uk/news/articles/ckg4we9g58do?at_medium=RSS&at_campaign=rss,https://feeds.bbci.co.uk/news/politics/rss.xml,Who's in Andy Burnham's cabinet?,An in-depth look at which Labour MPs have been appointed to cabinet roles by new Prime Minister Andy Burnham,politics;pm,2026-08-10
ab7200f974cfd8a6,2026-07-28,bbc_politics,https://www.bbc.co.uk/news/videos/c3d34n4j3v2o?at_medium=RSS&at_campaign=rss,https://feeds.bbci.co.uk/news/politics/rss.xml,Zack Polanski reported to police over guillotine post,Zack Polanski reported to police over guillotine post,politics,2026-08-10
6670d51cef6561f3,2026-07-27,bbc_politics,https://www.bbc.co.uk/news/articles/c79gdjlv78wo?at_medium=RSS&at_campaign=rss,https://feeds.bbci.co.uk/news/politics/rss.xml,Laura Kuenssberg: Our exclusive behind-the-scenes access at No 10 as Andy Burnham became PM,Laura Kuenssberg was given unprecedented access to the new prime minister’s first days in power.,politics;pm,2026-08-10
c1f7078a9305093c,2026-07-27,bbc_politics,https://www.bbc.co.uk/news/articles/c79gdjlv78wo?at_medium=RSS&at_campaign=rss,https://feeds.bbci.co.uk/news/politics/rss.xml,Our exclusive behind-the-scenes access at No 10 as Andy Burnham became PM,Laura Kuenssberg was given unprecedented access to the new prime minister’s first days in power.,politics;pm,2026-08-10
67a09a9fbf4ffae5,2026-07-27,bbc_politics,https://www.bbc.co.uk/news/videos/cgewn2590neo?at_medium=RSS&at_campaign=rss,https://feeds.bbci.co.uk/news/politics/rss.xml,"My dog Axel 'wouldn't get on' with Larry the cat, says Burnham","The PM says he doesn't think his poodle-mix would ""get along"" with Larry the cat, who has lived at No 10 for 15 years.",politics,2026-08-10
cdea6c40536d09a0,2026-07-24,bbc_politics,https://www.bbc.co.uk/news/articles/cy078kj0ezyo?at_medium=RSS&at_campaign=rss,https://feeds.bbci.co.uk/news/politics/rss.xml,Andy Burnham's first week pledges - how much do they add up to?,BBC Verify has looked at how much Burnham's new spending commitments cost and how they will be paid for,politics,2026-08-10
8a820390173522c5,2026-07-24,bbc_politics,https://www.bbc.co.uk/news/articles/c9v4ymwddwgo?at_medium=RSS&at_campaign=rss,https://feeds.bbci.co.uk/news/politics/rss.xml,Faisal Islam: The UK's Trump trade deal no longer looks world-beating,"While the US tariffs imposed on the UK are effectively unchanged, other countries now have a better deal.",politics,2026-08-10
274d90c6efc43887,2026-07-24,bbc_politics,https://www.bbc.co.uk/news/articles/cz97ngjpg3lo?at_medium=RSS&at_campaign=rss,https://feeds.bbci.co.uk/news/politics/rss.xml,Chris Mason: What his first week in power tells us about Andy Burnham,"The fledgling Burnham administration has been seeking to find its feet and make a decent first impression at the same time, the BBC's political editor Chris Mason explains.",politics,2026-08-10
ed0708dba758e205,2026-07-23,bbc_politics,https://www.bbc.co.uk/news/articles/cy4k74xj9lyo?at_medium=RSS&at_campaign=rss,https://feeds.bbci.co.uk/news/politics/rss.xml,Andy Burnham's plan to collaborate with social media creators,The new prime minister plans to work with influencers and social media creators to get his message out.,politics;pm,2026-08-10
2e44df16dbf249ac,2026-07-23,bbc_politics,https://www.bbc.co.uk/news/articles/cwyrjnwe8xlo?at_medium=RSS&at_campaign=rss,https://feeds.bbci.co.uk/news/politics/rss.xml,Shapps blocked from standing again for the Conservatives,"Kemi Badenoch tells the BBC she leads a ""new party full of new people"" as ex-MP is rejected as a candidate.",politics,2026-08-10
e04e80982a77c3ba,2026-07-22,bbc_politics,https://www.bbc.co.uk/news/articles/ce970y1n7plo?at_medium=RSS&at_campaign=rss,https://feeds.bbci.co.uk/news/politics/rss.xml,Scottish Labour leader Anas Sarwar set to become a minister in Burnham's government,"It would mean Sarwar leaving the Scottish Parliament and his leader role, then taking up a seat in the House of Lords.",politics,2026-08-10
5fdab74a6267f9ed,2026-07-22,bbc_politics,https://www.bbc.co.uk/news/articles/cx2rv14em3jo?at_medium=RSS&at_campaign=rss,https://feeds.bbci.co.uk/news/politics/rss.xml,Chris Mason: Sarwar ministerial role sees promotion of another Starmer critic,"Months after calling on Keir Starmer to quit, the Scottish Labour leader is set to become a minister in Burnham's government, the BBC's political editor writes.",politics,2026-08-10
22ffb6074590f1f1,2026-07-21,bbc_politics,https://www.bbc.co.uk/news/articles/c4gjz907pppo?at_medium=RSS&at_campaign=rss,https://feeds.bbci.co.uk/news/politics/rss.xml,"Sackings, cabinet surprises and policies: Burnham's first 24 hours as PM",The new prime minister enters Number 10 in a flurry of activity - but he is still facing calls for a snap election.,politics;election;pm,2026-08-10
5f22077b392a36d8,2026-07-21,bbc_politics,https://www.bbc.co.uk/news/articles/cqlz3p0ryylo?at_medium=RSS&at_campaign=rss,https://feeds.bbci.co.uk/news/politics/rss.xml,Angela Rayner: Cabinet comeback for one of Labour's biggest names,The potential contender to replace Keir Starmer is now back in the cabinet under Andy Burnham.,politics,2026-08-10
41fd5d1cf0b403dd,2026-07-21,bbc_politics,https://www.bbc.co.uk/news/articles/cx2vp4x7gkxo?at_medium=RSS&at_campaign=rss,https://feeds.bbci.co.uk/news/politics/rss.xml,Burnham tells cabinet to tackle living costs at first meeting,The new prime minister chaired his first cabinet after announcing a cut to VAT on household electricity.,politics;pm,2026-08-10
414df2be6480fa42,2026-07-20,bbc_politics,https://www.bbc.co.uk/news/articles/c87n0x974vjo?at_medium=RSS&at_campaign=rss,https://feeds.bbci.co.uk/news/politics/rss.xml,Louise Haigh: Labour power broker behind Burnham's rise,The Sheffield MP's return to the cabinet comes after she emerged as one of the PM's key political allies.,politics,2026-08-10
e6428c20005bf53e,2026-07-20,bbc_politics,https://www.bbc.co.uk/news/articles/ce85y9lm81no?at_medium=RSS&at_campaign=rss,https://feeds.bbci.co.uk/news/politics/rss.xml,Who is new chancellor John Healey? Labour veteran who quit as defence secretary,The former defence secretary is seen as a safe pair of hands - and is now in charge of the government's finances.,politics,2026-08-10
233b911d0d9c9fc0,2026-07-20,bbc_politics,https://www.bbc.co.uk/news/articles/c80nln7zgp7o?at_medium=RSS&at_campaign=rss,https://feeds.bbci.co.uk/news/politics/rss.xml,Key takeaways as Andy Burnham becomes PM,The new Labour leader has formally taken office and set out his priorities for power in No 10.,politics,2026-08-10
cc4bb813746d77e5,2026-07-20,bbc_politics,https://www.bbc.co.uk/news/articles/c9357rlk494o?at_medium=RSS&at_campaign=rss,https://feeds.bbci.co.uk/news/politics/rss.xml,Burnham has big ideas - but what will they cost?,Every tricky decision and trade off is being watched by the country and the markets at the same time,politics,2026-08-10
eb5d15bee5c48bc5,2026-07-20,bbc_politics,https://www.bbc.co.uk/news/articles/cp8pml5z8p6o?at_medium=RSS&at_campaign=rss,https://feeds.bbci.co.uk/news/politics/rss.xml,He'll be the first Andy in No 10 - but his rise to power has been decades in the making,The outgoing Greater Manchester mayor is lining up a third attempt to be Labour leader following his return to Westminster.,politics,2026-08-10
068d0e3049da669a,2026-07-20,bbc_politics,https://www.bbc.co.uk/news/articles/c3r0x5nzg0eo?at_medium=RSS&at_campaign=rss,https://feeds.bbci.co.uk/news/politics/rss.xml,Analysis: Burnham's policy choices reveal what kind of PM he wants to be,The new prime minister has begun to set out key policies - starting with a vow to end rough sleeping.,politics;pm,2026-08-10
5c80636fa2fb4625,2026-07-19,bbc_politics,https://www.bbc.co.uk/news/articles/cvgq2qr9gxdo?at_medium=RSS&at_campaign=rss,https://feeds.bbci.co.uk/news/politics/rss.xml,Can Burnham's casual style survive contact with No 10?,"When Burnham becomes PM, he'll find it harder to wear the wardrobe that's central to his political brand.",politics,2026-08-10
6af059a5643d4ef5,2026-07-18,bbc_politics,https://www.bbc.co.uk/news/articles/c3043vl2l7zo?at_medium=RSS&at_campaign=rss,https://feeds.bbci.co.uk/news/politics/rss.xml,Ruthless plotter? Flip-flopper? Dad dancer? Insiders reveal the real Andy Burnham,Who is the real Andy Burnham? Laura Kuenssberg talks to more than 20 people who know him to work it out,politics,2026-08-10
7f18869ce2d5feee,2026-07-17,bbc_politics,https://www.bbc.co.uk/news/articles/c62122pgjqdo?at_medium=RSS&at_campaign=rss,https://feeds.bbci.co.uk/news/politics/rss.xml,Five headaches Andy Burnham will have to deal with as PM,From defence spending to housing - the next UK leader has a series of challenges to deal with.,politics;housing,2026-08-10
fd6d534d5b04bf5f,2026-07-16,bbc_politics,https://www.bbc.co.uk/news/articles/c3wygjz632qo?at_medium=RSS&at_campaign=rss,https://feeds.bbci.co.uk/news/politics/rss.xml,Can Andy Burnham solve the housing crisis?,BBC Verify has looked at the scale of the housing challenge facing Burnham when he becomes PM.,politics;housing,2026-08-10
63b2020cfa4122cb,2026-07-15,bbc_politics,https://www.bbc.co.uk/news/articles/c89nww3z99po?at_medium=RSS&at_campaign=rss,https://feeds.bbci.co.uk/news/politics/rss.xml,Burnham does not rule out wealth tax,"The expected next PM says he may have to ""ask for a little more"" in tax and warns of ""difficult"" choices.",politics,2026-08-10
568b8cdc5a474b49,2026-07-15,bbc_politics,https://www.bbc.co.uk/news/articles/c4gygy43103o?at_medium=RSS&at_campaign=rss,https://feeds.bbci.co.uk/news/politics/rss.xml,Cash-strapped Thames Water poses big test for Burnham,"Despite returning to profit after hiking bills 40%, the deeply troubled company is far from out of the woods.",politics,2026-08-10
f971ffa8d7133978,2026-07-14,bbc_politics,https://www.bbc.co.uk/news/articles/cj6g61y6lpro?at_medium=RSS&at_campaign=rss,https://feeds.bbci.co.uk/news/politics/rss.xml,Row after Tory bid to make Burnham face MPs before autumn fails,"The Tories have accused Labour of ""running scared"" after ministers denied them a chance to delay Parliament's summer break.",politics,2026-08-10
c5a3db9bb9c815c5,2026-07-12,bbc_politics,https://www.bbc.co.uk/news/articles/cn8qzlvlz81o?at_medium=RSS&at_campaign=rss,https://feeds.bbci.co.uk/news/politics/rss.xml,"Burnham set for No 10: BBC correspondents on what Trump, Putin and others will make of him","In the US, China, Europe, Russia and elsewhere, how is the UK's expected new prime minister regarded?",politics;pm,2026-08-10
1a2e9ad0592ac227,2026-07-09,bbc_politics,https://www.bbc.co.uk/news/articles/c24ym9yd8p6o?at_medium=RSS&at_campaign=rss,https://feeds.bbci.co.uk/news/politics/rss.xml,How a rise in ADHD benefits claims is adding to welfare spending challenge,"More than 100,000 people with ADHD as their main condition receive Pip, latest figures show, an increase of 40% since Labour came to power.",politics,2026-08-10
00e8585a778f0e2e,2026-06-06,bbc_politics,https://www.bbc.co.uk/news/articles/c39297vxmw2o?at_medium=RSS&at_campaign=rss,https://feeds.bbci.co.uk/news/politics/rss.xml,The Nowak murder has lit a match under British politics. This is how we got here,The police response to the murder of Henry Nowak has triggered a heated transatlantic debate.,politics,2026-08-10
4b5aec3824011606,20 Sep -01,boe_bank_rate_events,"https://www.bankofengland.co.uk/boeapps/database/_iadb-fromshowcolumns.asp?csv.x=yes&Datefrom=01/Jan/2015&Dateto=now&SeriesCodes=IUDBEDR,IUMBV34,IUMBV37,IUMBV42,IUMBV45,IUM2WTL,IUM5WTL,IUMTLMV&UsingCodes=Y&VPD=Y&VFD=N","https://www.bankofengland.co.uk/boeapps/database/_iadb-fromshowcolumns.asp?csv.x=yes&Datefrom=01/Jan/2015&Dateto=now&SeriesCodes=IUDBEDR,IUMBV34,IUMBV37,IUMBV42,IUMBV45,IUM2WTL,IUM5WTL,IUMTLMV&UsingCodes=Y&VPD=Y&VFD=N",Bank Rate changed to 5.0%,BoE Bank Rate moved from 4.0% to 5.0%,rates;monetary_policy;politics_macro,2026-08-10
bb946b722a1bf902,20 Nov -01,boe_bank_rate_events,"https://www.bankofengland.co.uk/boeapps/database/_iadb-fromshowcolumns.asp?csv.x=yes&Datefrom=01/Jan/2015&Dateto=now&SeriesCodes=IUDBEDR,IUMBV34,IUMBV37,IUMBV42,IUMBV45,IUM2WTL,IUM5WTL,IUMTLMV&UsingCodes=Y&VPD=Y&VFD=N","https://www.bankofengland.co.uk/boeapps/database/_iadb-fromshowcolumns.asp?csv.x=yes&Datefrom=01/Jan/2015&Dateto=now&SeriesCodes=IUDBEDR,IUMBV34,IUMBV37,IUMBV42,IUMBV45,IUM2WTL,IUM5WTL,IUMTLMV&UsingCodes=Y&VPD=Y&VFD=N",Bank Rate changed to 4.0%,BoE Bank Rate moved from 3.75% to 4.0%,rates;monetary_policy;politics_macro,2026-08-10
c705e77d95572619,20 Mar -01,boe_bank_rate_events,"https://www.bankofengland.co.uk/boeapps/database/_iadb-fromshowcolumns.asp?csv.x=yes&Datefrom=01/Jan/2015&Dateto=now&SeriesCodes=IUDBEDR,IUMBV34,IUMBV37,IUMBV42,IUMBV45,IUM2WTL,IUM5WTL,IUMTLMV&UsingCodes=Y&VPD=Y&VFD=N","https://www.bankofengland.co.uk/boeapps/database/_iadb-fromshowcolumns.asp?csv.x=yes&Datefrom=01/Jan/2015&Dateto=now&SeriesCodes=IUDBEDR,IUMBV34,IUMBV37,IUMBV42,IUMBV45,IUM2WTL,IUM5WTL,IUMTLMV&UsingCodes=Y&VPD=Y&VFD=N",Bank Rate changed to 3.75%,BoE Bank Rate moved from 4.25% to 3.75%,rates;monetary_policy;politics_macro,2026-08-10
47b7026a75891ac2,20 Jun -01,boe_bank_rate_events,"https://www.bankofengland.co.uk/boeapps/database/_iadb-fromshowcolumns.asp?csv.x=yes&Datefrom=01/Jan/2015&Dateto=now&SeriesCodes=IUDBEDR,IUMBV34,IUMBV37,IUMBV42,IUMBV45,IUM2WTL,IUM5WTL,IUMTLMV&UsingCodes=Y&VPD=Y&VFD=N","https://www.bankofengland.co.uk/boeapps/database/_iadb-fromshowcolumns.asp?csv.x=yes&Datefrom=01/Jan/2015&Dateto=now&SeriesCodes=IUDBEDR,IUMBV34,IUMBV37,IUMBV42,IUMBV45,IUM2WTL,IUM5WTL,IUMTLMV&UsingCodes=Y&VPD=Y&VFD=N",Bank Rate changed to 4.25%,BoE Bank Rate moved from 3.75% to 4.25%,rates;monetary_policy;politics_macro,2026-08-10
aeef7406c3ae48b6,20 Feb -01,boe_bank_rate_events,"https://www.bankofengland.co.uk/boeapps/database/_iadb-fromshowcolumns.asp?csv.x=yes&Datefrom=01/Jan/2015&Dateto=now&SeriesCodes=IUDBEDR,IUMBV34,IUMBV37,IUMBV42,IUMBV45,IUM2WTL,IUM5WTL,IUMTLMV&UsingCodes=Y&VPD=Y&VFD=N","https://www.bankofengland.co.uk/boeapps/database/_iadb-fromshowcolumns.asp?csv.x=yes&Datefrom=01/Jan/2015&Dateto=now&SeriesCodes=IUDBEDR,IUMBV34,IUMBV37,IUMBV42,IUMBV45,IUM2WTL,IUM5WTL,IUMTLMV&UsingCodes=Y&VPD=Y&VFD=N",Bank Rate changed to 3.75%,BoE Bank Rate moved from 4.75% to 3.75%,rates;monetary_policy;politics_macro,2026-08-10
5e3396932521e90e,20 Dec -01,boe_bank_rate_events,"https://www.bankofengland.co.uk/boeapps/database/_iadb-fromshowcolumns.asp?csv.x=yes&Datefrom=01/Jan/2015&Dateto=now&SeriesCodes=IUDBEDR,IUMBV34,IUMBV37,IUMBV42,IUMBV45,IUM2WTL,IUM5WTL,IUMTLMV&UsingCodes=Y&VPD=Y&VFD=N","https://www.bankofengland.co.uk/boeapps/database/_iadb-fromshowcolumns.asp?csv.x=yes&Datefrom=01/Jan/2015&Dateto=now&SeriesCodes=IUDBEDR,IUMBV34,IUMBV37,IUMBV42,IUMBV45,IUM2WTL,IUM5WTL,IUMTLMV&UsingCodes=Y&VPD=Y&VFD=N",Bank Rate changed to 4.75%,BoE Bank Rate moved from 4.0% to 4.75%,rates;monetary_policy;politics_macro,2026-08-10
9b08438f13ff36a9,20 Aug -01,boe_bank_rate_events,"https://www.bankofengland.co.uk/boeapps/database/_iadb-fromshowcolumns.asp?csv.x=yes&Datefrom=01/Jan/2015&Dateto=now&SeriesCodes=IUDBEDR,IUMBV34,IUMBV37,IUMBV42,IUMBV45,IUM2WTL,IUM5WTL,IUMTLMV&UsingCodes=Y&VPD=Y&VFD=N","https://www.bankofengland.co.uk/boeapps/database/_iadb-fromshowcolumns.asp?csv.x=yes&Datefrom=01/Jan/2015&Dateto=now&SeriesCodes=IUDBEDR,IUMBV34,IUMBV37,IUMBV42,IUMBV45,IUM2WTL,IUM5WTL,IUMTLMV&UsingCodes=Y&VPD=Y&VFD=N",Bank Rate changed to 4.0%,BoE Bank Rate moved from 3.75% to 4.0%,rates;monetary_policy;politics_macro,2026-08-10
3b5e4f5f37d43c61,20 Apr -01,boe_bank_rate_events,"https://www.bankofengland.co.uk/boeapps/database/_iadb-fromshowcolumns.asp?csv.x=yes&Datefrom=01/Jan/2015&Dateto=now&SeriesCodes=IUDBEDR,IUMBV34,IUMBV37,IUMBV42,IUMBV45,IUM2WTL,IUM5WTL,IUMTLMV&UsingCodes=Y&VPD=Y&VFD=N","https://www.bankofengland.co.uk/boeapps/database/_iadb-fromshowcolumns.asp?csv.x=yes&Datefrom=01/Jan/2015&Dateto=now&SeriesCodes=IUDBEDR,IUMBV34,IUMBV37,IUMBV42,IUMBV45,IUM2WTL,IUM5WTL,IUMTLMV&UsingCodes=Y&VPD=Y&VFD=N",Bank Rate changed to 3.75%,BoE Bank Rate moved from 4.0% to 3.75%,rates;monetary_policy;politics_macro,2026-08-10
90ac4f104e58047d,19 Sep -01,boe_bank_rate_events,"https://www.bankofengland.co.uk/boeapps/database/_iadb-fromshowcolumns.asp?csv.x=yes&Datefrom=01/Jan/2015&Dateto=now&SeriesCodes=IUDBEDR,IUMBV34,IUMBV37,IUMBV42,IUMBV45,IUM2WTL,IUM5WTL,IUMTLMV&UsingCodes=Y&VPD=Y&VFD=N","https://www.bankofengland.co.uk/boeapps/database/_iadb-fromshowcolumns.asp?csv.x=yes&Datefrom=01/Jan/2015&Dateto=now&SeriesCodes=IUDBEDR,IUMBV34,IUMBV37,IUMBV42,IUMBV45,IUM2WTL,IUM5WTL,IUMTLMV&UsingCodes=Y&VPD=Y&VFD=N",Bank Rate changed to 4.0%,BoE Bank Rate moved from 5.25% to 4.0%,rates;monetary_policy;politics_macro,2026-08-10
724dde53a04f61e5,19 Oct -01,boe_bank_rate_events,"https://www.bankofengland.co.uk/boeapps/database/_iadb-fromshowcolumns.asp?csv.x=yes&Datefrom=01/Jan/2015&Dateto=now&SeriesCodes=IUDBEDR,IUMBV34,IUMBV37,IUMBV42,IUMBV45,IUM2WTL,IUM5WTL,IUMTLMV&UsingCodes=Y&VPD=Y&VFD=N","https://www.bankofengland.co.uk/boeapps/database/_iadb-fromshowcolumns.asp?csv.x=yes&Datefrom=01/Jan/2015&Dateto=now&SeriesCodes=IUDBEDR,IUMBV34,IUMBV37,IUMBV42,IUMBV45,IUM2WTL,IUM5WTL,IUMTLMV&UsingCodes=Y&VPD=Y&VFD=N",Bank Rate changed to 5.25%,BoE Bank Rate moved from 4.0% to 5.25%,rates;monetary_policy;politics_macro,2026-08-10
6f14ccf95a3bdbfa,19 Nov -01,boe_bank_rate_events,"https://www.bankofengland.co.uk/boeapps/database/_iadb-fromshowcolumns.asp?csv.x=yes&Datefrom=01/Jan/2015&Dateto=now&SeriesCodes=IUDBEDR,IUMBV34,IUMBV37,IUMBV42,IUMBV45,IUM2WTL,IUM5WTL,IUMTLMV&UsingCodes=Y&VPD=Y&VFD=N","https://www.bankofengland.co.uk/boeapps/database/_iadb-fromshowcolumns.asp?csv.x=yes&Datefrom=01/Jan/2015&Dateto=now&SeriesCodes=IUDBEDR,IUMBV34,IUMBV37,IUMBV42,IUMBV45,IUM2WTL,IUM5WTL,IUMTLMV&UsingCodes=Y&VPD=Y&VFD=N",Bank Rate changed to 4.0%,BoE Bank Rate moved from 3.75% to 4.0%,rates;monetary_policy;politics_macro,2026-08-10
a27ac4c77cf8c8ed,19 Jun -01,boe_bank_rate_events,"https://www.bankofengland.co.uk/boeapps/database/_iadb-fromshowcolumns.asp?csv.x=yes&Datefrom=01/Jan/2015&Dateto=now&SeriesCodes=IUDBEDR,IUMBV34,IUMBV37,IUMBV42,IUMBV45,IUM2WTL,IUM5WTL,IUMTLMV&UsingCodes=Y&VPD=Y&VFD=N","https://www.bankofengland.co.uk/boeapps/database/_iadb-fromshowcolumns.asp?csv.x=yes&Datefrom=01/Jan/2015&Dateto=now&SeriesCodes=IUDBEDR,IUMBV34,IUMBV37,IUMBV42,IUMBV45,IUM2WTL,IUM5WTL,IUMTLMV&UsingCodes=Y&VPD=Y&VFD=N",Bank Rate changed to 3.75%,BoE Bank Rate moved from 5.25% to 3.75%,rates;monetary_policy;politics_macro,2026-08-10
a549036deba214e0,19 Jul -01,boe_bank_rate_events,"https://www.bankofengland.co.uk/boeapps/database/_iadb-fromshowcolumns.asp?csv.x=yes&Datefrom=01/Jan/2015&Dateto=now&SeriesCodes=IUDBEDR,IUMBV34,IUMBV37,IUMBV42,IUMBV45,IUM2WTL,IUM5WTL,IUMTLMV&UsingCodes=Y&VPD=Y&VFD=N","https://www.bankofengland.co.uk/boeapps/database/_iadb-fromshowcolumns.asp?csv.x=yes&Datefrom=01/Jan/2015&Dateto=now&SeriesCodes=IUDBEDR,IUMBV34,IUMBV37,IUMBV42,IUMBV45,IUM2WTL,IUM5WTL,IUMTLMV&UsingCodes=Y&VPD=Y&VFD=N",Bank Rate changed to 5.25%,BoE Bank Rate moved from 3.75% to 5.25%,rates;monetary_policy;politics_macro,2026-08-10
50db3f4f42c613d7,19 Dec -01,boe_bank_rate_events,"https://www.bankofengland.co.uk/boeapps/database/_iadb-fromshowcolumns.asp?csv.x=yes&Datefrom=01/Jan/2015&Dateto=now&SeriesCodes=IUDBEDR,IUMBV34,IUMBV37,IUMBV42,IUMBV45,IUM2WTL,IUM5WTL,IUMTLMV&UsingCodes=Y&VPD=Y&VFD=N","https://www.bankofengland.co.uk/boeapps/database/_iadb-fromshowcolumns.asp?csv.x=yes&Datefrom=01/Jan/2015&Dateto=now&SeriesCodes=IUDBEDR,IUMBV34,IUMBV37,IUMBV42,IUMBV45,IUM2WTL,IUM5WTL,IUMTLMV&UsingCodes=Y&VPD=Y&VFD=N",Bank Rate changed to 3.75%,BoE Bank Rate moved from 4.0% to 3.75%,rates;monetary_policy;politics_macro,2026-08-10
b8cddefa9a7b4b86,19 Aug -01,boe_bank_rate_events,"https://www.bankofengland.co.uk/boeapps/database/_iadb-fromshowcolumns.asp?csv.x=yes&Datefrom=01/Jan/2015&Dateto=now&SeriesCodes=IUDBEDR,IUMBV34,IUMBV37,IUMBV42,IUMBV45,IUM2WTL,IUM5WTL,IUMTLMV&UsingCodes=Y&VPD=Y&VFD=N","https://www.bankofengland.co.uk/boeapps/database/_iadb-fromshowcolumns.asp?csv.x=yes&Datefrom=01/Jan/2015&Dateto=now&SeriesCodes=IUDBEDR,IUMBV34,IUMBV37,IUMBV42,IUMBV45,IUM2WTL,IUM5WTL,IUMTLMV&UsingCodes=Y&VPD=Y&VFD=N",Bank Rate changed to 4.0%,BoE Bank Rate moved from 5.25% to 4.0%,rates;monetary_policy;politics_macro,2026-08-10
217e5e63b337bc54,19 Apr -01,boe_bank_rate_events,"https://www.bankofengland.co.uk/boeapps/database/_iadb-fromshowcolumns.asp?csv.x=yes&Datefrom=01/Jan/2015&Dateto=now&SeriesCodes=IUDBEDR,IUMBV34,IUMBV37,IUMBV42,IUMBV45,IUM2WTL,IUM5WTL,IUMTLMV&UsingCodes=Y&VPD=Y&VFD=N","https://www.bankofengland.co.uk/boeapps/database/_iadb-fromshowcolumns.asp?csv.x=yes&Datefrom=01/Jan/2015&Dateto=now&SeriesCodes=IUDBEDR,IUMBV34,IUMBV37,IUMBV42,IUMBV45,IUM2WTL,IUM5WTL,IUMTLMV&UsingCodes=Y&VPD=Y&VFD=N",Bank Rate changed to 5.25%,BoE Bank Rate moved from 4.0% to 5.25%,rates;monetary_policy;politics_macro,2026-08-10
eb7985af8837f09d,18 Sep -01,boe_bank_rate_events,"https://www.bankofengland.co.uk/boeapps/database/_iadb-fromshowcolumns.asp?csv.x=yes&Datefrom=01/Jan/2015&Dateto=now&SeriesCodes=IUDBEDR,IUMBV34,IUMBV37,IUMBV42,IUMBV45,IUM2WTL,IUM5WTL,IUMTLMV&UsingCodes=Y&VPD=Y&VFD=N","https://www.bankofengland.co.uk/boeapps/database/_iadb-fromshowcolumns.asp?csv.x=yes&Datefrom=01/Jan/2015&Dateto=now&SeriesCodes=IUDBEDR,IUMBV34,IUMBV37,IUMBV42,IUMBV45,IUM2WTL,IUM5WTL,IUMTLMV&UsingCodes=Y&VPD=Y&VFD=N",Bank Rate changed to 4.0%,BoE Bank Rate moved from 5.0% to 4.0%,rates;monetary_policy;politics_macro,2026-08-10
5beee43b764729ab,18 Oct -01,boe_bank_rate_events,"https://www.bankofengland.co.uk/boeapps/database/_iadb-fromshowcolumns.asp?csv.x=yes&Datefrom=01/Jan/2015&Dateto=now&SeriesCodes=IUDBEDR,IUMBV34,IUMBV37,IUMBV42,IUMBV45,IUM2WTL,IUM5WTL,IUMTLMV&UsingCodes=Y&VPD=Y&VFD=N","https://www.bankofengland.co.uk/boeapps/database/_iadb-fromshowcolumns.asp?csv.x=yes&Datefrom=01/Jan/2015&Dateto=now&SeriesCodes=IUDBEDR,IUMBV34,IUMBV37,IUMBV42,IUMBV45,IUM2WTL,IUM5WTL,IUMTLMV&UsingCodes=Y&VPD=Y&VFD=N",Bank Rate changed to 5.0%,BoE Bank Rate moved from 4.0% to 5.0%,rates;monetary_policy;politics_macro,2026-08-10
d899ae143eb0fb4a,18 Nov -01,boe_bank_rate_events,"https://www.bankofengland.co.uk/boeapps/database/_iadb-fromshowcolumns.asp?csv.x=yes&Datefrom=01/Jan/2015&Dateto=now&SeriesCodes=IUDBEDR,IUMBV34,IUMBV37,IUMBV42,IUMBV45,IUM2WTL,IUM5WTL,IUMTLMV&UsingCodes=Y&VPD=Y&VFD=N","https://www.bankofengland.co.uk/boeapps/database/_iadb-fromshowcolumns.asp?csv.x=yes&Datefrom=01/Jan/2015&Dateto=now&SeriesCodes=IUDBEDR,IUMBV34,IUMBV37,IUMBV42,IUMBV45,IUM2WTL,IUM5WTL,IUMTLMV&UsingCodes=Y&VPD=Y&VFD=N",Bank Rate changed to 4.0%,BoE Bank Rate moved from 3.75% to 4.0%,rates;monetary_policy;politics_macro,2026-08-10
c27034361dab6d7b,18 Jun -01,boe_bank_rate_events,"https://www.bankofengland.co.uk/boeapps/database/_iadb-fromshowcolumns.asp?csv.x=yes&Datefrom=01/Jan/2015&Dateto=now&SeriesCodes=IUDBEDR,IUMBV34,IUMBV37,IUMBV42,IUMBV45,IUM2WTL,IUM5WTL,IUMTLMV&UsingCodes=Y&VPD=Y&VFD=N","https://www.bankofengland.co.uk/boeapps/database/_iadb-fromshowcolumns.asp?csv.x=yes&Datefrom=01/Jan/2015&Dateto=now&SeriesCodes=IUDBEDR,IUMBV34,IUMBV37,IUMBV42,IUMBV45,IUM2WTL,IUM5WTL,IUMTLMV&UsingCodes=Y&VPD=Y&VFD=N",Bank Rate changed to 3.75%,BoE Bank Rate moved from 4.25% to 3.75%,rates;monetary_policy;politics_macro,2026-08-10
40fafbba23b40ddf,18 Jul -01,boe_bank_rate_events,"https://www.bankofengland.co.uk/boeapps/database/_iadb-fromshowcolumns.asp?csv.x=yes&Datefrom=01/Jan/2015&Dateto=now&SeriesCodes=IUDBEDR,IUMBV34,IUMBV37,IUMBV42,IUMBV45,IUM2WTL,IUM5WTL,IUMTLMV&UsingCodes=Y&VPD=Y&VFD=N","https://www.bankofengland.co.uk/boeapps/database/_iadb-fromshowcolumns.asp?csv.x=yes&Datefrom=01/Jan/2015&Dateto=now&SeriesCodes=IUDBEDR,IUMBV34,IUMBV37,IUMBV42,IUMBV45,IUM2WTL,IUM5WTL,IUMTLMV&UsingCodes=Y&VPD=Y&VFD=N",Bank Rate changed to 4.25%,BoE Bank Rate moved from 5.25% to 4.25%,rates;monetary_policy;politics_macro,2026-08-10
e88c39f68f3c6112,18 Jan -01,boe_bank_rate_events,"https://www.bankofengland.co.uk/boeapps/database/_iadb-fromshowcolumns.asp?csv.x=yes&Datefrom=01/Jan/2015&Dateto=now&SeriesCodes=IUDBEDR,IUMBV34,IUMBV37,IUMBV42,IUMBV45,IUM2WTL,IUM5WTL,IUMTLMV&UsingCodes=Y&VPD=Y&VFD=N","https://www.bankofengland.co.uk/boeapps/database/_iadb-fromshowcolumns.asp?csv.x=yes&Datefrom=01/Jan/2015&Dateto=now&SeriesCodes=IUDBEDR,IUMBV34,IUMBV37,IUMBV42,IUMBV45,IUM2WTL,IUM5WTL,IUMTLMV&UsingCodes=Y&VPD=Y&VFD=N",Bank Rate changed to 5.25%,BoE Bank Rate moved from 3.75% to 5.25%,rates;monetary_policy;politics_macro,2026-08-10
22fcebffddd9b202,18 Dec -01,boe_bank_rate_events,"https://www.bankofengland.co.uk/boeapps/database/_iadb-fromshowcolumns.asp?csv.x=yes&Datefrom=01/Jan/2015&Dateto=now&SeriesCodes=IUDBEDR,IUMBV34,IUMBV37,IUMBV42,IUMBV45,IUM2WTL,IUM5WTL,IUMTLMV&UsingCodes=Y&VPD=Y&VFD=N","https://www.bankofengland.co.uk/boeapps/database/_iadb-fromshowcolumns.asp?csv.x=yes&Datefrom=01/Jan/2015&Dateto=now&SeriesCodes=IUDBEDR,IUMBV34,IUMBV37,IUMBV42,IUMBV45,IUM2WTL,IUM5WTL,IUMTLMV&UsingCodes=Y&VPD=Y&VFD=N",Bank Rate changed to 3.75%,BoE Bank Rate moved from 4.0% to 3.75%,rates;monetary_policy;politics_macro,2026-08-10
9c0c9c280aac9cd0,18 Aug -01,boe_bank_rate_events,"https://www.bankofengland.co.uk/boeapps/database/_iadb-fromshowcolumns.asp?csv.x=yes&Datefrom=01/Jan/2015&Dateto=now&SeriesCodes=IUDBEDR,IUMBV34,IUMBV37,IUMBV42,IUMBV45,IUM2WTL,IUM5WTL,IUMTLMV&UsingCodes=Y&VPD=Y&VFD=N","https://www.bankofengland.co.uk/boeapps/database/_iadb-fromshowcolumns.asp?csv.x=yes&Datefrom=01/Jan/2015&Dateto=now&SeriesCodes=IUDBEDR,IUMBV34,IUMBV37,IUMBV42,IUMBV45,IUM2WTL,IUM5WTL,IUMTLMV&UsingCodes=Y&VPD=Y&VFD=N",Bank Rate changed to 4.0%,BoE Bank Rate moved from 5.25% to 4.0%,rates;monetary_policy;politics_macro,2026-08-10
e099a01159711291,18 Apr -01,boe_bank_rate_events,"https://www.bankofengland.co.uk/boeapps/database/_iadb-fromshowcolumns.asp?csv.x=yes&Datefrom=01/Jan/2015&Dateto=now&SeriesCodes=IUDBEDR,IUMBV34,IUMBV37,IUMBV42,IUMBV45,IUM2WTL,IUM5WTL,IUMTLMV&UsingCodes=Y&VPD=Y&VFD=N","https://www.bankofengland.co.uk/boeapps/database/_iadb-fromshowcolumns.asp?csv.x=yes&Datefrom=01/Jan/2015&Dateto=now&SeriesCodes=IUDBEDR,IUMBV34,IUMBV37,IUMBV42,IUMBV45,IUM2WTL,IUM5WTL,IUMTLMV&UsingCodes=Y&VPD=Y&VFD=N",Bank Rate changed to 5.25%,BoE Bank Rate moved from 4.0% to 5.25%,rates;monetary_policy;politics_macro,2026-08-10
4f03a3a8e819fa3f,17 Nov -01,boe_bank_rate_events,"https://www.bankofengland.co.uk/boeapps/database/_iadb-fromshowcolumns.asp?csv.x=yes&Datefrom=01/Jan/2015&Dateto=now&SeriesCodes=IUDBEDR,IUMBV34,IUMBV37,IUMBV42,IUMBV45,IUM2WTL,IUM5WTL,IUMTLMV&UsingCodes=Y&VPD=Y&VFD=N","https://www.bankofengland.co.uk/boeapps/database/_iadb-fromshowcolumns.asp?csv.x=yes&Datefrom=01/Jan/2015&Dateto=now&SeriesCodes=IUDBEDR,IUMBV34,IUMBV37,IUMBV42,IUMBV45,IUM2WTL,IUM5WTL,IUMTLMV&UsingCodes=Y&VPD=Y&VFD=N",Bank Rate changed to 4.0%,BoE Bank Rate moved from 5.25% to 4.0%,rates;monetary_policy;politics_macro,2026-08-10
a61d8d59ef1535f1,17 May -01,boe_bank_rate_events,"https://www.bankofengland.co.uk/boeapps/database/_iadb-fromshowcolumns.asp?csv.x=yes&Datefrom=01/Jan/2015&Dateto=now&SeriesCodes=IUDBEDR,IUMBV34,IUMBV37,IUMBV42,IUMBV45,IUM2WTL,IUM5WTL,IUMTLMV&UsingCodes=Y&VPD=Y&VFD=N","https://www.bankofengland.co.uk/boeapps/database/_iadb-fromshowcolumns.asp?csv.x=yes&Datefrom=01/Jan/2015&Dateto=now&SeriesCodes=IUDBEDR,IUMBV34,IUMBV37,IUMBV42,IUMBV45,IUM2WTL,IUM5WTL,IUMTLMV&UsingCodes=Y&VPD=Y&VFD=N",Bank Rate changed to 5.25%,BoE Bank Rate moved from 3.75% to 5.25%,rates;monetary_policy;politics_macro,2026-08-10
144a689ac9592a12,17 Jul -01,boe_bank_rate_events,"https://www.bankofengland.co.uk/boeapps/database/_iadb-fromshowcolumns.asp?csv.x=yes&Datefrom=01/Jan/2015&Dateto=now&SeriesCodes=IUDBEDR,IUMBV34,IUMBV37,IUMBV42,IUMBV45,IUM2WTL,IUM5WTL,IUMTLMV&UsingCodes=Y&VPD=Y&VFD=N","https://www.bankofengland.co.uk/boeapps/database/_iadb-fromshowcolumns.asp?csv.x=yes&Datefrom=01/Jan/2015&Dateto=now&SeriesCodes=IUDBEDR,IUMBV34,IUMBV37,IUMBV42,IUMBV45,IUM2WTL,IUM5WTL,IUMTLMV&UsingCodes=Y&VPD=Y&VFD=N",Bank Rate changed to 3.75%,BoE Bank Rate moved from 4.75% to 3.75%,rates;monetary_policy;politics_macro,2026-08-10
d771a0ed12e52f39,17 Jan -01,boe_bank_rate_events,"https://www.bankofengland.co.uk/boeapps/database/_iadb-fromshowcolumns.asp?csv.x=yes&Datefrom=01/Jan/2015&Dateto=now&SeriesCodes=IUDBEDR,IUMBV34,IUMBV37,IUMBV42,IUMBV45,IUM2WTL,IUM5WTL,IUMTLMV&UsingCodes=Y&VPD=Y&VFD=N","https://www.bankofengland.co.uk/boeapps/database/_iadb-fromshowcolumns.asp?csv.x=yes&Datefrom=01/Jan/2015&Dateto=now&SeriesCodes=IUDBEDR,IUMBV34,IUMBV37,IUMBV42,IUMBV45,IUM2WTL,IUM5WTL,IUMTLMV&UsingCodes=Y&VPD=Y&VFD=N",Bank Rate changed to 4.75%,BoE Bank Rate moved from 3.75% to 4.75%,rates;monetary_policy;politics_macro,2026-08-10
1b33a92eedca92d2,17 Feb -01,boe_bank_rate_events,"https://www.bankofengland.co.uk/boeapps/database/_iadb-fromshowcolumns.asp?csv.x=yes&Datefrom=01/Jan/2015&Dateto=now&SeriesCodes=IUDBEDR,IUMBV34,IUMBV37,IUMBV42,IUMBV45,IUM2WTL,IUM5WTL,IUMTLMV&UsingCodes=Y&VPD=Y&VFD=N","https://www.bankofengland.co.uk/boeapps/database/_iadb-fromshowcolumns.asp?csv.x=yes&Datefrom=01/Jan/2015&Dateto=now&SeriesCodes=IUDBEDR,IUMBV34,IUMBV37,IUMBV42,IUMBV45,IUM2WTL,IUM5WTL,IUMTLMV&UsingCodes=Y&VPD=Y&VFD=N",Bank Rate changed to 3.75%,BoE Bank Rate moved from 4.0% to 3.75%,rates;monetary_policy;politics_macro,2026-08-10
a1fee28c8e8784cd,17 Dec -01,boe_bank_rate_events,"https://www.bankofengland.co.uk/boeapps/database/_iadb-fromshowcolumns.asp?csv.x=yes&Datefrom=01/Jan/2015&Dateto=now&SeriesCodes=IUDBEDR,IUMBV34,IUMBV37,IUMBV42,IUMBV45,IUM2WTL,IUM5WTL,IUMTLMV&UsingCodes=Y&VPD=Y&VFD=N","https://www.bankofengland.co.uk/boeapps/database/_iadb-fromshowcolumns.asp?csv.x=yes&Datefrom=01/Jan/2015&Dateto=now&SeriesCodes=IUDBEDR,IUMBV34,IUMBV37,IUMBV42,IUMBV45,IUM2WTL,IUM5WTL,IUMTLMV&UsingCodes=Y&VPD=Y&VFD=N",Bank Rate changed to 4.0%,BoE Bank Rate moved from 5.25% to 4.0%,rates;monetary_policy;politics_macro,2026-08-10
2143499fecd7202d,17 Aug -01,boe_bank_rate_events,"https://www.bankofengland.co.uk/boeapps/database/_iadb-fromshowcolumns.asp?csv.x=yes&Datefrom=01/Jan/2015&Dateto=now&SeriesCodes=IUDBEDR,IUMBV34,IUMBV37,IUMBV42,IUMBV45,IUM2WTL,IUM5WTL,IUMTLMV&UsingCodes=Y&VPD=Y&VFD=N","https://www.bankofengland.co.uk/boeapps/database/_iadb-fromshowcolumns.asp?csv.x=yes&Datefrom=01/Jan/2015&Dateto=now&SeriesCodes=IUDBEDR,IUMBV34,IUMBV37,IUMBV42,IUMBV45,IUM2WTL,IUM5WTL,IUMTLMV&UsingCodes=Y&VPD=Y&VFD=N",Bank Rate changed to 5.25%,BoE Bank Rate moved from 3.75% to 5.25%,rates;monetary_policy;politics_macro,2026-08-10
436ea9012070e848,17 Apr -01,boe_bank_rate_events,"https://www.bankofengland.co.uk/boeapps/database/_iadb-fromshowcolumns.asp?csv.x=yes&Datefrom=01/Jan/2015&Dateto=now&SeriesCodes=IUDBEDR,IUMBV34,IUMBV37,IUMBV42,IUMBV45,IUM2WTL,IUM5WTL,IUMTLMV&UsingCodes=Y&VPD=Y&VFD=N","https://www.bankofengland.co.uk/boeapps/database/_iadb-fromshowcolumns.asp?csv.x=yes&Datefrom=01/Jan/2015&Dateto=now&SeriesCodes=IUDBEDR,IUMBV34,IUMBV37,IUMBV42,IUMBV45,IUM2WTL,IUM5WTL,IUMTLMV&UsingCodes=Y&VPD=Y&VFD=N",Bank Rate changed to 3.75%,BoE Bank Rate moved from 4.0% to 3.75%,rates;monetary_policy;politics_macro,2026-08-10
048eaa1d47944e60,16 Oct -01,boe_bank_rate_events,"https://www.bankofengland.co.uk/boeapps/database/_iadb-fromshowcolumns.asp?csv.x=yes&Datefrom=01/Jan/2015&Dateto=now&SeriesCodes=IUDBEDR,IUMBV34,IUMBV37,IUMBV42,IUMBV45,IUM2WTL,IUM5WTL,IUMTLMV&UsingCodes=Y&VPD=Y&VFD=N","https://www.bankofengland.co.uk/boeapps/database/_iadb-fromshowcolumns.asp?csv.x=yes&Datefrom=01/Jan/2015&Dateto=now&SeriesCodes=IUDBEDR,IUMBV34,IUMBV37,IUMBV42,IUMBV45,IUM2WTL,IUM5WTL,IUMTLMV&UsingCodes=Y&VPD=Y&VFD=N",Bank Rate changed to 4.0%,BoE Bank Rate moved from 5.25% to 4.0%,rates;monetary_policy;politics_macro,2026-08-10
2fd3f027d5d8a860,16 Nov -01,boe_bank_rate_events,"https://www.bankofengland.co.uk/boeapps/database/_iadb-fromshowcolumns.asp?csv.x=yes&Datefrom=01/Jan/2015&Dateto=now&SeriesCodes=IUDBEDR,IUMBV34,IUMBV37,IUMBV42,IUMBV45,IUM2WTL,IUM5WTL,IUMTLMV&UsingCodes=Y&VPD=Y&VFD=N","https://www.bankofengland.co.uk/boeapps/database/_iadb-fromshowcolumns.asp?csv.x=yes&Datefrom=01/Jan/2015&Dateto=now&SeriesCodes=IUDBEDR,IUMBV34,IUMBV37,IUMBV42,IUMBV45,IUM2WTL,IUM5WTL,IUMTLMV&UsingCodes=Y&VPD=Y&VFD=N",Bank Rate changed to 5.25%,BoE Bank Rate moved from 4.25% to 5.25%,rates;monetary_policy;politics_macro,2026-08-10
b8212a1424101377,16 May -01,boe_bank_rate_events,"https://www.bankofengland.co.uk/boeapps/database/_iadb-fromshowcolumns.asp?csv.x=yes&Datefrom=01/Jan/2015&Dateto=now&SeriesCodes=IUDBEDR,IUMBV34,IUMBV37,IUMBV42,IUMBV45,IUM2WTL,IUM5WTL,IUMTLMV&UsingCodes=Y&VPD=Y&VFD=N","https://www.bankofengland.co.uk/boeapps/database/_iadb-fromshowcolumns.asp?csv.x=yes&Datefrom=01/Jan/2015&Dateto=now&SeriesCodes=IUDBEDR,IUMBV34,IUMBV37,IUMBV42,IUMBV45,IUM2WTL,IUM5WTL,IUMTLMV&UsingCodes=Y&VPD=Y&VFD=N",Bank Rate changed to 4.25%,BoE Bank Rate moved from 3.75% to 4.25%,rates;monetary_policy;politics_macro,2026-08-10
faf6bfdd496c39d0,16 Feb -01,boe_bank_rate_events,"https://www.bankofengland.co.uk/boeapps/database/_iadb-fromshowcolumns.asp?csv.x=yes&Datefrom=01/Jan/2015&Dateto=now&SeriesCodes=IUDBEDR,IUMBV34,IUMBV37,IUMBV42,IUMBV45,IUM2WTL,IUM5WTL,IUMTLMV&UsingCodes=Y&VPD=Y&VFD=N","https://www.bankofengland.co.uk/boeapps/database/_iadb-fromshowcolumns.asp?csv.x=yes&Datefrom=01/Jan/2015&Dateto=now&SeriesCodes=IUDBEDR,IUMBV34,IUMBV37,IUMBV42,IUMBV45,IUM2WTL,IUM5WTL,IUMTLMV&UsingCodes=Y&VPD=Y&VFD=N",Bank Rate changed to 3.75%,BoE Bank Rate moved from 4.0% to 3.75%,rates;monetary_policy;politics_macro,2026-08-10
140b93cc28b4ef90,16 Dec -01,boe_bank_rate_events,"https://www.bankofengland.co.uk/boeapps/database/_iadb-fromshowcolumns.asp?csv.x=yes&Datefrom=01/Jan/2015&Dateto=now&SeriesCodes=IUDBEDR,IUMBV34,IUMBV37,IUMBV42,IUMBV45,IUM2WTL,IUM5WTL,IUMTLMV&UsingCodes=Y&VPD=Y&VFD=N","https://www.bankofengland.co.uk/boeapps/database/_iadb-fromshowcolumns.asp?csv.x=yes&Datefrom=01/Jan/2015&Dateto=now&SeriesCodes=IUDBEDR,IUMBV34,IUMBV37,IUMBV42,IUMBV45,IUM2WTL,IUM5WTL,IUMTLMV&UsingCodes=Y&VPD=Y&VFD=N",Bank Rate changed to 4.0%,BoE Bank Rate moved from 5.0% to 4.0%,rates;monetary_policy;politics_macro,2026-08-10
2980b3bd405d3f47,16 Aug -01,boe_bank_rate_events,"https://www.bankofengland.co.uk/boeapps/database/_iadb-fromshowcolumns.asp?csv.x=yes&Datefrom=01/Jan/2015&Dateto=now&SeriesCodes=IUDBEDR,IUMBV34,IUMBV37,IUMBV42,IUMBV45,IUM2WTL,IUM5WTL,IUMTLMV&UsingCodes=Y&VPD=Y&VFD=N","https://www.bankofengland.co.uk/boeapps/database/_iadb-fromshowcolumns.asp?csv.x=yes&Datefrom=01/Jan/2015&Dateto=now&SeriesCodes=IUDBEDR,IUMBV34,IUMBV37,IUMBV42,IUMBV45,IUM2WTL,IUM5WTL,IUMTLMV&UsingCodes=Y&VPD=Y&VFD=N",Bank Rate changed to 5.0%,BoE Bank Rate moved from 3.75% to 5.0%,rates;monetary_policy;politics_macro,2026-08-10
72d61fd0ddf9dd14,16 Apr -01,boe_bank_rate_events,"https://www.bankofengland.co.uk/boeapps/database/_iadb-fromshowcolumns.asp?csv.x=yes&Datefrom=01/Jan/2015&Dateto=now&SeriesCodes=IUDBEDR,IUMBV34,IUMBV37,IUMBV42,IUMBV45,IUM2WTL,IUM5WTL,IUMTLMV&UsingCodes=Y&VPD=Y&VFD=N","https://www.bankofengland.co.uk/boeapps/database/_iadb-fromshowcolumns.asp?csv.x=yes&Datefrom=01/Jan/2015&Dateto=now&SeriesCodes=IUDBEDR,IUMBV34,IUMBV37,IUMBV42,IUMBV45,IUM2WTL,IUM5WTL,IUMTLMV&UsingCodes=Y&VPD=Y&VFD=N",Bank Rate changed to 3.75%,BoE Bank Rate moved from 4.0% to 3.75%,rates;monetary_policy;politics_macro,2026-08-10
e3e5a808f8f8edb6,15 Oct -01,boe_bank_rate_events,"https://www.bankofengland.co.uk/boeapps/database/_iadb-fromshowcolumns.asp?csv.x=yes&Datefrom=01/Jan/2015&Dateto=now&SeriesCodes=IUDBEDR,IUMBV34,IUMBV37,IUMBV42,IUMBV45,IUM2WTL,IUM5WTL,IUMTLMV&UsingCodes=Y&VPD=Y&VFD=N","https://www.bankofengland.co.uk/boeapps/database/_iadb-fromshowcolumns.asp?csv.x=yes&Datefrom=01/Jan/2015&Dateto=now&SeriesCodes=IUDBEDR,IUMBV34,IUMBV37,IUMBV42,IUMBV45,IUM2WTL,IUM5WTL,IUMTLMV&UsingCodes=Y&VPD=Y&VFD=N",Bank Rate changed to 4.0%,BoE Bank Rate moved from 4.75% to 4.0%,rates;monetary_policy;politics_macro,2026-08-10
d4a3dca4abd64f8e,15 Nov -01,boe_bank_rate_events,"https://www.bankofengland.co.uk/boeapps/database/_iadb-fromshowcolumns.asp?csv.x=yes&Datefrom=01/Jan/2015&Dateto=now&SeriesCodes=IUDBEDR,IUMBV34,IUMBV37,IUMBV42,IUMBV45,IUM2WTL,IUM5WTL,IUMTLMV&UsingCodes=Y&VPD=Y&VFD=N","https://www.bankofengland.co.uk/boeapps/database/_iadb-fromshowcolumns.asp?csv.x=yes&Datefrom=01/Jan/2015&Dateto=now&SeriesCodes=IUDBEDR,IUMBV34,IUMBV37,IUMBV42,IUMBV45,IUM2WTL,IUM5WTL,IUMTLMV&UsingCodes=Y&VPD=Y&VFD=N",Bank Rate changed to 4.75%,BoE Bank Rate moved from 3.75% to 4.75%,rates;monetary_policy;politics_macro,2026-08-10
e3420c934d9cd145,15 May -01,boe_bank_rate_events,"https://www.bankofengland.co.uk/boeapps/database/_iadb-fromshowcolumns.asp?csv.x=yes&Datefrom=01/Jan/2015&Dateto=now&SeriesCodes=IUDBEDR,IUMBV34,IUMBV37,IUMBV42,IUMBV45,IUM2WTL,IUM5WTL,IUMTLMV&UsingCodes=Y&VPD=Y&VFD=N","https://www.bankofengland.co.uk/boeapps/database/_iadb-fromshowcolumns.asp?csv.x=yes&Datefrom=01/Jan/2015&Dateto=now&SeriesCodes=IUDBEDR,IUMBV34,IUMBV37,IUMBV42,IUMBV45,IUM2WTL,IUM5WTL,IUMTLMV&UsingCodes=Y&VPD=Y&VFD=N",Bank Rate changed to 3.75%,BoE Bank Rate moved from 5.25% to 3.75%,rates;monetary_policy;politics_macro,2026-08-10
fcc2ff6017f9a9af,15 Mar -01,boe_bank_rate_events,"https://www.bankofengland.co.uk/boeapps/database/_iadb-fromshowcolumns.asp?csv.x=yes&Datefrom=01/Jan/2015&Dateto=now&SeriesCodes=IUDBEDR,IUMBV34,IUMBV37,IUMBV42,IUMBV45,IUM2WTL,IUM5WTL,IUMTLMV&UsingCodes=Y&VPD=Y&VFD=N","https://www.bankofengland.co.uk/boeapps/database/_iadb-fromshowcolumns.asp?csv.x=yes&Datefrom=01/Jan/2015&Dateto=now&SeriesCodes=IUDBEDR,IUMBV34,IUMBV37,IUMBV42,IUMBV45,IUM2WTL,IUM5WTL,IUMTLMV&UsingCodes=Y&VPD=Y&VFD=N",Bank Rate changed to 5.25%,BoE Bank Rate moved from 3.75% to 5.25%,rates;monetary_policy;politics_macro,2026-08-10
efb36d9ce48d73ec,15 Jan -01,boe_bank_rate_events,"https://www.bankofengland.co.uk/boeapps/database/_iadb-fromshowcolumns.asp?csv.x=yes&Datefrom=01/Jan/2015&Dateto=now&SeriesCodes=IUDBEDR,IUMBV34,IUMBV37,IUMBV42,IUMBV45,IUM2WTL,IUM5WTL,IUMTLMV&UsingCodes=Y&VPD=Y&VFD=N","https://www.bankofengland.co.uk/boeapps/database/_iadb-fromshowcolumns.asp?csv.x=yes&Datefrom=01/Jan/2015&Dateto=now&SeriesCodes=IUDBEDR,IUMBV34,IUMBV37,IUMBV42,IUMBV45,IUM2WTL,IUM5WTL,IUMTLMV&UsingCodes=Y&VPD=Y&VFD=N",Bank Rate changed to 3.75%,BoE Bank Rate moved from 5.25% to 3.75%,rates;monetary_policy;politics_macro,2026-08-10
803b2e2d302cd8bd,15 Feb -01,boe_bank_rate_events,"https://www.bankofengland.co.uk/boeapps/database/_iadb-fromshowcolumns.asp?csv.x=yes&Datefrom=01/Jan/2015&Dateto=now&SeriesCodes=IUDBEDR,IUMBV34,IUMBV37,IUMBV42,IUMBV45,IUM2WTL,IUM5WTL,IUMTLMV&UsingCodes=Y&VPD=Y&VFD=N","https://www.bankofengland.co.uk/boeapps/database/_iadb-fromshowcolumns.asp?csv.x=yes&Datefrom=01/Jan/2015&Dateto=now&SeriesCodes=IUDBEDR,IUMBV34,IUMBV37,IUMBV42,IUMBV45,IUM2WTL,IUM5WTL,IUMTLMV&UsingCodes=Y&VPD=Y&VFD=N",Bank Rate changed to 5.25%,BoE Bank Rate moved from 4.0% to 5.25%,rates;monetary_policy;politics_macro,2026-08-10
a1add15e51436358,15 Aug -01,boe_bank_rate_events,"https://www.bankofengland.co.uk/boeapps/database/_iadb-fromshowcolumns.asp?csv.x=yes&Datefrom=01/Jan/2015&Dateto=now&SeriesCodes=IUDBEDR,IUMBV34,IUMBV37,IUMBV42,IUMBV45,IUM2WTL,IUM5WTL,IUMTLMV&UsingCodes=Y&VPD=Y&VFD=N","https://www.bankofengland.co.uk/boeapps/database/_iadb-fromshowcolumns.asp?csv.x=yes&Datefrom=01/Jan/2015&Dateto=now&SeriesCodes=IUDBEDR,IUMBV34,IUMBV37,IUMBV42,IUMBV45,IUM2WTL,IUM5WTL,IUMTLMV&UsingCodes=Y&VPD=Y&VFD=N",Bank Rate changed to 4.0%,BoE Bank Rate moved from 3.75% to 4.0%,rates;monetary_policy;politics_macro,2026-08-10
1264c663f0222a56,15 Apr -01,boe_bank_rate_events,"https://www.bankofengland.co.uk/boeapps/database/_iadb-fromshowcolumns.asp?csv.x=yes&Datefrom=01/Jan/2015&Dateto=now&SeriesCodes=IUDBEDR,IUMBV34,IUMBV37,IUMBV42,IUMBV45,IUM2WTL,IUM5WTL,IUMTLMV&UsingCodes=Y&VPD=Y&VFD=N","https://www.bankofengland.co.uk/boeapps/database/_iadb-fromshowcolumns.asp?csv.x=yes&Datefrom=01/Jan/2015&Dateto=now&SeriesCodes=IUDBEDR,IUMBV34,IUMBV37,IUMBV42,IUMBV45,IUM2WTL,IUM5WTL,IUMTLMV&UsingCodes=Y&VPD=Y&VFD=N",Bank Rate changed to 3.75%,BoE Bank Rate moved from 5.25% to 3.75%,rates;monetary_policy;politics_macro,2026-08-10
3bee48724da945d8,14 Sep -01,boe_bank_rate_events,"https://www.bankofengland.co.uk/boeapps/database/_iadb-fromshowcolumns.asp?csv.x=yes&Datefrom=01/Jan/2015&Dateto=now&SeriesCodes=IUDBEDR,IUMBV34,IUMBV37,IUMBV42,IUMBV45,IUM2WTL,IUM5WTL,IUMTLMV&UsingCodes=Y&VPD=Y&VFD=N","https://www.bankofengland.co.uk/boeapps/database/_iadb-fromshowcolumns.asp?csv.x=yes&Datefrom=01/Jan/2015&Dateto=now&SeriesCodes=IUDBEDR,IUMBV34,IUMBV37,IUMBV42,IUMBV45,IUM2WTL,IUM5WTL,IUMTLMV&UsingCodes=Y&VPD=Y&VFD=N",Bank Rate changed to 5.25%,BoE Bank Rate moved from 4.0% to 5.25%,rates;monetary_policy;politics_macro,2026-08-10
2c184b7001ee2bbe,14 Nov -01,boe_bank_rate_events,"https://www.bankofengland.co.uk/boeapps/database/_iadb-fromshowcolumns.asp?csv.x=yes&Datefrom=01/Jan/2015&Dateto=now&SeriesCodes=IUDBEDR,IUMBV34,IUMBV37,IUMBV42,IUMBV45,IUM2WTL,IUM5WTL,IUMTLMV&UsingCodes=Y&VPD=Y&VFD=N","https://www.bankofengland.co.uk/boeapps/database/_iadb-fromshowcolumns.asp?csv.x=yes&Datefrom=01/Jan/2015&Dateto=now&SeriesCodes=IUDBEDR,IUMBV34,IUMBV37,IUMBV42,IUMBV45,IUM2WTL,IUM5WTL,IUMTLMV&UsingCodes=Y&VPD=Y&VFD=N",Bank Rate changed to 4.0%,BoE Bank Rate moved from 3.75% to 4.0%,rates;monetary_policy;politics_macro,2026-08-10
5cbfb2b20bad8630,14 May -01,boe_bank_rate_events,"https://www.bankofengland.co.uk/boeapps/database/_iadb-fromshowcolumns.asp?csv.x=yes&Datefrom=01/Jan/2015&Dateto=now&SeriesCodes=IUDBEDR,IUMBV34,IUMBV37,IUMBV42,IUMBV45,IUM2WTL,IUM5WTL,IUMTLMV&UsingCodes=Y&VPD=Y&VFD=N","https://www.bankofengland.co.uk/boeapps/database/_iadb-fromshowcolumns.asp?csv.x=yes&Datefrom=01/Jan/2015&Dateto=now&SeriesCodes=IUDBEDR,IUMBV34,IUMBV37,IUMBV42,IUMBV45,IUM2WTL,IUM5WTL,IUMTLMV&UsingCodes=Y&VPD=Y&VFD=N",Bank Rate changed to 3.75%,BoE Bank Rate moved from 4.5% to 3.75%,rates;monetary_policy;politics_macro,2026-08-10
8d085847147825eb,14 Mar -01,boe_bank_rate_events,"https://www.bankofengland.co.uk/boeapps/database/_iadb-fromshowcolumns.asp?csv.x=yes&Datefrom=01/Jan/2015&Dateto=now&SeriesCodes=IUDBEDR,IUMBV34,IUMBV37,IUMBV42,IUMBV45,IUM2WTL,IUM5WTL,IUMTLMV&UsingCodes=Y&VPD=Y&VFD=N","https://www.bankofengland.co.uk/boeapps/database/_iadb-fromshowcolumns.asp?csv.x=yes&Datefrom=01/Jan/2015&Dateto=now&SeriesCodes=IUDBEDR,IUMBV34,IUMBV37,IUMBV42,IUMBV45,IUM2WTL,IUM5WTL,IUMTLMV&UsingCodes=Y&VPD=Y&VFD=N",Bank Rate changed to 4.5%,BoE Bank Rate moved from 5.25% to 4.5%,rates;monetary_policy;politics_macro,2026-08-10
4591386ed156a26c,14 Jun -01,boe_bank_rate_events,"https://www.bankofengland.co.uk/boeapps/database/_iadb-fromshowcolumns.asp?csv.x=yes&Datefrom=01/Jan/2015&Dateto=now&SeriesCodes=IUDBEDR,IUMBV34,IUMBV37,IUMBV42,IUMBV45,IUM2WTL,IUM5WTL,IUMTLMV&UsingCodes=Y&VPD=Y&VFD=N","https://www.bankofengland.co.uk/boeapps/database/_iadb-fromshowcolumns.asp?csv.x=yes&Datefrom=01/Jan/2015&Dateto=now&SeriesCodes=IUDBEDR,IUMBV34,IUMBV37,IUMBV42,IUMBV45,IUM2WTL,IUM5WTL,IUMTLMV&UsingCodes=Y&VPD=Y&VFD=N",Bank Rate changed to 5.25%,BoE Bank Rate moved from 3.75% to 5.25%,rates;monetary_policy;politics_macro,2026-08-10
9977432f309248fa,14 Jan -01,boe_bank_rate_events,"https://www.bankofengland.co.uk/boeapps/database/_iadb-fromshowcolumns.asp?csv.x=yes&Datefrom=01/Jan/2015&Dateto=now&SeriesCodes=IUDBEDR,IUMBV34,IUMBV37,IUMBV42,IUMBV45,IUM2WTL,IUM5WTL,IUMTLMV&UsingCodes=Y&VPD=Y&VFD=N","https://www.bankofengland.co.uk/boeapps/database/_iadb-fromshowcolumns.asp?csv.x=yes&Datefrom=01/Jan/2015&Dateto=now&SeriesCodes=IUDBEDR,IUMBV34,IUMBV37,IUMBV42,IUMBV45,IUM2WTL,IUM5WTL,IUMTLMV&UsingCodes=Y&VPD=Y&VFD=N",Bank Rate changed to 3.75%,BoE Bank Rate moved from 4.5% to 3.75%,rates;monetary_policy;politics_macro,2026-08-10
69cf8f739efae5fe,14 Feb -01,boe_bank_rate_events,"https://www.bankofengland.co.uk/boeapps/database/_iadb-fromshowcolumns.asp?csv.x=yes&Datefrom=01/Jan/2015&Dateto=now&SeriesCodes=IUDBEDR,IUMBV34,IUMBV37,IUMBV42,IUMBV45,IUM2WTL,IUM5WTL,IUMTLMV&UsingCodes=Y&VPD=Y&VFD=N","https://www.bankofengland.co.uk/boeapps/database/_iadb-fromshowcolumns.asp?csv.x=yes&Datefrom=01/Jan/2015&Dateto=now&SeriesCodes=IUDBEDR,IUMBV34,IUMBV37,IUMBV42,IUMBV45,IUM2WTL,IUM5WTL,IUMTLMV&UsingCodes=Y&VPD=Y&VFD=N",Bank Rate changed to 4.5%,BoE Bank Rate moved from 5.25% to 4.5%,rates;monetary_policy;politics_macro,2026-08-10
b35cdcea8067f74f,14 Dec -01,boe_bank_rate_events,"https://www.bankofengland.co.uk/boeapps/database/_iadb-fromshowcolumns.asp?csv.x=yes&Datefrom=01/Jan/2015&Dateto=now&SeriesCodes=IUDBEDR,IUMBV34,IUMBV37,IUMBV42,IUMBV45,IUM2WTL,IUM5WTL,IUMTLMV&UsingCodes=Y&VPD=Y&VFD=N","https://www.bankofengland.co.uk/boeapps/database/_iadb-fromshowcolumns.asp?csv.x=yes&Datefrom=01/Jan/2015&Dateto=now&SeriesCodes=IUDBEDR,IUMBV34,IUMBV37,IUMBV42,IUMBV45,IUM2WTL,IUM5WTL,IUMTLMV&UsingCodes=Y&VPD=Y&VFD=N",Bank Rate changed to 5.25%,BoE Bank Rate moved from 4.0% to 5.25%,rates;monetary_policy;politics_macro,2026-08-10
2abb7e8aaf8fa1db,14 Aug -01,boe_bank_rate_events,"https://www.bankofengland.co.uk/boeapps/database/_iadb-fromshowcolumns.asp?csv.x=yes&Datefrom=01/Jan/2015&Dateto=now&SeriesCodes=IUDBEDR,IUMBV34,IUMBV37,IUMBV42,IUMBV45,IUM2WTL,IUM5WTL,IUMTLMV&UsingCodes=Y&VPD=Y&VFD=N","https://www.bankofengland.co.uk/boeapps/database/_iadb-fromshowcolumns.asp?csv.x=yes&Datefrom=01/Jan/2015&Dateto=now&SeriesCodes=IUDBEDR,IUMBV34,IUMBV37,IUMBV42,IUMBV45,IUM2WTL,IUM5WTL,IUMTLMV&UsingCodes=Y&VPD=Y&VFD=N",Bank Rate changed to 4.0%,BoE Bank Rate moved from 3.75% to 4.0%,rates;monetary_policy;politics_macro,2026-08-10
723b6dfbcfa27918,14 Apr -01,boe_bank_rate_events,"https://www.bankofengland.co.uk/boeapps/database/_iadb-fromshowcolumns.asp?csv.x=yes&Datefrom=01/Jan/2015&Dateto=now&SeriesCodes=IUDBEDR,IUMBV34,IUMBV37,IUMBV42,IUMBV45,IUM2WTL,IUM5WTL,IUMTLMV&UsingCodes=Y&VPD=Y&VFD=N","https://www.bankofengland.co.uk/boeapps/database/_iadb-fromshowcolumns.asp?csv.x=yes&Datefrom=01/Jan/2015&Dateto=now&SeriesCodes=IUDBEDR,IUMBV34,IUMBV37,IUMBV42,IUMBV45,IUM2WTL,IUM5WTL,IUMTLMV&UsingCodes=Y&VPD=Y&VFD=N",Bank Rate changed to 3.75%,BoE Bank Rate moved from 5.0% to 3.75%,rates;monetary_policy;politics_macro,2026-08-10
70f4b2a4080e3c52,13 Sep -01,boe_bank_rate_events,"https://www.bankofengland.co.uk/boeapps/database/_iadb-fromshowcolumns.asp?csv.x=yes&Datefrom=01/Jan/2015&Dateto=now&SeriesCodes=IUDBEDR,IUMBV34,IUMBV37,IUMBV42,IUMBV45,IUM2WTL,IUM5WTL,IUMTLMV&UsingCodes=Y&VPD=Y&VFD=N","https://www.bankofengland.co.uk/boeapps/database/_iadb-fromshowcolumns.asp?csv.x=yes&Datefrom=01/Jan/2015&Dateto=now&SeriesCodes=IUDBEDR,IUMBV34,IUMBV37,IUMBV42,IUMBV45,IUM2WTL,IUM5WTL,IUMTLMV&UsingCodes=Y&VPD=Y&VFD=N",Bank Rate changed to 5.0%,BoE Bank Rate moved from 4.0% to 5.0%,rates;monetary_policy;politics_macro,2026-08-10
eefeca15c8a87b7e,13 Nov -01,boe_bank_rate_events,"https://www.bankofengland.co.uk/boeapps/database/_iadb-fromshowcolumns.asp?csv.x=yes&Datefrom=01/Jan/2015&Dateto=now&SeriesCodes=IUDBEDR,IUMBV34,IUMBV37,IUMBV42,IUMBV45,IUM2WTL,IUM5WTL,IUMTLMV&UsingCodes=Y&VPD=Y&VFD=N","https://www.bankofengland.co.uk/boeapps/database/_iadb-fromshowcolumns.asp?csv.x=yes&Datefrom=01/Jan/2015&Dateto=now&SeriesCodes=IUDBEDR,IUMBV34,IUMBV37,IUMBV42,IUMBV45,IUM2WTL,IUM5WTL,IUMTLMV&UsingCodes=Y&VPD=Y&VFD=N",Bank Rate changed to 4.0%,BoE Bank Rate moved from 3.75% to 4.0%,rates;monetary_policy;politics_macro,2026-08-10
fbaef12612bd1c45,13 Mar -01,boe_bank_rate_events,"https://www.bankofengland.co.uk/boeapps/database/_iadb-fromshowcolumns.asp?csv.x=yes&Datefrom=01/Jan/2015&Dateto=now&SeriesCodes=IUDBEDR,IUMBV34,IUMBV37,IUMBV42,IUMBV45,IUM2WTL,IUM5WTL,IUMTLMV&UsingCodes=Y&VPD=Y&VFD=N","https://www.bankofengland.co.uk/boeapps/database/_iadb-fromshowcolumns.asp?csv.x=yes&Datefrom=01/Jan/2015&Dateto=now&SeriesCodes=IUDBEDR,IUMBV34,IUMBV37,IUMBV42,IUMBV45,IUM2WTL,IUM5WTL,IUMTLMV&UsingCodes=Y&VPD=Y&VFD=N",Bank Rate changed to 3.75%,BoE Bank Rate moved from 4.25% to 3.75%,rates;monetary_policy;politics_macro,2026-08-10
45f2ce00afcb6769,13 Jun -01,boe_bank_rate_events,"https://www.bankofengland.co.uk/boeapps/database/_iadb-fromshowcolumns.asp?csv.x=yes&Datefrom=01/Jan/2015&Dateto=now&SeriesCodes=IUDBEDR,IUMBV34,IUMBV37,IUMBV42,IUMBV45,IUM2WTL,IUM5WTL,IUMTLMV&UsingCodes=Y&VPD=Y&VFD=N","https://www.bankofengland.co.uk/boeapps/database/_iadb-fromshowcolumns.asp?csv.x=yes&Datefrom=01/Jan/2015&Dateto=now&SeriesCodes=IUDBEDR,IUMBV34,IUMBV37,IUMBV42,IUMBV45,IUM2WTL,IUM5WTL,IUMTLMV&UsingCodes=Y&VPD=Y&VFD=N",Bank Rate changed to 4.25%,BoE Bank Rate moved from 3.75% to 4.25%,rates;monetary_policy;politics_macro,2026-08-10
0d700fc80ef861c1,13 Feb -01,boe_bank_rate_events,"https://www.bankofengland.co.uk/boeapps/database/_iadb-fromshowcolumns.asp?csv.x=yes&Datefrom=01/Jan/2015&Dateto=now&SeriesCodes=IUDBEDR,IUMBV34,IUMBV37,IUMBV42,IUMBV45,IUM2WTL,IUM5WTL,IUMTLMV&UsingCodes=Y&VPD=Y&VFD=N","https://www.bankofengland.co.uk/boeapps/database/_iadb-fromshowcolumns.asp?csv.x=yes&Datefrom=01/Jan/2015&Dateto=now&SeriesCodes=IUDBEDR,IUMBV34,IUMBV37,IUMBV42,IUMBV45,IUM2WTL,IUM5WTL,IUMTLMV&UsingCodes=Y&VPD=Y&VFD=N",Bank Rate changed to 3.75%,BoE Bank Rate moved from 4.75% to 3.75%,rates;monetary_policy;politics_macro,2026-08-10
a5009381a96f021d,13 Dec -01,boe_bank_rate_events,"https://www.bankofengland.co.uk/boeapps/database/_iadb-fromshowcolumns.asp?csv.x=yes&Datefrom=01/Jan/2015&Dateto=now&SeriesCodes=IUDBEDR,IUMBV34,IUMBV37,IUMBV42,IUMBV45,IUM2WTL,IUM5WTL,IUMTLMV&UsingCodes=Y&VPD=Y&VFD=N","https://www.bankofengland.co.uk/boeapps/database/_iadb-fromshowcolumns.asp?csv.x=yes&Datefrom=01/Jan/2015&Dateto=now&SeriesCodes=IUDBEDR,IUMBV34,IUMBV37,IUMBV42,IUMBV45,IUM2WTL,IUM5WTL,IUMTLMV&UsingCodes=Y&VPD=Y&VFD=N",Bank Rate changed to 4.75%,BoE Bank Rate moved from 4.0% to 4.75%,rates;monetary_policy;politics_macro,2026-08-10
881698e4821fcc44,13 Aug -01,boe_bank_rate_events,"https://www.bankofengland.co.uk/boeapps/database/_iadb-fromshowcolumns.asp?csv.x=yes&Datefrom=01/Jan/2015&Dateto=now&SeriesCodes=IUDBEDR,IUMBV34,IUMBV37,IUMBV42,IUMBV45,IUM2WTL,IUM5WTL,IUMTLMV&UsingCodes=Y&VPD=Y&VFD=N","https://www.bankofengland.co.uk/boeapps/database/_iadb-fromshowcolumns.asp?csv.x=yes&Datefrom=01/Jan/2015&Dateto=now&SeriesCodes=IUDBEDR,IUMBV34,IUMBV37,IUMBV42,IUMBV45,IUM2WTL,IUM5WTL,IUMTLMV&UsingCodes=Y&VPD=Y&VFD=N",Bank Rate changed to 4.0%,BoE Bank Rate moved from 3.75% to 4.0%,rates;monetary_policy;politics_macro,2026-08-10
cf86fa77a3c1f342,13 Apr -01,boe_bank_rate_events,"https://www.bankofengland.co.uk/boeapps/database/_iadb-fromshowcolumns.asp?csv.x=yes&Datefrom=01/Jan/2015&Dateto=now&SeriesCodes=IUDBEDR,IUMBV34,IUMBV37,IUMBV42,IUMBV45,IUM2WTL,IUM5WTL,IUMTLMV&UsingCodes=Y&VPD=Y&VFD=N","https://www.bankofengland.co.uk/boeapps/database/_iadb-fromshowcolumns.asp?csv.x=yes&Datefrom=01/Jan/2015&Dateto=now&SeriesCodes=IUDBEDR,IUMBV34,IUMBV37,IUMBV42,IUMBV45,IUM2WTL,IUM5WTL,IUMTLMV&UsingCodes=Y&VPD=Y&VFD=N",Bank Rate changed to 3.75%,BoE Bank Rate moved from 4.0% to 3.75%,rates;monetary_policy;politics_macro,2026-08-10
c4e0f09ad22d969b,12 Sep -01,boe_bank_rate_events,"https://www.bankofengland.co.uk/boeapps/database/_iadb-fromshowcolumns.asp?csv.x=yes&Datefrom=01/Jan/2015&Dateto=now&SeriesCodes=IUDBEDR,IUMBV34,IUMBV37,IUMBV42,IUMBV45,IUM2WTL,IUM5WTL,IUMTLMV&UsingCodes=Y&VPD=Y&VFD=N","https://www.bankofengland.co.uk/boeapps/database/_iadb-fromshowcolumns.asp?csv.x=yes&Datefrom=01/Jan/2015&Dateto=now&SeriesCodes=IUDBEDR,IUMBV34,IUMBV37,IUMBV42,IUMBV45,IUM2WTL,IUM5WTL,IUMTLMV&UsingCodes=Y&VPD=Y&VFD=N",Bank Rate changed to 4.0%,BoE Bank Rate moved from 5.25% to 4.0%,rates;monetary_policy;politics_macro,2026-08-10
d1fd9cb7e5b0ce8e,12 Oct -01,boe_bank_rate_events,"https://www.bankofengland.co.uk/boeapps/database/_iadb-fromshowcolumns.asp?csv.x=yes&Datefrom=01/Jan/2015&Dateto=now&SeriesCodes=IUDBEDR,IUMBV34,IUMBV37,IUMBV42,IUMBV45,IUM2WTL,IUM5WTL,IUMTLMV&UsingCodes=Y&VPD=Y&VFD=N","https://www.bankofengland.co.uk/boeapps/database/_iadb-fromshowcolumns.asp?csv.x=yes&Datefrom=01/Jan/2015&Dateto=now&SeriesCodes=IUDBEDR,IUMBV34,IUMBV37,IUMBV42,IUMBV45,IUM2WTL,IUM5WTL,IUMTLMV&UsingCodes=Y&VPD=Y&VFD=N",Bank Rate changed to 5.25%,BoE Bank Rate moved from 4.0% to 5.25%,rates;monetary_policy;politics_macro,2026-08-10
7e73b95258163f7a,12 Nov -01,boe_bank_rate_events,"https://www.bankofengland.co.uk/boeapps/database/_iadb-fromshowcolumns.asp?csv.x=yes&Datefrom=01/Jan/2015&Dateto=now&SeriesCodes=IUDBEDR,IUMBV34,IUMBV37,IUMBV42,IUMBV45,IUM2WTL,IUM5WTL,IUMTLMV&UsingCodes=Y&VPD=Y&VFD=N","https://www.bankofengland.co.uk/boeapps/database/_iadb-fromshowcolumns.asp?csv.x=yes&Datefrom=01/Jan/2015&Dateto=now&SeriesCodes=IUDBEDR,IUMBV34,IUMBV37,IUMBV42,IUMBV45,IUM2WTL,IUM5WTL,IUMTLMV&UsingCodes=Y&VPD=Y&VFD=N",Bank Rate changed to 4.0%,BoE Bank Rate moved from 3.75% to 4.0%,rates;monetary_policy;politics_macro,2026-08-10
8d58914b6ab9667a,12 Jun -01,boe_bank_rate_events,"https://www.bankofengland.co.uk/boeapps/database/_iadb-fromshowcolumns.asp?csv.x=yes&Datefrom=01/Jan/2015&Dateto=now&SeriesCodes=IUDBEDR,IUMBV34,IUMBV37,IUMBV42,IUMBV45,IUM2WTL,IUM5WTL,IUMTLMV&UsingCodes=Y&VPD=Y&VFD=N","https://www.bankofengland.co.uk/boeapps/database/_iadb-fromshowcolumns.asp?csv.x=yes&Datefrom=01/Jan/2015&Dateto=now&SeriesCodes=IUDBEDR,IUMBV34,IUMBV37,IUMBV42,IUMBV45,IUM2WTL,IUM5WTL,IUMTLMV&UsingCodes=Y&VPD=Y&VFD=N",Bank Rate changed to 3.75%,BoE Bank Rate moved from 5.25% to 3.75%,rates;monetary_policy;politics_macro,2026-08-10
e0f06e41b04e3751,12 Jul -01,boe_bank_rate_events,"https://www.bankofengland.co.uk/boeapps/database/_iadb-fromshowcolumns.asp?csv.x=yes&Datefrom=01/Jan/2015&Dateto=now&SeriesCodes=IUDBEDR,IUMBV34,IUMBV37,IUMBV42,IUMBV45,IUM2WTL,IUM5WTL,IUMTLMV&UsingCodes=Y&VPD=Y&VFD=N","https://www.bankofengland.co.uk/boeapps/database/_iadb-fromshowcolumns.asp?csv.x=yes&Datefrom=01/Jan/2015&Dateto=now&SeriesCodes=IUDBEDR,IUMBV34,IUMBV37,IUMBV42,IUMBV45,IUM2WTL,IUM5WTL,IUMTLMV&UsingCodes=Y&VPD=Y&VFD=N",Bank Rate changed to 5.25%,BoE Bank Rate moved from 3.75% to 5.25%,rates;monetary_policy;politics_macro,2026-08-10
52d24ffa79511b74,12 Feb -01,boe_bank_rate_events,"https://www.bankofengland.co.uk/boeapps/database/_iadb-fromshowcolumns.asp?csv.x=yes&Datefrom=01/Jan/2015&Dateto=now&SeriesCodes=IUDBEDR,IUMBV34,IUMBV37,IUMBV42,IUMBV45,IUM2WTL,IUM5WTL,IUMTLMV&UsingCodes=Y&VPD=Y&VFD=N","https://www.bankofengland.co.uk/boeapps/database/_iadb-fromshowcolumns.asp?csv.x=yes&Datefrom=01/Jan/2015&Dateto=now&SeriesCodes=IUDBEDR,IUMBV34,IUMBV37,IUMBV42,IUMBV45,IUM2WTL,IUM5WTL,IUMTLMV&UsingCodes=Y&VPD=Y&VFD=N",Bank Rate changed to 3.75%,BoE Bank Rate moved from 4.0% to 3.75%,rates;monetary_policy;politics_macro,2026-08-10
a42aff844471ecdd,12 Aug -01,boe_bank_rate_events,"https://www.bankofengland.co.uk/boeapps/database/_iadb-fromshowcolumns.asp?csv.x=yes&Datefrom=01/Jan/2015&Dateto=now&SeriesCodes=IUDBEDR,IUMBV34,IUMBV37,IUMBV42,IUMBV45,IUM2WTL,IUM5WTL,IUMTLMV&UsingCodes=Y&VPD=Y&VFD=N","https://www.bankofengland.co.uk/boeapps/database/_iadb-fromshowcolumns.asp?csv.x=yes&Datefrom=01/Jan/2015&Dateto=now&SeriesCodes=IUDBEDR,IUMBV34,IUMBV37,IUMBV42,IUMBV45,IUM2WTL,IUM5WTL,IUMTLMV&UsingCodes=Y&VPD=Y&VFD=N",Bank Rate changed to 4.0%,BoE Bank Rate moved from 5.25% to 4.0%,rates;monetary_policy;politics_macro,2026-08-10
7ba6fefad0411b39,12 Apr -01,boe_bank_rate_events,"https://www.bankofengland.co.uk/boeapps/database/_iadb-fromshowcolumns.asp?csv.x=yes&Datefrom=01/Jan/2015&Dateto=now&SeriesCodes=IUDBEDR,IUMBV34,IUMBV37,IUMBV42,IUMBV45,IUM2WTL,IUM5WTL,IUMTLMV&UsingCodes=Y&VPD=Y&VFD=N","https://www.bankofengland.co.uk/boeapps/database/_iadb-fromshowcolumns.asp?csv.x=yes&Datefrom=01/Jan/2015&Dateto=now&SeriesCodes=IUDBEDR,IUMBV34,IUMBV37,IUMBV42,IUMBV45,IUM2WTL,IUM5WTL,IUMTLMV&UsingCodes=Y&VPD=Y&VFD=N",Bank Rate changed to 5.25%,BoE Bank Rate moved from 4.0% to 5.25%,rates;monetary_policy;politics_macro,2026-08-10
acdf727df04fc0e4,11 Sep -01,boe_bank_rate_events,"https://www.bankofengland.co.uk/boeapps/database/_iadb-fromshowcolumns.asp?csv.x=yes&Datefrom=01/Jan/2015&Dateto=now&SeriesCodes=IUDBEDR,IUMBV34,IUMBV37,IUMBV42,IUMBV45,IUM2WTL,IUM5WTL,IUMTLMV&UsingCodes=Y&VPD=Y&VFD=N","https://www.bankofengland.co.uk/boeapps/database/_iadb-fromshowcolumns.asp?csv.x=yes&Datefrom=01/Jan/2015&Dateto=now&SeriesCodes=IUDBEDR,IUMBV34,IUMBV37,IUMBV42,IUMBV45,IUM2WTL,IUM5WTL,IUMTLMV&UsingCodes=Y&VPD=Y&VFD=N",Bank Rate changed to 4.0%,BoE Bank Rate moved from 5.0% to 4.0%,rates;monetary_policy;politics_macro,2026-08-10
08a6acb05b943665,11 Oct -01,boe_bank_rate_events,"https://www.bankofengland.co.uk/boeapps/database/_iadb-fromshowcolumns.asp?csv.x=yes&Datefrom=01/Jan/2015&Dateto=now&SeriesCodes=IUDBEDR,IUMBV34,IUMBV37,IUMBV42,IUMBV45,IUM2WTL,IUM5WTL,IUMTLMV&UsingCodes=Y&VPD=Y&VFD=N","https://www.bankofengland.co.uk/boeapps/database/_iadb-fromshowcolumns.asp?csv.x=yes&Datefrom=01/Jan/2015&Dateto=now&SeriesCodes=IUDBEDR,IUMBV34,IUMBV37,IUMBV42,IUMBV45,IUM2WTL,IUM5WTL,IUMTLMV&UsingCodes=Y&VPD=Y&VFD=N",Bank Rate changed to 5.0%,BoE Bank Rate moved from 4.0% to 5.0%,rates;monetary_policy;politics_macro,2026-08-10
03701163908b521f,11 Nov -01,boe_bank_rate_events,"https://www.bankofengland.co.uk/boeapps/database/_iadb-fromshowcolumns.asp?csv.x=yes&Datefrom=01/Jan/2015&Dateto=now&SeriesCodes=IUDBEDR,IUMBV34,IUMBV37,IUMBV42,IUMBV45,IUM2WTL,IUM5WTL,IUMTLMV&UsingCodes=Y&VPD=Y&VFD=N","https://www.bankofengland.co.uk/boeapps/database/_iadb-fromshowcolumns.asp?csv.x=yes&Datefrom=01/Jan/2015&Dateto=now&SeriesCodes=IUDBEDR,IUMBV34,IUMBV37,IUMBV42,IUMBV45,IUM2WTL,IUM5WTL,IUMTLMV&UsingCodes=Y&VPD=Y&VFD=N",Bank Rate changed to 4.0%,BoE Bank Rate moved from 3.75% to 4.0%,rates;monetary_policy;politics_macro,2026-08-10
c24f5d0566a4a65c,11 Jun -01,boe_bank_rate_events,"https://www.bankofengland.co.uk/boeapps/database/_iadb-fromshowcolumns.asp?csv.x=yes&Datefrom=01/Jan/2015&Dateto=now&SeriesCodes=IUDBEDR,IUMBV34,IUMBV37,IUMBV42,IUMBV45,IUM2WTL,IUM5WTL,IUMTLMV&UsingCodes=Y&VPD=Y&VFD=N","https://www.bankofengland.co.uk/boeapps/database/_iadb-fromshowcolumns.asp?csv.x=yes&Datefrom=01/Jan/2015&Dateto=now&SeriesCodes=IUDBEDR,IUMBV34,IUMBV37,IUMBV42,IUMBV45,IUM2WTL,IUM5WTL,IUMTLMV&UsingCodes=Y&VPD=Y&VFD=N",Bank Rate changed to 3.75%,BoE Bank Rate moved from 4.25% to 3.75%,rates;monetary_policy;politics_macro,2026-08-10
e069e88faabbc7d1,11 Jul -01,boe_bank_rate_events,"https://www.bankofengland.co.uk/boeapps/database/_iadb-fromshowcolumns.asp?csv.x=yes&Datefrom=01/Jan/2015&Dateto=now&SeriesCodes=IUDBEDR,IUMBV34,IUMBV37,IUMBV42,IUMBV45,IUM2WTL,IUM5WTL,IUMTLMV&UsingCodes=Y&VPD=Y&VFD=N","https://www.bankofengland.co.uk/boeapps/database/_iadb-fromshowcolumns.asp?csv.x=yes&Datefrom=01/Jan/2015&Dateto=now&SeriesCodes=IUDBEDR,IUMBV34,IUMBV37,IUMBV42,IUMBV45,IUM2WTL,IUM5WTL,IUMTLMV&UsingCodes=Y&VPD=Y&VFD=N",Bank Rate changed to 4.25%,BoE Bank Rate moved from 5.25% to 4.25%,rates;monetary_policy;politics_macro,2026-08-10
3ce0483c53a38aa6,11 Jan -01,boe_bank_rate_events,"https://www.bankofengland.co.uk/boeapps/database/_iadb-fromshowcolumns.asp?csv.x=yes&Datefrom=01/Jan/2015&Dateto=now&SeriesCodes=IUDBEDR,IUMBV34,IUMBV37,IUMBV42,IUMBV45,IUM2WTL,IUM5WTL,IUMTLMV&UsingCodes=Y&VPD=Y&VFD=N","https://www.bankofengland.co.uk/boeapps/database/_iadb-fromshowcolumns.asp?csv.x=yes&Datefrom=01/Jan/2015&Dateto=now&SeriesCodes=IUDBEDR,IUMBV34,IUMBV37,IUMBV42,IUMBV45,IUM2WTL,IUM5WTL,IUMTLMV&UsingCodes=Y&VPD=Y&VFD=N",Bank Rate changed to 5.25%,BoE Bank Rate moved from 3.75% to 5.25%,rates;monetary_policy;politics_macro,2026-08-10
8f08abdb88147876,11 Feb -01,boe_bank_rate_events,"https://www.bankofengland.co.uk/boeapps/database/_iadb-fromshowcolumns.asp?csv.x=yes&Datefrom=01/Jan/2015&Dateto=now&SeriesCodes=IUDBEDR,IUMBV34,IUMBV37,IUMBV42,IUMBV45,IUM2WTL,IUM5WTL,IUMTLMV&UsingCodes=Y&VPD=Y&VFD=N","https://www.bankofengland.co.uk/boeapps/database/_iadb-fromshowcolumns.asp?csv.x=yes&Datefrom=01/Jan/2015&Dateto=now&SeriesCodes=IUDBEDR,IUMBV34,IUMBV37,IUMBV42,IUMBV45,IUM2WTL,IUM5WTL,IUMTLMV&UsingCodes=Y&VPD=Y&VFD=N",Bank Rate changed to 3.75%,BoE Bank Rate moved from 4.0% to 3.75%,rates;monetary_policy;politics_macro,2026-08-10
40bb9a52975edfae,11 Aug -01,boe_bank_rate_events,"https://www.bankofengland.co.uk/boeapps/database/_iadb-fromshowcolumns.asp?csv.x=yes&Datefrom=01/Jan/2015&Dateto=now&SeriesCodes=IUDBEDR,IUMBV34,IUMBV37,IUMBV42,IUMBV45,IUM2WTL,IUM5WTL,IUMTLMV&UsingCodes=Y&VPD=Y&VFD=N","https://www.bankofengland.co.uk/boeapps/database/_iadb-fromshowcolumns.asp?csv.x=yes&Datefrom=01/Jan/2015&Dateto=now&SeriesCodes=IUDBEDR,IUMBV34,IUMBV37,IUMBV42,IUMBV45,IUM2WTL,IUM5WTL,IUMTLMV&UsingCodes=Y&VPD=Y&VFD=N",Bank Rate changed to 4.0%,BoE Bank Rate moved from 4.5% to 4.0%,rates;monetary_policy;politics_macro,2026-08-10
b116c0a7a2f8ee51,11 Apr -01,boe_bank_rate_events,"https://www.bankofengland.co.uk/boeapps/database/_iadb-fromshowcolumns.asp?csv.x=yes&Datefrom=01/Jan/2015&Dateto=now&SeriesCodes=IUDBEDR,IUMBV34,IUMBV37,IUMBV42,IUMBV45,IUM2WTL,IUM5WTL,IUMTLMV&UsingCodes=Y&VPD=Y&VFD=N","https://www.bankofengland.co.uk/boeapps/database/_iadb-fromshowcolumns.asp?csv.x=yes&Datefrom=01/Jan/2015&Dateto=now&SeriesCodes=IUDBEDR,IUMBV34,IUMBV37,IUMBV42,IUMBV45,IUM2WTL,IUM5WTL,IUMTLMV&UsingCodes=Y&VPD=Y&VFD=N",Bank Rate changed to 4.5%,BoE Bank Rate moved from 4.0% to 4.5%,rates;monetary_policy;politics_macro,2026-08-10
0646b98571d2694a,10 Nov -01,boe_bank_rate_events,"https://www.bankofengland.co.uk/boeapps/database/_iadb-fromshowcolumns.asp?csv.x=yes&Datefrom=01/Jan/2015&Dateto=now&SeriesCodes=IUDBEDR,IUMBV34,IUMBV37,IUMBV42,IUMBV45,IUM2WTL,IUM5WTL,IUMTLMV&UsingCodes=Y&VPD=Y&VFD=N","https://www.bankofengland.co.uk/boeapps/database/_iadb-fromshowcolumns.asp?csv.x=yes&Datefrom=01/Jan/2015&Dateto=now&SeriesCodes=IUDBEDR,IUMBV34,IUMBV37,IUMBV42,IUMBV45,IUM2WTL,IUM5WTL,IUMTLMV&UsingCodes=Y&VPD=Y&VFD=N",Bank Rate changed to 4.0%,BoE Bank Rate moved from 5.25% to 4.0%,rates;monetary_policy;politics_macro,2026-08-10
033255fc9e073ca2,10 May -01,boe_bank_rate_events,"https://www.bankofengland.co.uk/boeapps/database/_iadb-fromshowcolumns.asp?csv.x=yes&Datefrom=01/Jan/2015&Dateto=now&SeriesCodes=IUDBEDR,IUMBV34,IUMBV37,IUMBV42,IUMBV45,IUM2WTL,IUM5WTL,IUMTLMV&UsingCodes=Y&VPD=Y&VFD=N","https://www.bankofengland.co.uk/boeapps/database/_iadb-fromshowcolumns.asp?csv.x=yes&Datefrom=01/Jan/2015&Dateto=now&SeriesCodes=IUDBEDR,IUMBV34,IUMBV37,IUMBV42,IUMBV45,IUM2WTL,IUM5WTL,IUMTLMV&UsingCodes=Y&VPD=Y&VFD=N",Bank Rate changed to 5.25%,BoE Bank Rate moved from 3.75% to 5.25%,rates;monetary_policy;politics_macro,2026-08-10
c53a16edda5ba804,10 Jul -01,boe_bank_rate_events,"https://www.bankofengland.co.uk/boeapps/database/_iadb-fromshowcolumns.asp?csv.x=yes&Datefrom=01/Jan/2015&Dateto=now&SeriesCodes=IUDBEDR,IUMBV34,IUMBV37,IUMBV42,IUMBV45,IUM2WTL,IUM5WTL,IUMTLMV&UsingCodes=Y&VPD=Y&VFD=N","https://www.bankofengland.co.uk/boeapps/database/_iadb-fromshowcolumns.asp?csv.x=yes&Datefrom=01/Jan/2015&Dateto=now&SeriesCodes=IUDBEDR,IUMBV34,IUMBV37,IUMBV42,IUMBV45,IUM2WTL,IUM5WTL,IUMTLMV&UsingCodes=Y&VPD=Y&VFD=N",Bank Rate changed to 3.75%,BoE Bank Rate moved from 4.75% to 3.75%,rates;monetary_policy;politics_macro,2026-08-10
c06035158bb3e79a,10 Jan -01,boe_bank_rate_events,"https://www.bankofengland.co.uk/boeapps/database/_iadb-fromshowcolumns.asp?csv.x=yes&Datefrom=01/Jan/2015&Dateto=now&SeriesCodes=IUDBEDR,IUMBV34,IUMBV37,IUMBV42,IUMBV45,IUM2WTL,IUM5WTL,IUMTLMV&UsingCodes=Y&VPD=Y&VFD=N","https://www.bankofengland.co.uk/boeapps/database/_iadb-fromshowcolumns.asp?csv.x=yes&Datefrom=01/Jan/2015&Dateto=now&SeriesCodes=IUDBEDR,IUMBV34,IUMBV37,IUMBV42,IUMBV45,IUM2WTL,IUM5WTL,IUMTLMV&UsingCodes=Y&VPD=Y&VFD=N",Bank Rate changed to 4.75%,BoE Bank Rate moved from 3.75% to 4.75%,rates;monetary_policy;politics_macro,2026-08-10
c28e505095b5df0f,10 Feb -01,boe_bank_rate_events,"https://www.bankofengland.co.uk/boeapps/database/_iadb-fromshowcolumns.asp?csv.x=yes&Datefrom=01/Jan/2015&Dateto=now&SeriesCodes=IUDBEDR,IUMBV34,IUMBV37,IUMBV42,IUMBV45,IUM2WTL,IUM5WTL,IUMTLMV&UsingCodes=Y&VPD=Y&VFD=N","https://www.bankofengland.co.uk/boeapps/database/_iadb-fromshowcolumns.asp?csv.x=yes&Datefrom=01/Jan/2015&Dateto=now&SeriesCodes=IUDBEDR,IUMBV34,IUMBV37,IUMBV42,IUMBV45,IUM2WTL,IUM5WTL,IUMTLMV&UsingCodes=Y&VPD=Y&VFD=N",Bank Rate changed to 3.75%,BoE Bank Rate moved from 4.0% to 3.75%,rates;monetary_policy;politics_macro,2026-08-10
14e63e6370c4bdc3,10 Dec -01,boe_bank_rate_events,"https://www.bankofengland.co.uk/boeapps/database/_iadb-fromshowcolumns.asp?csv.x=yes&Datefrom=01/Jan/2015&Dateto=now&SeriesCodes=IUDBEDR,IUMBV34,IUMBV37,IUMBV42,IUMBV45,IUM2WTL,IUM5WTL,IUMTLMV&UsingCodes=Y&VPD=Y&VFD=N","https://www.bankofengland.co.uk/boeapps/database/_iadb-fromshowcolumns.asp?csv.x=yes&Datefrom=01/Jan/2015&Dateto=now&SeriesCodes=IUDBEDR,IUMBV34,IUMBV37,IUMBV42,IUMBV45,IUM2WTL,IUM5WTL,IUMTLMV&UsingCodes=Y&VPD=Y&VFD=N",Bank Rate changed to 4.0%,BoE Bank Rate moved from 5.25% to 4.0%,rates;monetary_policy;politics_macro,2026-08-10
350090f2a820251f,10 Aug -01,boe_bank_rate_events,"https://www.bankofengland.co.uk/boeapps/database/_iadb-fromshowcolumns.asp?csv.x=yes&Datefrom=01/Jan/2015&Dateto=now&SeriesCodes=IUDBEDR,IUMBV34,IUMBV37,IUMBV42,IUMBV45,IUM2WTL,IUM5WTL,IUMTLMV&UsingCodes=Y&VPD=Y&VFD=N","https://www.bankofengland.co.uk/boeapps/database/_iadb-fromshowcolumns.asp?csv.x=yes&Datefrom=01/Jan/2015&Dateto=now&SeriesCodes=IUDBEDR,IUMBV34,IUMBV37,IUMBV42,IUMBV45,IUM2WTL,IUM5WTL,IUMTLMV&UsingCodes=Y&VPD=Y&VFD=N",Bank Rate changed to 5.25%,BoE Bank Rate moved from 3.75% to 5.25%,rates;monetary_policy;politics_macro,2026-08-10
768c19b850af3312,10 Apr -01,boe_bank_rate_events,"https://www.bankofengland.co.uk/boeapps/database/_iadb-fromshowcolumns.asp?csv.x=yes&Datefrom=01/Jan/2015&Dateto=now&SeriesCodes=IUDBEDR,IUMBV34,IUMBV37,IUMBV42,IUMBV45,IUM2WTL,IUM5WTL,IUMTLMV&UsingCodes=Y&VPD=Y&VFD=N","https://www.bankofengland.co.uk/boeapps/database/_iadb-fromshowcolumns.asp?csv.x=yes&Datefrom=01/Jan/2015&Dateto=now&SeriesCodes=IUDBEDR,IUMBV34,IUMBV37,IUMBV42,IUMBV45,IUM2WTL,IUM5WTL,IUMTLMV&UsingCodes=Y&VPD=Y&VFD=N",Bank Rate changed to 3.75%,BoE Bank Rate moved from 4.0% to 3.75%,rates;monetary_policy;politics_macro,2026-08-10
55afe1632201eabb,09 Oct -01,boe_bank_rate_events,"https://www.bankofengland.co.uk/boeapps/database/_iadb-fromshowcolumns.asp?csv.x=yes&Datefrom=01/Jan/2015&Dateto=now&SeriesCodes=IUDBEDR,IUMBV34,IUMBV37,IUMBV42,IUMBV45,IUM2WTL,IUM5WTL,IUMTLMV&UsingCodes=Y&VPD=Y&VFD=N","https://www.bankofengland.co.uk/boeapps/database/_iadb-fromshowcolumns.asp?csv.x=yes&Datefrom=01/Jan/2015&Dateto=now&SeriesCodes=IUDBEDR,IUMBV34,IUMBV37,IUMBV42,IUMBV45,IUM2WTL,IUM5WTL,IUMTLMV&UsingCodes=Y&VPD=Y&VFD=N",Bank Rate changed to 4.0%,BoE Bank Rate moved from 5.25% to 4.0%,rates;monetary_policy;politics_macro,2026-08-10
8893917b33d618fd,09 Nov -01,boe_bank_rate_events,"https://www.bankofengland.co.uk/boeapps/database/_iadb-fromshowcolumns.asp?csv.x=yes&Datefrom=01/Jan/2015&Dateto=now&SeriesCodes=IUDBEDR,IUMBV34,IUMBV37,IUMBV42,IUMBV45,IUM2WTL,IUM5WTL,IUMTLMV&UsingCodes=Y&VPD=Y&VFD=N","https://www.bankofengland.co.uk/boeapps/database/_iadb-fromshowcolumns.asp?csv.x=yes&Datefrom=01/Jan/2015&Dateto=now&SeriesCodes=IUDBEDR,IUMBV34,IUMBV37,IUMBV42,IUMBV45,IUM2WTL,IUM5WTL,IUMTLMV&UsingCodes=Y&VPD=Y&VFD=N",Bank Rate changed to 5.25%,BoE Bank Rate moved from 4.25% to 5.25%,rates;monetary_policy;politics_macro,2026-08-10
6a6059a6fefc13fe,09 May -01,boe_bank_rate_events,"https://www.bankofengland.co.uk/boeapps/database/_iadb-fromshowcolumns.asp?csv.x=yes&Datefrom=01/Jan/2015&Dateto=now&SeriesCodes=IUDBEDR,IUMBV34,IUMBV37,IUMBV42,IUMBV45,IUM2WTL,IUM5WTL,IUMTLMV&UsingCodes=Y&VPD=Y&VFD=N","https://www.bankofengland.co.uk/boeapps/database/_iadb-fromshowcolumns.asp?csv.x=yes&Datefrom=01/Jan/2015&Dateto=now&SeriesCodes=IUDBEDR,IUMBV34,IUMBV37,IUMBV42,IUMBV45,IUM2WTL,IUM5WTL,IUMTLMV&UsingCodes=Y&VPD=Y&VFD=N",Bank Rate changed to 4.25%,BoE Bank Rate moved from 3.75% to 4.25%,rates;monetary_policy;politics_macro,2026-08-10
4d5f1a3da18d2604,09 Feb -01,boe_bank_rate_events,"https://www.bankofengland.co.uk/boeapps/database/_iadb-fromshowcolumns.asp?csv.x=yes&Datefrom=01/Jan/2015&Dateto=now&SeriesCodes=IUDBEDR,IUMBV34,IUMBV37,IUMBV42,IUMBV45,IUM2WTL,IUM5WTL,IUMTLMV&UsingCodes=Y&VPD=Y&VFD=N","https://www.bankofengland.co.uk/boeapps/database/_iadb-fromshowcolumns.asp?csv.x=yes&Datefrom=01/Jan/2015&Dateto=now&SeriesCodes=IUDBEDR,IUMBV34,IUMBV37,IUMBV42,IUMBV45,IUM2WTL,IUM5WTL,IUMTLMV&UsingCodes=Y&VPD=Y&VFD=N",Bank Rate changed to 3.75%,BoE Bank Rate moved from 4.0% to 3.75%,rates;monetary_policy;politics_macro,2026-08-10
2ef116e2e8c8030d,09 Dec -01,boe_bank_rate_events,"https://www.bankofengland.co.uk/boeapps/database/_iadb-fromshowcolumns.asp?csv.x=yes&Datefrom=01/Jan/2015&Dateto=now&SeriesCodes=IUDBEDR,IUMBV34,IUMBV37,IUMBV42,IUMBV45,IUM2WTL,IUM5WTL,IUMTLMV&UsingCodes=Y&VPD=Y&VFD=N","https://www.bankofengland.co.uk/boeapps/database/_iadb-fromshowcolumns.asp?csv.x=yes&Datefrom=01/Jan/2015&Dateto=now&SeriesCodes=IUDBEDR,IUMBV34,IUMBV37,IUMBV42,IUMBV45,IUM2WTL,IUM5WTL,IUMTLMV&UsingCodes=Y&VPD=Y&VFD=N",Bank Rate changed to 4.0%,BoE Bank Rate moved from 5.0% to 4.0%,rates;monetary_policy;politics_macro,2026-08-10
150b09445b1a0880,09 Aug -01,boe_bank_rate_events,"https://www.bankofengland.co.uk/boeapps/database/_iadb-fromshowcolumns.asp?csv.x=yes&Datefrom=01/Jan/2015&Dateto=now&SeriesCodes=IUDBEDR,IUMBV34,IUMBV37,IUMBV42,IUMBV45,IUM2WTL,IUM5WTL,IUMTLMV&UsingCodes=Y&VPD=Y&VFD=N","https://www.bankofengland.co.uk/boeapps/database/_iadb-fromshowcolumns.asp?csv.x=yes&Datefrom=01/Jan/2015&Dateto=now&SeriesCodes=IUDBEDR,IUMBV34,IUMBV37,IUMBV42,IUMBV45,IUM2WTL,IUM5WTL,IUMTLMV&UsingCodes=Y&VPD=Y&VFD=N",Bank Rate changed to 5.0%,BoE Bank Rate moved from 3.75% to 5.0%,rates;monetary_policy;politics_macro,2026-08-10
5e495c0c1efd8deb,09 Apr -01,boe_bank_rate_events,"https://www.bankofengland.co.uk/boeapps/database/_iadb-fromshowcolumns.asp?csv.x=yes&Datefrom=01/Jan/2015&Dateto=now&SeriesCodes=IUDBEDR,IUMBV34,IUMBV37,IUMBV42,IUMBV45,IUM2WTL,IUM5WTL,IUMTLMV&UsingCodes=Y&VPD=Y&VFD=N","https://www.bankofengland.co.uk/boeapps/database/_iadb-fromshowcolumns.asp?csv.x=yes&Datefrom=01/Jan/2015&Dateto=now&SeriesCodes=IUDBEDR,IUMBV34,IUMBV37,IUMBV42,IUMBV45,IUM2WTL,IUM5WTL,IUMTLMV&UsingCodes=Y&VPD=Y&VFD=N",Bank Rate changed to 3.75%,BoE Bank Rate moved from 4.0% to 3.75%,rates;monetary_policy;politics_macro,2026-08-10
0efda5bd18ee8f7a,08 Oct -01,boe_bank_rate_events,"https://www.bankofengland.co.uk/boeapps/database/_iadb-fromshowcolumns.asp?csv.x=yes&Datefrom=01/Jan/2015&Dateto=now&SeriesCodes=IUDBEDR,IUMBV34,IUMBV37,IUMBV42,IUMBV45,IUM2WTL,IUM5WTL,IUMTLMV&UsingCodes=Y&VPD=Y&VFD=N","https://www.bankofengland.co.uk/boeapps/database/_iadb-fromshowcolumns.asp?csv.x=yes&Datefrom=01/Jan/2015&Dateto=now&SeriesCodes=IUDBEDR,IUMBV34,IUMBV37,IUMBV42,IUMBV45,IUM2WTL,IUM5WTL,IUMTLMV&UsingCodes=Y&VPD=Y&VFD=N",Bank Rate changed to 4.0%,BoE Bank Rate moved from 4.75% to 4.0%,rates;monetary_policy;politics_macro,2026-08-10
67e4d02129257905,08 Nov -01,boe_bank_rate_events,"https://www.bankofengland.co.uk/boeapps/database/_iadb-fromshowcolumns.asp?csv.x=yes&Datefrom=01/Jan/2015&Dateto=now&SeriesCodes=IUDBEDR,IUMBV34,IUMBV37,IUMBV42,IUMBV45,IUM2WTL,IUM5WTL,IUMTLMV&UsingCodes=Y&VPD=Y&VFD=N","https://www.bankofengland.co.uk/boeapps/database/_iadb-fromshowcolumns.asp?csv.x=yes&Datefrom=01/Jan/2015&Dateto=now&SeriesCodes=IUDBEDR,IUMBV34,IUMBV37,IUMBV42,IUMBV45,IUM2WTL,IUM5WTL,IUMTLMV&UsingCodes=Y&VPD=Y&VFD=N",Bank Rate changed to 4.75%,BoE Bank Rate moved from 3.75% to 4.75%,rates;monetary_policy;politics_macro,2026-08-10
fe1513b88bb52d99,08 May -01,boe_bank_rate_events,"https://www.bankofengland.co.uk/boeapps/database/_iadb-fromshowcolumns.asp?csv.x=yes&Datefrom=01/Jan/2015&Dateto=now&SeriesCodes=IUDBEDR,IUMBV34,IUMBV37,IUMBV42,IUMBV45,IUM2WTL,IUM5WTL,IUMTLMV&UsingCodes=Y&VPD=Y&VFD=N","https://www.bankofengland.co.uk/boeapps/database/_iadb-fromshowcolumns.asp?csv.x=yes&Datefrom=01/Jan/2015&Dateto=now&SeriesCodes=IUDBEDR,IUMBV34,IUMBV37,IUMBV42,IUMBV45,IUM2WTL,IUM5WTL,IUMTLMV&UsingCodes=Y&VPD=Y&VFD=N",Bank Rate changed to 3.75%,BoE Bank Rate moved from 5.25% to 3.75%,rates;monetary_policy;politics_macro,2026-08-10
5ec7d97a19c1cd5e,08 Mar -01,boe_bank_rate_events,"https://www.bankofengland.co.uk/boeapps/database/_iadb-fromshowcolumns.asp?csv.x=yes&Datefrom=01/Jan/2015&Dateto=now&SeriesCodes=IUDBEDR,IUMBV34,IUMBV37,IUMBV42,IUMBV45,IUM2WTL,IUM5WTL,IUMTLMV&UsingCodes=Y&VPD=Y&VFD=N","https://www.bankofengland.co.uk/boeapps/database/_iadb-fromshowcolumns.asp?csv.x=yes&Datefrom=01/Jan/2015&Dateto=now&SeriesCodes=IUDBEDR,IUMBV34,IUMBV37,IUMBV42,IUMBV45,IUM2WTL,IUM5WTL,IUMTLMV&UsingCodes=Y&VPD=Y&VFD=N",Bank Rate changed to 5.25%,BoE Bank Rate moved from 3.75% to 5.25%,rates;monetary_policy;politics_macro,2026-08-10
a68f3da5613b112a,08 Jan -01,boe_bank_rate_events,"https://www.bankofengland.co.uk/boeapps/database/_iadb-fromshowcolumns.asp?csv.x=yes&Datefrom=01/Jan/2015&Dateto=now&SeriesCodes=IUDBEDR,IUMBV34,IUMBV37,IUMBV42,IUMBV45,IUM2WTL,IUM5WTL,IUMTLMV&UsingCodes=Y&VPD=Y&VFD=N","https://www.bankofengland.co.uk/boeapps/database/_iadb-fromshowcolumns.asp?csv.x=yes&Datefrom=01/Jan/2015&Dateto=now&SeriesCodes=IUDBEDR,IUMBV34,IUMBV37,IUMBV42,IUMBV45,IUM2WTL,IUM5WTL,IUMTLMV&UsingCodes=Y&VPD=Y&VFD=N",Bank Rate changed to 3.75%,BoE Bank Rate moved from 5.25% to 3.75%,rates;monetary_policy;politics_macro,2026-08-10
e296d93574234768,08 Feb -01,boe_bank_rate_events,"https://www.bankofengland.co.uk/boeapps/database/_iadb-fromshowcolumns.asp?csv.x=yes&Datefrom=01/Jan/2015&Dateto=now&SeriesCodes=IUDBEDR,IUMBV34,IUMBV37,IUMBV42,IUMBV45,IUM2WTL,IUM5WTL,IUMTLMV&UsingCodes=Y&VPD=Y&VFD=N","https://www.bankofengland.co.uk/boeapps/database/_iadb-fromshowcolumns.asp?csv.x=yes&Datefrom=01/Jan/2015&Dateto=now&SeriesCodes=IUDBEDR,IUMBV34,IUMBV37,IUMBV42,IUMBV45,IUM2WTL,IUM5WTL,IUMTLMV&UsingCodes=Y&VPD=Y&VFD=N",Bank Rate changed to 5.25%,BoE Bank Rate moved from 4.0% to 5.25%,rates;monetary_policy;politics_macro,2026-08-10
6b2f39ef5dc11ed9,08 Aug -01,boe_bank_rate_events,"https://www.bankofengland.co.uk/boeapps/database/_iadb-fromshowcolumns.asp?csv.x=yes&Datefrom=01/Jan/2015&Dateto=now&SeriesCodes=IUDBEDR,IUMBV34,IUMBV37,IUMBV42,IUMBV45,IUM2WTL,IUM5WTL,IUMTLMV&UsingCodes=Y&VPD=Y&VFD=N","https://www.bankofengland.co.uk/boeapps/database/_iadb-fromshowcolumns.asp?csv.x=yes&Datefrom=01/Jan/2015&Dateto=now&SeriesCodes=IUDBEDR,IUMBV34,IUMBV37,IUMBV42,IUMBV45,IUM2WTL,IUM5WTL,IUMTLMV&UsingCodes=Y&VPD=Y&VFD=N",Bank Rate changed to 4.0%,BoE Bank Rate moved from 3.75% to 4.0%,rates;monetary_policy;politics_macro,2026-08-10
7393c06695cd2255,08 Apr -01,boe_bank_rate_events,"https://www.bankofengland.co.uk/boeapps/database/_iadb-fromshowcolumns.asp?csv.x=yes&Datefrom=01/Jan/2015&Dateto=now&SeriesCodes=IUDBEDR,IUMBV34,IUMBV37,IUMBV42,IUMBV45,IUM2WTL,IUM5WTL,IUMTLMV&UsingCodes=Y&VPD=Y&VFD=N","https://www.bankofengland.co.uk/boeapps/database/_iadb-fromshowcolumns.asp?csv.x=yes&Datefrom=01/Jan/2015&Dateto=now&SeriesCodes=IUDBEDR,IUMBV34,IUMBV37,IUMBV42,IUMBV45,IUM2WTL,IUM5WTL,IUMTLMV&UsingCodes=Y&VPD=Y&VFD=N",Bank Rate changed to 3.75%,BoE Bank Rate moved from 5.25% to 3.75%,rates;monetary_policy;politics_macro,2026-08-10
22833b2a31b381db,07 Sep -01,boe_bank_rate_events,"https://www.bankofengland.co.uk/boeapps/database/_iadb-fromshowcolumns.asp?csv.x=yes&Datefrom=01/Jan/2015&Dateto=now&SeriesCodes=IUDBEDR,IUMBV34,IUMBV37,IUMBV42,IUMBV45,IUM2WTL,IUM5WTL,IUMTLMV&UsingCodes=Y&VPD=Y&VFD=N","https://www.bankofengland.co.uk/boeapps/database/_iadb-fromshowcolumns.asp?csv.x=yes&Datefrom=01/Jan/2015&Dateto=now&SeriesCodes=IUDBEDR,IUMBV34,IUMBV37,IUMBV42,IUMBV45,IUM2WTL,IUM5WTL,IUMTLMV&UsingCodes=Y&VPD=Y&VFD=N",Bank Rate changed to 5.25%,BoE Bank Rate moved from 4.0% to 5.25%,rates;monetary_policy;politics_macro,2026-08-10
3d04119448266028,07 Nov -01,boe_bank_rate_events,"https://www.bankofengland.co.uk/boeapps/database/_iadb-fromshowcolumns.asp?csv.x=yes&Datefrom=01/Jan/2015&Dateto=now&SeriesCodes=IUDBEDR,IUMBV34,IUMBV37,IUMBV42,IUMBV45,IUM2WTL,IUM5WTL,IUMTLMV&UsingCodes=Y&VPD=Y&VFD=N","https://www.bankofengland.co.uk/boeapps/database/_iadb-fromshowcolumns.asp?csv.x=yes&Datefrom=01/Jan/2015&Dateto=now&SeriesCodes=IUDBEDR,IUMBV34,IUMBV37,IUMBV42,IUMBV45,IUM2WTL,IUM5WTL,IUMTLMV&UsingCodes=Y&VPD=Y&VFD=N",Bank Rate changed to 4.0%,BoE Bank Rate moved from 3.75% to 4.0%,rates;monetary_policy;politics_macro,2026-08-10
4d06ea183907f446,07 May -01,boe_bank_rate_events,"https://www.bankofengland.co.uk/boeapps/database/_iadb-fromshowcolumns.asp?csv.x=yes&Datefrom=01/Jan/2015&Dateto=now&SeriesCodes=IUDBEDR,IUMBV34,IUMBV37,IUMBV42,IUMBV45,IUM2WTL,IUM5WTL,IUMTLMV&UsingCodes=Y&VPD=Y&VFD=N","https://www.bankofengland.co.uk/boeapps/database/_iadb-fromshowcolumns.asp?csv.x=yes&Datefrom=01/Jan/2015&Dateto=now&SeriesCodes=IUDBEDR,IUMBV34,IUMBV37,IUMBV42,IUMBV45,IUM2WTL,IUM5WTL,IUMTLMV&UsingCodes=Y&VPD=Y&VFD=N",Bank Rate changed to 3.75%,BoE Bank Rate moved from 4.5% to 3.75%,rates;monetary_policy;politics_macro,2026-08-10
0f09fda3b93c0eaf,07 Mar -01,boe_bank_rate_events,"https://www.bankofengland.co.uk/boeapps/database/_iadb-fromshowcolumns.asp?csv.x=yes&Datefrom=01/Jan/2015&Dateto=now&SeriesCodes=IUDBEDR,IUMBV34,IUMBV37,IUMBV42,IUMBV45,IUM2WTL,IUM5WTL,IUMTLMV&UsingCodes=Y&VPD=Y&VFD=N","https://www.bankofengland.co.uk/boeapps/database/_iadb-fromshowcolumns.asp?csv.x=yes&Datefrom=01/Jan/2015&Dateto=now&SeriesCodes=IUDBEDR,IUMBV34,IUMBV37,IUMBV42,IUMBV45,IUM2WTL,IUM5WTL,IUMTLMV&UsingCodes=Y&VPD=Y&VFD=N",Bank Rate changed to 4.5%,BoE Bank Rate moved from 5.25% to 4.5%,rates;monetary_policy;politics_macro,2026-08-10
c7ca09111685f1d2,07 Jun -01,boe_bank_rate_events,"https://www.bankofengland.co.uk/boeapps/database/_iadb-fromshowcolumns.asp?csv.x=yes&Datefrom=01/Jan/2015&Dateto=now&SeriesCodes=IUDBEDR,IUMBV34,IUMBV37,IUMBV42,IUMBV45,IUM2WTL,IUM5WTL,IUMTLMV&UsingCodes=Y&VPD=Y&VFD=N","https://www.bankofengland.co.uk/boeapps/database/_iadb-fromshowcolumns.asp?csv.x=yes&Datefrom=01/Jan/2015&Dateto=now&SeriesCodes=IUDBEDR,IUMBV34,IUMBV37,IUMBV42,IUMBV45,IUM2WTL,IUM5WTL,IUMTLMV&UsingCodes=Y&VPD=Y&VFD=N",Bank Rate changed to 5.25%,BoE Bank Rate moved from 3.75% to 5.25%,rates;monetary_policy;politics_macro,2026-08-10
b759eed7b694d92c,07 Jan -01,boe_bank_rate_events,"https://www.bankofengland.co.uk/boeapps/database/_iadb-fromshowcolumns.asp?csv.x=yes&Datefrom=01/Jan/2015&Dateto=now&SeriesCodes=IUDBEDR,IUMBV34,IUMBV37,IUMBV42,IUMBV45,IUM2WTL,IUM5WTL,IUMTLMV&UsingCodes=Y&VPD=Y&VFD=N","https://www.bankofengland.co.uk/boeapps/database/_iadb-fromshowcolumns.asp?csv.x=yes&Datefrom=01/Jan/2015&Dateto=now&SeriesCodes=IUDBEDR,IUMBV34,IUMBV37,IUMBV42,IUMBV45,IUM2WTL,IUM5WTL,IUMTLMV&UsingCodes=Y&VPD=Y&VFD=N",Bank Rate changed to 3.75%,BoE Bank Rate moved from 4.5% to 3.75%,rates;monetary_policy;politics_macro,2026-08-10
be6f901a8547ff16,07 Feb -01,boe_bank_rate_events,"https://www.bankofengland.co.uk/boeapps/database/_iadb-fromshowcolumns.asp?csv.x=yes&Datefrom=01/Jan/2015&Dateto=now&SeriesCodes=IUDBEDR,IUMBV34,IUMBV37,IUMBV42,IUMBV45,IUM2WTL,IUM5WTL,IUMTLMV&UsingCodes=Y&VPD=Y&VFD=N","https://www.bankofengland.co.uk/boeapps/database/_iadb-fromshowcolumns.asp?csv.x=yes&Datefrom=01/Jan/2015&Dateto=now&SeriesCodes=IUDBEDR,IUMBV34,IUMBV37,IUMBV42,IUMBV45,IUM2WTL,IUM5WTL,IUMTLMV&UsingCodes=Y&VPD=Y&VFD=N",Bank Rate changed to 4.5%,BoE Bank Rate moved from 5.25% to 4.5%,rates;monetary_policy;politics_macro,2026-08-10
e3e3409a264cc3c7,07 Dec -01,boe_bank_rate_events,"https://www.bankofengland.co.uk/boeapps/database/_iadb-fromshowcolumns.asp?csv.x=yes&Datefrom=01/Jan/2015&Dateto=now&SeriesCodes=IUDBEDR,IUMBV34,IUMBV37,IUMBV42,IUMBV45,IUM2WTL,IUM5WTL,IUMTLMV&UsingCodes=Y&VPD=Y&VFD=N","https://www.bankofengland.co.uk/boeapps/database/_iadb-fromshowcolumns.asp?csv.x=yes&Datefrom=01/Jan/2015&Dateto=now&SeriesCodes=IUDBEDR,IUMBV34,IUMBV37,IUMBV42,IUMBV45,IUM2WTL,IUM5WTL,IUMTLMV&UsingCodes=Y&VPD=Y&VFD=N",Bank Rate changed to 5.25%,BoE Bank Rate moved from 4.0% to 5.25%,rates;monetary_policy;politics_macro,2026-08-10
c05224cd0ff9254c,07 Aug -01,boe_bank_rate_events,"https://www.bankofengland.co.uk/boeapps/database/_iadb-fromshowcolumns.asp?csv.x=yes&Datefrom=01/Jan/2015&Dateto=now&SeriesCodes=IUDBEDR,IUMBV34,IUMBV37,IUMBV42,IUMBV45,IUM2WTL,IUM5WTL,IUMTLMV&UsingCodes=Y&VPD=Y&VFD=N","https://www.bankofengland.co.uk/boeapps/database/_iadb-fromshowcolumns.asp?csv.x=yes&Datefrom=01/Jan/2015&Dateto=now&SeriesCodes=IUDBEDR,IUMBV34,IUMBV37,IUMBV42,IUMBV45,IUM2WTL,IUM5WTL,IUMTLMV&UsingCodes=Y&VPD=Y&VFD=N",Bank Rate changed to 4.0%,BoE Bank Rate moved from 3.75% to 4.0%,rates;monetary_policy;politics_macro,2026-08-10
97d921a3228f4818,07 Apr -01,boe_bank_rate_events,"https://www.bankofengland.co.uk/boeapps/database/_iadb-fromshowcolumns.asp?csv.x=yes&Datefrom=01/Jan/2015&Dateto=now&SeriesCodes=IUDBEDR,IUMBV34,IUMBV37,IUMBV42,IUMBV45,IUM2WTL,IUM5WTL,IUMTLMV&UsingCodes=Y&VPD=Y&VFD=N","https://www.bankofengland.co.uk/boeapps/database/_iadb-fromshowcolumns.asp?csv.x=yes&Datefrom=01/Jan/2015&Dateto=now&SeriesCodes=IUDBEDR,IUMBV34,IUMBV37,IUMBV42,IUMBV45,IUM2WTL,IUM5WTL,IUMTLMV&UsingCodes=Y&VPD=Y&VFD=N",Bank Rate changed to 3.75%,BoE Bank Rate moved from 5.0% to 3.75%,rates;monetary_policy;politics_macro,2026-08-10
bbd9bfc32fdace22,06 Sep -01,boe_bank_rate_events,"https://www.bankofengland.co.uk/boeapps/database/_iadb-fromshowcolumns.asp?csv.x=yes&Datefrom=01/Jan/2015&Dateto=now&SeriesCodes=IUDBEDR,IUMBV34,IUMBV37,IUMBV42,IUMBV45,IUM2WTL,IUM5WTL,IUMTLMV&UsingCodes=Y&VPD=Y&VFD=N","https://www.bankofengland.co.uk/boeapps/database/_iadb-fromshowcolumns.asp?csv.x=yes&Datefrom=01/Jan/2015&Dateto=now&SeriesCodes=IUDBEDR,IUMBV34,IUMBV37,IUMBV42,IUMBV45,IUM2WTL,IUM5WTL,IUMTLMV&UsingCodes=Y&VPD=Y&VFD=N",Bank Rate changed to 5.0%,BoE Bank Rate moved from 4.0% to 5.0%,rates;monetary_policy;politics_macro,2026-08-10
fe8cde32481ca44b,06 Nov -01,boe_bank_rate_events,"https://www.bankofengland.co.uk/boeapps/database/_iadb-fromshowcolumns.asp?csv.x=yes&Datefrom=01/Jan/2015&Dateto=now&SeriesCodes=IUDBEDR,IUMBV34,IUMBV37,IUMBV42,IUMBV45,IUM2WTL,IUM5WTL,IUMTLMV&UsingCodes=Y&VPD=Y&VFD=N","https://www.bankofengland.co.uk/boeapps/database/_iadb-fromshowcolumns.asp?csv.x=yes&Datefrom=01/Jan/2015&Dateto=now&SeriesCodes=IUDBEDR,IUMBV34,IUMBV37,IUMBV42,IUMBV45,IUM2WTL,IUM5WTL,IUMTLMV&UsingCodes=Y&VPD=Y&VFD=N",Bank Rate changed to 4.0%,BoE Bank Rate moved from 3.75% to 4.0%,rates;monetary_policy;politics_macro,2026-08-10
abdea37f29947043,06 Mar -01,boe_bank_rate_events,"https://www.bankofengland.co.uk/boeapps/database/_iadb-fromshowcolumns.asp?csv.x=yes&Datefrom=01/Jan/2015&Dateto=now&SeriesCodes=IUDBEDR,IUMBV34,IUMBV37,IUMBV42,IUMBV45,IUM2WTL,IUM5WTL,IUMTLMV&UsingCodes=Y&VPD=Y&VFD=N","https://www.bankofengland.co.uk/boeapps/database/_iadb-fromshowcolumns.asp?csv.x=yes&Datefrom=01/Jan/2015&Dateto=now&SeriesCodes=IUDBEDR,IUMBV34,IUMBV37,IUMBV42,IUMBV45,IUM2WTL,IUM5WTL,IUMTLMV&UsingCodes=Y&VPD=Y&VFD=N",Bank Rate changed to 3.75%,BoE Bank Rate moved from 4.25% to 3.75%,rates;monetary_policy;politics_macro,2026-08-10
4c0625c6834b2230,06 Jun -01,boe_bank_rate_events,"https://www.bankofengland.co.uk/boeapps/database/_iadb-fromshowcolumns.asp?csv.x=yes&Datefrom=01/Jan/2015&Dateto=now&SeriesCodes=IUDBEDR,IUMBV34,IUMBV37,IUMBV42,IUMBV45,IUM2WTL,IUM5WTL,IUMTLMV&UsingCodes=Y&VPD=Y&VFD=N","https://www.bankofengland.co.uk/boeapps/database/_iadb-fromshowcolumns.asp?csv.x=yes&Datefrom=01/Jan/2015&Dateto=now&SeriesCodes=IUDBEDR,IUMBV34,IUMBV37,IUMBV42,IUMBV45,IUM2WTL,IUM5WTL,IUMTLMV&UsingCodes=Y&VPD=Y&VFD=N",Bank Rate changed to 4.25%,BoE Bank Rate moved from 3.75% to 4.25%,rates;monetary_policy;politics_macro,2026-08-10
06f007981a698605,06 Feb -01,boe_bank_rate_events,"https://www.bankofengland.co.uk/boeapps/database/_iadb-fromshowcolumns.asp?csv.x=yes&Datefrom=01/Jan/2015&Dateto=now&SeriesCodes=IUDBEDR,IUMBV34,IUMBV37,IUMBV42,IUMBV45,IUM2WTL,IUM5WTL,IUMTLMV&UsingCodes=Y&VPD=Y&VFD=N","https://www.bankofengland.co.uk/boeapps/database/_iadb-fromshowcolumns.asp?csv.x=yes&Datefrom=01/Jan/2015&Dateto=now&SeriesCodes=IUDBEDR,IUMBV34,IUMBV37,IUMBV42,IUMBV45,IUM2WTL,IUM5WTL,IUMTLMV&UsingCodes=Y&VPD=Y&VFD=N",Bank Rate changed to 3.75%,BoE Bank Rate moved from 4.75% to 3.75%,rates;monetary_policy;politics_macro,2026-08-10
394bc7533e3b5eb7,06 Dec -01,boe_bank_rate_events,"https://www.bankofengland.co.uk/boeapps/database/_iadb-fromshowcolumns.asp?csv.x=yes&Datefrom=01/Jan/2015&Dateto=now&SeriesCodes=IUDBEDR,IUMBV34,IUMBV37,IUMBV42,IUMBV45,IUM2WTL,IUM5WTL,IUMTLMV&UsingCodes=Y&VPD=Y&VFD=N","https://www.bankofengland.co.uk/boeapps/database/_iadb-fromshowcolumns.asp?csv.x=yes&Datefrom=01/Jan/2015&Dateto=now&SeriesCodes=IUDBEDR,IUMBV34,IUMBV37,IUMBV42,IUMBV45,IUM2WTL,IUM5WTL,IUMTLMV&UsingCodes=Y&VPD=Y&VFD=N",Bank Rate changed to 4.75%,BoE Bank Rate moved from 3.75% to 4.75%,rates;monetary_policy;politics_macro,2026-08-10
a5ffb328e7e1f0cf,06 Aug -01,boe_bank_rate_events,"https://www.bankofengland.co.uk/boeapps/database/_iadb-fromshowcolumns.asp?csv.x=yes&Datefrom=01/Jan/2015&Dateto=now&SeriesCodes=IUDBEDR,IUMBV34,IUMBV37,IUMBV42,IUMBV45,IUM2WTL,IUM5WTL,IUMTLMV&UsingCodes=Y&VPD=Y&VFD=N","https://www.bankofengland.co.uk/boeapps/database/_iadb-fromshowcolumns.asp?csv.x=yes&Datefrom=01/Jan/2015&Dateto=now&SeriesCodes=IUDBEDR,IUMBV34,IUMBV37,IUMBV42,IUMBV45,IUM2WTL,IUM5WTL,IUMTLMV&UsingCodes=Y&VPD=Y&VFD=N",Bank Rate changed to 3.75%,BoE Bank Rate moved from 4.25% to 3.75%,rates;monetary_policy;politics_macro,2026-08-10
ce394c59da12c9f2,06 Apr -01,boe_bank_rate_events,"https://www.bankofengland.co.uk/boeapps/database/_iadb-fromshowcolumns.asp?csv.x=yes&Datefrom=01/Jan/2015&Dateto=now&SeriesCodes=IUDBEDR,IUMBV34,IUMBV37,IUMBV42,IUMBV45,IUM2WTL,IUM5WTL,IUMTLMV&UsingCodes=Y&VPD=Y&VFD=N","https://www.bankofengland.co.uk/boeapps/database/_iadb-fromshowcolumns.asp?csv.x=yes&Datefrom=01/Jan/2015&Dateto=now&SeriesCodes=IUDBEDR,IUMBV34,IUMBV37,IUMBV42,IUMBV45,IUM2WTL,IUM5WTL,IUMTLMV&UsingCodes=Y&VPD=Y&VFD=N",Bank Rate changed to 4.25%,BoE Bank Rate moved from 4.0% to 4.25%,rates;monetary_policy;politics_macro,2026-08-10
20bd369aed0db02f,05 Sep -01,boe_bank_rate_events,"https://www.bankofengland.co.uk/boeapps/database/_iadb-fromshowcolumns.asp?csv.x=yes&Datefrom=01/Jan/2015&Dateto=now&SeriesCodes=IUDBEDR,IUMBV34,IUMBV37,IUMBV42,IUMBV45,IUM2WTL,IUM5WTL,IUMTLMV&UsingCodes=Y&VPD=Y&VFD=N","https://www.bankofengland.co.uk/boeapps/database/_iadb-fromshowcolumns.asp?csv.x=yes&Datefrom=01/Jan/2015&Dateto=now&SeriesCodes=IUDBEDR,IUMBV34,IUMBV37,IUMBV42,IUMBV45,IUM2WTL,IUM5WTL,IUMTLMV&UsingCodes=Y&VPD=Y&VFD=N",Bank Rate changed to 4.0%,BoE Bank Rate moved from 5.25% to 4.0%,rates;monetary_policy;politics_macro,2026-08-10
13174a8b230dc2f9,05 Oct -01,boe_bank_rate_events,"https://www.bankofengland.co.uk/boeapps/database/_iadb-fromshowcolumns.asp?csv.x=yes&Datefrom=01/Jan/2015&Dateto=now&SeriesCodes=IUDBEDR,IUMBV34,IUMBV37,IUMBV42,IUMBV45,IUM2WTL,IUM5WTL,IUMTLMV&UsingCodes=Y&VPD=Y&VFD=N","https://www.bankofengland.co.uk/boeapps/database/_iadb-fromshowcolumns.asp?csv.x=yes&Datefrom=01/Jan/2015&Dateto=now&SeriesCodes=IUDBEDR,IUMBV34,IUMBV37,IUMBV42,IUMBV45,IUM2WTL,IUM5WTL,IUMTLMV&UsingCodes=Y&VPD=Y&VFD=N",Bank Rate changed to 5.25%,BoE Bank Rate moved from 4.0% to 5.25%,rates;monetary_policy;politics_macro,2026-08-10
14b374fae35bb654,05 Nov -01,boe_bank_rate_events,"https://www.bankofengland.co.uk/boeapps/database/_iadb-fromshowcolumns.asp?csv.x=yes&Datefrom=01/Jan/2015&Dateto=now&SeriesCodes=IUDBEDR,IUMBV34,IUMBV37,IUMBV42,IUMBV45,IUM2WTL,IUM5WTL,IUMTLMV&UsingCodes=Y&VPD=Y&VFD=N","https://www.bankofengland.co.uk/boeapps/database/_iadb-fromshowcolumns.asp?csv.x=yes&Datefrom=01/Jan/2015&Dateto=now&SeriesCodes=IUDBEDR,IUMBV34,IUMBV37,IUMBV42,IUMBV45,IUM2WTL,IUM5WTL,IUMTLMV&UsingCodes=Y&VPD=Y&VFD=N",Bank Rate changed to 4.0%,BoE Bank Rate moved from 3.75% to 4.0%,rates;monetary_policy;politics_macro,2026-08-10
d236816af841c9da,05 Jun -01,boe_bank_rate_events,"https://www.bankofengland.co.uk/boeapps/database/_iadb-fromshowcolumns.asp?csv.x=yes&Datefrom=01/Jan/2015&Dateto=now&SeriesCodes=IUDBEDR,IUMBV34,IUMBV37,IUMBV42,IUMBV45,IUM2WTL,IUM5WTL,IUMTLMV&UsingCodes=Y&VPD=Y&VFD=N","https://www.bankofengland.co.uk/boeapps/database/_iadb-fromshowcolumns.asp?csv.x=yes&Datefrom=01/Jan/2015&Dateto=now&SeriesCodes=IUDBEDR,IUMBV34,IUMBV37,IUMBV42,IUMBV45,IUM2WTL,IUM5WTL,IUMTLMV&UsingCodes=Y&VPD=Y&VFD=N",Bank Rate changed to 3.75%,BoE Bank Rate moved from 5.25% to 3.75%,rates;monetary_policy;politics_macro,2026-08-10
6aad541840d3c4d1,05 Jul -01,boe_bank_rate_events,"https://www.bankofengland.co.uk/boeapps/database/_iadb-fromshowcolumns.asp?csv.x=yes&Datefrom=01/Jan/2015&Dateto=now&SeriesCodes=IUDBEDR,IUMBV34,IUMBV37,IUMBV42,IUMBV45,IUM2WTL,IUM5WTL,IUMTLMV&UsingCodes=Y&VPD=Y&VFD=N","https://www.bankofengland.co.uk/boeapps/database/_iadb-fromshowcolumns.asp?csv.x=yes&Datefrom=01/Jan/2015&Dateto=now&SeriesCodes=IUDBEDR,IUMBV34,IUMBV37,IUMBV42,IUMBV45,IUM2WTL,IUM5WTL,IUMTLMV&UsingCodes=Y&VPD=Y&VFD=N",Bank Rate changed to 5.25%,BoE Bank Rate moved from 3.75% to 5.25%,rates;monetary_policy;politics_macro,2026-08-10
f11e313dca7d1649,05 Feb -01,boe_bank_rate_events,"https://www.bankofengland.co.uk/boeapps/database/_iadb-fromshowcolumns.asp?csv.x=yes&Datefrom=01/Jan/2015&Dateto=now&SeriesCodes=IUDBEDR,IUMBV34,IUMBV37,IUMBV42,IUMBV45,IUM2WTL,IUM5WTL,IUMTLMV&UsingCodes=Y&VPD=Y&VFD=N","https://www.bankofengland.co.uk/boeapps/database/_iadb-fromshowcolumns.asp?csv.x=yes&Datefrom=01/Jan/2015&Dateto=now&SeriesCodes=IUDBEDR,IUMBV34,IUMBV37,IUMBV42,IUMBV45,IUM2WTL,IUM5WTL,IUMTLMV&UsingCodes=Y&VPD=Y&VFD=N",Bank Rate changed to 3.75%,BoE Bank Rate moved from 4.0% to 3.75%,rates;monetary_policy;politics_macro,2026-08-10
f5f917efb3a889d2,05 Dec -01,boe_bank_rate_events,"https://www.bankofengland.co.uk/boeapps/database/_iadb-fromshowcolumns.asp?csv.x=yes&Datefrom=01/Jan/2015&Dateto=now&SeriesCodes=IUDBEDR,IUMBV34,IUMBV37,IUMBV42,IUMBV45,IUM2WTL,IUM5WTL,IUMTLMV&UsingCodes=Y&VPD=Y&VFD=N","https://www.bankofengland.co.uk/boeapps/database/_iadb-fromshowcolumns.asp?csv.x=yes&Datefrom=01/Jan/2015&Dateto=now&SeriesCodes=IUDBEDR,IUMBV34,IUMBV37,IUMBV42,IUMBV45,IUM2WTL,IUM5WTL,IUMTLMV&UsingCodes=Y&VPD=Y&VFD=N",Bank Rate changed to 4.0%,BoE Bank Rate moved from 3.75% to 4.0%,rates;monetary_policy;politics_macro,2026-08-10
0f806cf0d24640f9,05 Aug -01,boe_bank_rate_events,"https://www.bankofengland.co.uk/boeapps/database/_iadb-fromshowcolumns.asp?csv.x=yes&Datefrom=01/Jan/2015&Dateto=now&SeriesCodes=IUDBEDR,IUMBV34,IUMBV37,IUMBV42,IUMBV45,IUM2WTL,IUM5WTL,IUMTLMV&UsingCodes=Y&VPD=Y&VFD=N","https://www.bankofengland.co.uk/boeapps/database/_iadb-fromshowcolumns.asp?csv.x=yes&Datefrom=01/Jan/2015&Dateto=now&SeriesCodes=IUDBEDR,IUMBV34,IUMBV37,IUMBV42,IUMBV45,IUM2WTL,IUM5WTL,IUMTLMV&UsingCodes=Y&VPD=Y&VFD=N",Bank Rate changed to 3.75%,BoE Bank Rate moved from 5.25% to 3.75%,rates;monetary_policy;politics_macro,2026-08-10
c66e0f69eb7311e6,05 Apr -01,boe_bank_rate_events,"https://www.bankofengland.co.uk/boeapps/database/_iadb-fromshowcolumns.asp?csv.x=yes&Datefrom=01/Jan/2015&Dateto=now&SeriesCodes=IUDBEDR,IUMBV34,IUMBV37,IUMBV42,IUMBV45,IUM2WTL,IUM5WTL,IUMTLMV&UsingCodes=Y&VPD=Y&VFD=N","https://www.bankofengland.co.uk/boeapps/database/_iadb-fromshowcolumns.asp?csv.x=yes&Datefrom=01/Jan/2015&Dateto=now&SeriesCodes=IUDBEDR,IUMBV34,IUMBV37,IUMBV42,IUMBV45,IUM2WTL,IUM5WTL,IUMTLMV&UsingCodes=Y&VPD=Y&VFD=N",Bank Rate changed to 5.25%,BoE Bank Rate moved from 4.0% to 5.25%,rates;monetary_policy;politics_macro,2026-08-10
c241f3a58fa264e9,04 Sep -01,boe_bank_rate_events,"https://www.bankofengland.co.uk/boeapps/database/_iadb-fromshowcolumns.asp?csv.x=yes&Datefrom=01/Jan/2015&Dateto=now&SeriesCodes=IUDBEDR,IUMBV34,IUMBV37,IUMBV42,IUMBV45,IUM2WTL,IUM5WTL,IUMTLMV&UsingCodes=Y&VPD=Y&VFD=N","https://www.bankofengland.co.uk/boeapps/database/_iadb-fromshowcolumns.asp?csv.x=yes&Datefrom=01/Jan/2015&Dateto=now&SeriesCodes=IUDBEDR,IUMBV34,IUMBV37,IUMBV42,IUMBV45,IUM2WTL,IUM5WTL,IUMTLMV&UsingCodes=Y&VPD=Y&VFD=N",Bank Rate changed to 4.0%,BoE Bank Rate moved from 5.0% to 4.0%,rates;monetary_policy;politics_macro,2026-08-10
50388e516db3899e,04 Oct -01,boe_bank_rate_events,"https://www.bankofengland.co.uk/boeapps/database/_iadb-fromshowcolumns.asp?csv.x=yes&Datefrom=01/Jan/2015&Dateto=now&SeriesCodes=IUDBEDR,IUMBV34,IUMBV37,IUMBV42,IUMBV45,IUM2WTL,IUM5WTL,IUMTLMV&UsingCodes=Y&VPD=Y&VFD=N","https://www.bankofengland.co.uk/boeapps/database/_iadb-fromshowcolumns.asp?csv.x=yes&Datefrom=01/Jan/2015&Dateto=now&SeriesCodes=IUDBEDR,IUMBV34,IUMBV37,IUMBV42,IUMBV45,IUM2WTL,IUM5WTL,IUMTLMV&UsingCodes=Y&VPD=Y&VFD=N",Bank Rate changed to 5.0%,BoE Bank Rate moved from 4.0% to 5.0%,rates;monetary_policy;politics_macro,2026-08-10
4ff369c80b2b23e8,04 Nov -01,boe_bank_rate_events,"https://www.bankofengland.co.uk/boeapps/database/_iadb-fromshowcolumns.asp?csv.x=yes&Datefrom=01/Jan/2015&Dateto=now&SeriesCodes=IUDBEDR,IUMBV34,IUMBV37,IUMBV42,IUMBV45,IUM2WTL,IUM5WTL,IUMTLMV&UsingCodes=Y&VPD=Y&VFD=N","https://www.bankofengland.co.uk/boeapps/database/_iadb-fromshowcolumns.asp?csv.x=yes&Datefrom=01/Jan/2015&Dateto=now&SeriesCodes=IUDBEDR,IUMBV34,IUMBV37,IUMBV42,IUMBV45,IUM2WTL,IUM5WTL,IUMTLMV&UsingCodes=Y&VPD=Y&VFD=N",Bank Rate changed to 4.0%,BoE Bank Rate moved from 4.25% to 4.0%,rates;monetary_policy;politics_macro,2026-08-10
64aff1c905b7a1ed,04 May -01,boe_bank_rate_events,"https://www.bankofengland.co.uk/boeapps/database/_iadb-fromshowcolumns.asp?csv.x=yes&Datefrom=01/Jan/2015&Dateto=now&SeriesCodes=IUDBEDR,IUMBV34,IUMBV37,IUMBV42,IUMBV45,IUM2WTL,IUM5WTL,IUMTLMV&UsingCodes=Y&VPD=Y&VFD=N","https://www.bankofengland.co.uk/boeapps/database/_iadb-fromshowcolumns.asp?csv.x=yes&Datefrom=01/Jan/2015&Dateto=now&SeriesCodes=IUDBEDR,IUMBV34,IUMBV37,IUMBV42,IUMBV45,IUM2WTL,IUM5WTL,IUMTLMV&UsingCodes=Y&VPD=Y&VFD=N",Bank Rate changed to 4.25%,BoE Bank Rate moved from 3.75% to 4.25%,rates;monetary_policy;politics_macro,2026-08-10
d0f321f96d07c12b,04 Jun -01,boe_bank_rate_events,"https://www.bankofengland.co.uk/boeapps/database/_iadb-fromshowcolumns.asp?csv.x=yes&Datefrom=01/Jan/2015&Dateto=now&SeriesCodes=IUDBEDR,IUMBV34,IUMBV37,IUMBV42,IUMBV45,IUM2WTL,IUM5WTL,IUMTLMV&UsingCodes=Y&VPD=Y&VFD=N","https://www.bankofengland.co.uk/boeapps/database/_iadb-fromshowcolumns.asp?csv.x=yes&Datefrom=01/Jan/2015&Dateto=now&SeriesCodes=IUDBEDR,IUMBV34,IUMBV37,IUMBV42,IUMBV45,IUM2WTL,IUM5WTL,IUMTLMV&UsingCodes=Y&VPD=Y&VFD=N",Bank Rate changed to 3.75%,BoE Bank Rate moved from 4.25% to 3.75%,rates;monetary_policy;politics_macro,2026-08-10
7b5b17e7956a0c27,04 Jul -01,boe_bank_rate_events,"https://www.bankofengland.co.uk/boeapps/database/_iadb-fromshowcolumns.asp?csv.x=yes&Datefrom=01/Jan/2015&Dateto=now&SeriesCodes=IUDBEDR,IUMBV34,IUMBV37,IUMBV42,IUMBV45,IUM2WTL,IUM5WTL,IUMTLMV&UsingCodes=Y&VPD=Y&VFD=N","https://www.bankofengland.co.uk/boeapps/database/_iadb-fromshowcolumns.asp?csv.x=yes&Datefrom=01/Jan/2015&Dateto=now&SeriesCodes=IUDBEDR,IUMBV34,IUMBV37,IUMBV42,IUMBV45,IUM2WTL,IUM5WTL,IUMTLMV&UsingCodes=Y&VPD=Y&VFD=N",Bank Rate changed to 4.25%,BoE Bank Rate moved from 5.25% to 4.25%,rates;monetary_policy;politics_macro,2026-08-10
15045a7333e1474b,04 Jan -01,boe_bank_rate_events,"https://www.bankofengland.co.uk/boeapps/database/_iadb-fromshowcolumns.asp?csv.x=yes&Datefrom=01/Jan/2015&Dateto=now&SeriesCodes=IUDBEDR,IUMBV34,IUMBV37,IUMBV42,IUMBV45,IUM2WTL,IUM5WTL,IUMTLMV&UsingCodes=Y&VPD=Y&VFD=N","https://www.bankofengland.co.uk/boeapps/database/_iadb-fromshowcolumns.asp?csv.x=yes&Datefrom=01/Jan/2015&Dateto=now&SeriesCodes=IUDBEDR,IUMBV34,IUMBV37,IUMBV42,IUMBV45,IUM2WTL,IUM5WTL,IUMTLMV&UsingCodes=Y&VPD=Y&VFD=N",Bank Rate changed to 5.25%,BoE Bank Rate moved from 3.75% to 5.25%,rates;monetary_policy;politics_macro,2026-08-10
45633a68c8b4c904,04 Feb -01,boe_bank_rate_events,"https://www.bankofengland.co.uk/boeapps/database/_iadb-fromshowcolumns.asp?csv.x=yes&Datefrom=01/Jan/2015&Dateto=now&SeriesCodes=IUDBEDR,IUMBV34,IUMBV37,IUMBV42,IUMBV45,IUM2WTL,IUM5WTL,IUMTLMV&UsingCodes=Y&VPD=Y&VFD=N","https://www.bankofengland.co.uk/boeapps/database/_iadb-fromshowcolumns.asp?csv.x=yes&Datefrom=01/Jan/2015&Dateto=now&SeriesCodes=IUDBEDR,IUMBV34,IUMBV37,IUMBV42,IUMBV45,IUM2WTL,IUM5WTL,IUMTLMV&UsingCodes=Y&VPD=Y&VFD=N",Bank Rate changed to 3.75%,BoE Bank Rate moved from 4.0% to 3.75%,rates;monetary_policy;politics_macro,2026-08-10
dfa3e725bcf1f8a2,04 Dec -01,boe_bank_rate_events,"https://www.bankofengland.co.uk/boeapps/database/_iadb-fromshowcolumns.asp?csv.x=yes&Datefrom=01/Jan/2015&Dateto=now&SeriesCodes=IUDBEDR,IUMBV34,IUMBV37,IUMBV42,IUMBV45,IUM2WTL,IUM5WTL,IUMTLMV&UsingCodes=Y&VPD=Y&VFD=N","https://www.bankofengland.co.uk/boeapps/database/_iadb-fromshowcolumns.asp?csv.x=yes&Datefrom=01/Jan/2015&Dateto=now&SeriesCodes=IUDBEDR,IUMBV34,IUMBV37,IUMBV42,IUMBV45,IUM2WTL,IUM5WTL,IUMTLMV&UsingCodes=Y&VPD=Y&VFD=N",Bank Rate changed to 4.0%,BoE Bank Rate moved from 3.75% to 4.0%,rates;monetary_policy;politics_macro,2026-08-10
8fcfa13ad0916fb7,04 Aug -01,boe_bank_rate_events,"https://www.bankofengland.co.uk/boeapps/database/_iadb-fromshowcolumns.asp?csv.x=yes&Datefrom=01/Jan/2015&Dateto=now&SeriesCodes=IUDBEDR,IUMBV34,IUMBV37,IUMBV42,IUMBV45,IUM2WTL,IUM5WTL,IUMTLMV&UsingCodes=Y&VPD=Y&VFD=N","https://www.bankofengland.co.uk/boeapps/database/_iadb-fromshowcolumns.asp?csv.x=yes&Datefrom=01/Jan/2015&Dateto=now&SeriesCodes=IUDBEDR,IUMBV34,IUMBV37,IUMBV42,IUMBV45,IUM2WTL,IUM5WTL,IUMTLMV&UsingCodes=Y&VPD=Y&VFD=N",Bank Rate changed to 3.75%,BoE Bank Rate moved from 4.5% to 3.75%,rates;monetary_policy;politics_macro,2026-08-10
f7ab6c07a60c5af2,04 Apr -01,boe_bank_rate_events,"https://www.bankofengland.co.uk/boeapps/database/_iadb-fromshowcolumns.asp?csv.x=yes&Datefrom=01/Jan/2015&Dateto=now&SeriesCodes=IUDBEDR,IUMBV34,IUMBV37,IUMBV42,IUMBV45,IUM2WTL,IUM5WTL,IUMTLMV&UsingCodes=Y&VPD=Y&VFD=N","https://www.bankofengland.co.uk/boeapps/database/_iadb-fromshowcolumns.asp?csv.x=yes&Datefrom=01/Jan/2015&Dateto=now&SeriesCodes=IUDBEDR,IUMBV34,IUMBV37,IUMBV42,IUMBV45,IUM2WTL,IUM5WTL,IUMTLMV&UsingCodes=Y&VPD=Y&VFD=N",Bank Rate changed to 4.5%,BoE Bank Rate moved from 4.0% to 4.5%,rates;monetary_policy;politics_macro,2026-08-10
d895d06412ee794e,03 Nov -01,boe_bank_rate_events,"https://www.bankofengland.co.uk/boeapps/database/_iadb-fromshowcolumns.asp?csv.x=yes&Datefrom=01/Jan/2015&Dateto=now&SeriesCodes=IUDBEDR,IUMBV34,IUMBV37,IUMBV42,IUMBV45,IUM2WTL,IUM5WTL,IUMTLMV&UsingCodes=Y&VPD=Y&VFD=N","https://www.bankofengland.co.uk/boeapps/database/_iadb-fromshowcolumns.asp?csv.x=yes&Datefrom=01/Jan/2015&Dateto=now&SeriesCodes=IUDBEDR,IUMBV34,IUMBV37,IUMBV42,IUMBV45,IUM2WTL,IUM5WTL,IUMTLMV&UsingCodes=Y&VPD=Y&VFD=N",Bank Rate changed to 4.0%,BoE Bank Rate moved from 5.25% to 4.0%,rates;monetary_policy;politics_macro,2026-08-10
b853ec7293901e8c,03 May -01,boe_bank_rate_events,"https://www.bankofengland.co.uk/boeapps/database/_iadb-fromshowcolumns.asp?csv.x=yes&Datefrom=01/Jan/2015&Dateto=now&SeriesCodes=IUDBEDR,IUMBV34,IUMBV37,IUMBV42,IUMBV45,IUM2WTL,IUM5WTL,IUMTLMV&UsingCodes=Y&VPD=Y&VFD=N","https://www.bankofengland.co.uk/boeapps/database/_iadb-fromshowcolumns.asp?csv.x=yes&Datefrom=01/Jan/2015&Dateto=now&SeriesCodes=IUDBEDR,IUMBV34,IUMBV37,IUMBV42,IUMBV45,IUM2WTL,IUM5WTL,IUMTLMV&UsingCodes=Y&VPD=Y&VFD=N",Bank Rate changed to 5.25%,BoE Bank Rate moved from 3.75% to 5.25%,rates;monetary_policy;politics_macro,2026-08-10
d052d6f146c718bc,03 Jul -01,boe_bank_rate_events,"https://www.bankofengland.co.uk/boeapps/database/_iadb-fromshowcolumns.asp?csv.x=yes&Datefrom=01/Jan/2015&Dateto=now&SeriesCodes=IUDBEDR,IUMBV34,IUMBV37,IUMBV42,IUMBV45,IUM2WTL,IUM5WTL,IUMTLMV&UsingCodes=Y&VPD=Y&VFD=N","https://www.bankofengland.co.uk/boeapps/database/_iadb-fromshowcolumns.asp?csv.x=yes&Datefrom=01/Jan/2015&Dateto=now&SeriesCodes=IUDBEDR,IUMBV34,IUMBV37,IUMBV42,IUMBV45,IUM2WTL,IUM5WTL,IUMTLMV&UsingCodes=Y&VPD=Y&VFD=N",Bank Rate changed to 3.75%,BoE Bank Rate moved from 4.75% to 3.75%,rates;monetary_policy;politics_macro,2026-08-10
92c1452ec1a1f183,03 Jan -01,boe_bank_rate_events,"https://www.bankofengland.co.uk/boeapps/database/_iadb-fromshowcolumns.asp?csv.x=yes&Datefrom=01/Jan/2015&Dateto=now&SeriesCodes=IUDBEDR,IUMBV34,IUMBV37,IUMBV42,IUMBV45,IUM2WTL,IUM5WTL,IUMTLMV&UsingCodes=Y&VPD=Y&VFD=N","https://www.bankofengland.co.uk/boeapps/database/_iadb-fromshowcolumns.asp?csv.x=yes&Datefrom=01/Jan/2015&Dateto=now&SeriesCodes=IUDBEDR,IUMBV34,IUMBV37,IUMBV42,IUMBV45,IUM2WTL,IUM5WTL,IUMTLMV&UsingCodes=Y&VPD=Y&VFD=N",Bank Rate changed to 4.75%,BoE Bank Rate moved from 3.75% to 4.75%,rates;monetary_policy;politics_macro,2026-08-10
b3803ae405984e68,03 Feb -01,boe_bank_rate_events,"https://www.bankofengland.co.uk/boeapps/database/_iadb-fromshowcolumns.asp?csv.x=yes&Datefrom=01/Jan/2015&Dateto=now&SeriesCodes=IUDBEDR,IUMBV34,IUMBV37,IUMBV42,IUMBV45,IUM2WTL,IUM5WTL,IUMTLMV&UsingCodes=Y&VPD=Y&VFD=N","https://www.bankofengland.co.uk/boeapps/database/_iadb-fromshowcolumns.asp?csv.x=yes&Datefrom=01/Jan/2015&Dateto=now&SeriesCodes=IUDBEDR,IUMBV34,IUMBV37,IUMBV42,IUMBV45,IUM2WTL,IUM5WTL,IUMTLMV&UsingCodes=Y&VPD=Y&VFD=N",Bank Rate changed to 3.75%,BoE Bank Rate moved from 4.0% to 3.75%,rates;monetary_policy;politics_macro,2026-08-10
e4f44a2a15a96985,03 Dec -01,boe_bank_rate_events,"https://www.bankofengland.co.uk/boeapps/database/_iadb-fromshowcolumns.asp?csv.x=yes&Datefrom=01/Jan/2015&Dateto=now&SeriesCodes=IUDBEDR,IUMBV34,IUMBV37,IUMBV42,IUMBV45,IUM2WTL,IUM5WTL,IUMTLMV&UsingCodes=Y&VPD=Y&VFD=N","https://www.bankofengland.co.uk/boeapps/database/_iadb-fromshowcolumns.asp?csv.x=yes&Datefrom=01/Jan/2015&Dateto=now&SeriesCodes=IUDBEDR,IUMBV34,IUMBV37,IUMBV42,IUMBV45,IUM2WTL,IUM5WTL,IUMTLMV&UsingCodes=Y&VPD=Y&VFD=N",Bank Rate changed to 4.0%,BoE Bank Rate moved from 3.75% to 4.0%,rates;monetary_policy;politics_macro,2026-08-10
b192aab20d35c843,03 Aug -01,boe_bank_rate_events,"https://www.bankofengland.co.uk/boeapps/database/_iadb-fromshowcolumns.asp?csv.x=yes&Datefrom=01/Jan/2015&Dateto=now&SeriesCodes=IUDBEDR,IUMBV34,IUMBV37,IUMBV42,IUMBV45,IUM2WTL,IUM5WTL,IUMTLMV&UsingCodes=Y&VPD=Y&VFD=N","https://www.bankofengland.co.uk/boeapps/database/_iadb-fromshowcolumns.asp?csv.x=yes&Datefrom=01/Jan/2015&Dateto=now&SeriesCodes=IUDBEDR,IUMBV34,IUMBV37,IUMBV42,IUMBV45,IUM2WTL,IUM5WTL,IUMTLMV&UsingCodes=Y&VPD=Y&VFD=N",Bank Rate changed to 3.75%,BoE Bank Rate moved from 4.5% to 3.75%,rates;monetary_policy;politics_macro,2026-08-10
46aacf099e7176ca,03 Apr -01,boe_bank_rate_events,"https://www.bankofengland.co.uk/boeapps/database/_iadb-fromshowcolumns.asp?csv.x=yes&Datefrom=01/Jan/2015&Dateto=now&SeriesCodes=IUDBEDR,IUMBV34,IUMBV37,IUMBV42,IUMBV45,IUM2WTL,IUM5WTL,IUMTLMV&UsingCodes=Y&VPD=Y&VFD=N","https://www.bankofengland.co.uk/boeapps/database/_iadb-fromshowcolumns.asp?csv.x=yes&Datefrom=01/Jan/2015&Dateto=now&SeriesCodes=IUDBEDR,IUMBV34,IUMBV37,IUMBV42,IUMBV45,IUM2WTL,IUM5WTL,IUMTLMV&UsingCodes=Y&VPD=Y&VFD=N",Bank Rate changed to 4.5%,BoE Bank Rate moved from 4.0% to 4.5%,rates;monetary_policy;politics_macro,2026-08-10
759bdeeb4a946d72,02 Oct -01,boe_bank_rate_events,"https://www.bankofengland.co.uk/boeapps/database/_iadb-fromshowcolumns.asp?csv.x=yes&Datefrom=01/Jan/2015&Dateto=now&SeriesCodes=IUDBEDR,IUMBV34,IUMBV37,IUMBV42,IUMBV45,IUM2WTL,IUM5WTL,IUMTLMV&UsingCodes=Y&VPD=Y&VFD=N","https://www.bankofengland.co.uk/boeapps/database/_iadb-fromshowcolumns.asp?csv.x=yes&Datefrom=01/Jan/2015&Dateto=now&SeriesCodes=IUDBEDR,IUMBV34,IUMBV37,IUMBV42,IUMBV45,IUM2WTL,IUM5WTL,IUMTLMV&UsingCodes=Y&VPD=Y&VFD=N",Bank Rate changed to 4.0%,BoE Bank Rate moved from 5.25% to 4.0%,rates;monetary_policy;politics_macro,2026-08-10
f90451b498f55181,02 Nov -01,boe_bank_rate_events,"https://www.bankofengland.co.uk/boeapps/database/_iadb-fromshowcolumns.asp?csv.x=yes&Datefrom=01/Jan/2015&Dateto=now&SeriesCodes=IUDBEDR,IUMBV34,IUMBV37,IUMBV42,IUMBV45,IUM2WTL,IUM5WTL,IUMTLMV&UsingCodes=Y&VPD=Y&VFD=N","https://www.bankofengland.co.uk/boeapps/database/_iadb-fromshowcolumns.asp?csv.x=yes&Datefrom=01/Jan/2015&Dateto=now&SeriesCodes=IUDBEDR,IUMBV34,IUMBV37,IUMBV42,IUMBV45,IUM2WTL,IUM5WTL,IUMTLMV&UsingCodes=Y&VPD=Y&VFD=N",Bank Rate changed to 5.25%,BoE Bank Rate moved from 4.5% to 5.25%,rates;monetary_policy;politics_macro,2026-08-10
d881d8632a6be225,02 May -01,boe_bank_rate_events,"https://www.bankofengland.co.uk/boeapps/database/_iadb-fromshowcolumns.asp?csv.x=yes&Datefrom=01/Jan/2015&Dateto=now&SeriesCodes=IUDBEDR,IUMBV34,IUMBV37,IUMBV42,IUMBV45,IUM2WTL,IUM5WTL,IUMTLMV&UsingCodes=Y&VPD=Y&VFD=N","https://www.bankofengland.co.uk/boeapps/database/_iadb-fromshowcolumns.asp?csv.x=yes&Datefrom=01/Jan/2015&Dateto=now&SeriesCodes=IUDBEDR,IUMBV34,IUMBV37,IUMBV42,IUMBV45,IUM2WTL,IUM5WTL,IUMTLMV&UsingCodes=Y&VPD=Y&VFD=N",Bank Rate changed to 4.5%,BoE Bank Rate moved from 3.75% to 4.5%,rates;monetary_policy;politics_macro,2026-08-10
0b62cf75f0646c54,02 Feb -01,boe_bank_rate_events,"https://www.bankofengland.co.uk/boeapps/database/_iadb-fromshowcolumns.asp?csv.x=yes&Datefrom=01/Jan/2015&Dateto=now&SeriesCodes=IUDBEDR,IUMBV34,IUMBV37,IUMBV42,IUMBV45,IUM2WTL,IUM5WTL,IUMTLMV&UsingCodes=Y&VPD=Y&VFD=N","https://www.bankofengland.co.uk/boeapps/database/_iadb-fromshowcolumns.asp?csv.x=yes&Datefrom=01/Jan/2015&Dateto=now&SeriesCodes=IUDBEDR,IUMBV34,IUMBV37,IUMBV42,IUMBV45,IUM2WTL,IUM5WTL,IUMTLMV&UsingCodes=Y&VPD=Y&VFD=N",Bank Rate changed to 3.75%,BoE Bank Rate moved from 4.0% to 3.75%,rates;monetary_policy;politics_macro,2026-08-10
313a663f44a93f9c,02 Dec -01,boe_bank_rate_events,"https://www.bankofengland.co.uk/boeapps/database/_iadb-fromshowcolumns.asp?csv.x=yes&Datefrom=01/Jan/2015&Dateto=now&SeriesCodes=IUDBEDR,IUMBV34,IUMBV37,IUMBV42,IUMBV45,IUM2WTL,IUM5WTL,IUMTLMV&UsingCodes=Y&VPD=Y&VFD=N","https://www.bankofengland.co.uk/boeapps/database/_iadb-fromshowcolumns.asp?csv.x=yes&Datefrom=01/Jan/2015&Dateto=now&SeriesCodes=IUDBEDR,IUMBV34,IUMBV37,IUMBV42,IUMBV45,IUM2WTL,IUM5WTL,IUMTLMV&UsingCodes=Y&VPD=Y&VFD=N",Bank Rate changed to 4.0%,BoE Bank Rate moved from 5.0% to 4.0%,rates;monetary_policy;politics_macro,2026-08-10
f74734f152a0e1d0,02 Aug -01,boe_bank_rate_events,"https://www.bankofengland.co.uk/boeapps/database/_iadb-fromshowcolumns.asp?csv.x=yes&Datefrom=01/Jan/2015&Dateto=now&SeriesCodes=IUDBEDR,IUMBV34,IUMBV37,IUMBV42,IUMBV45,IUM2WTL,IUM5WTL,IUMTLMV&UsingCodes=Y&VPD=Y&VFD=N","https://www.bankofengland.co.uk/boeapps/database/_iadb-fromshowcolumns.asp?csv.x=yes&Datefrom=01/Jan/2015&Dateto=now&SeriesCodes=IUDBEDR,IUMBV34,IUMBV37,IUMBV42,IUMBV45,IUM2WTL,IUM5WTL,IUMTLMV&UsingCodes=Y&VPD=Y&VFD=N",Bank Rate changed to 5.0%,BoE Bank Rate moved from 3.75% to 5.0%,rates;monetary_policy;politics_macro,2026-08-10
b9ab48641f71662e,02 Apr -01,boe_bank_rate_events,"https://www.bankofengland.co.uk/boeapps/database/_iadb-fromshowcolumns.asp?csv.x=yes&Datefrom=01/Jan/2015&Dateto=now&SeriesCodes=IUDBEDR,IUMBV34,IUMBV37,IUMBV42,IUMBV45,IUM2WTL,IUM5WTL,IUMTLMV&UsingCodes=Y&VPD=Y&VFD=N","https://www.bankofengland.co.uk/boeapps/database/_iadb-fromshowcolumns.asp?csv.x=yes&Datefrom=01/Jan/2015&Dateto=now&SeriesCodes=IUDBEDR,IUMBV34,IUMBV37,IUMBV42,IUMBV45,IUM2WTL,IUM5WTL,IUMTLMV&UsingCodes=Y&VPD=Y&VFD=N",Bank Rate changed to 3.75%,BoE Bank Rate moved from 4.0% to 3.75%,rates;monetary_policy;politics_macro,2026-08-10
657e2c9c56a1cded,01 Oct -01,boe_bank_rate_events,"https://www.bankofengland.co.uk/boeapps/database/_iadb-fromshowcolumns.asp?csv.x=yes&Datefrom=01/Jan/2015&Dateto=now&SeriesCodes=IUDBEDR,IUMBV34,IUMBV37,IUMBV42,IUMBV45,IUM2WTL,IUM5WTL,IUMTLMV&UsingCodes=Y&VPD=Y&VFD=N","https://www.bankofengland.co.uk/boeapps/database/_iadb-fromshowcolumns.asp?csv.x=yes&Datefrom=01/Jan/2015&Dateto=now&SeriesCodes=IUDBEDR,IUMBV34,IUMBV37,IUMBV42,IUMBV45,IUM2WTL,IUM5WTL,IUMTLMV&UsingCodes=Y&VPD=Y&VFD=N",Bank Rate changed to 4.0%,BoE Bank Rate moved from 5.0% to 4.0%,rates;monetary_policy;politics_macro,2026-08-10
94f69bc9e00d4a8f,01 Nov -01,boe_bank_rate_events,"https://www.bankofengland.co.uk/boeapps/database/_iadb-fromshowcolumns.asp?csv.x=yes&Datefrom=01/Jan/2015&Dateto=now&SeriesCodes=IUDBEDR,IUMBV34,IUMBV37,IUMBV42,IUMBV45,IUM2WTL,IUM5WTL,IUMTLMV&UsingCodes=Y&VPD=Y&VFD=N","https://www.bankofengland.co.uk/boeapps/database/_iadb-fromshowcolumns.asp?csv.x=yes&Datefrom=01/Jan/2015&Dateto=now&SeriesCodes=IUDBEDR,IUMBV34,IUMBV37,IUMBV42,IUMBV45,IUM2WTL,IUM5WTL,IUMTLMV&UsingCodes=Y&VPD=Y&VFD=N",Bank Rate changed to 5.0%,BoE Bank Rate moved from 3.75% to 5.0%,rates;monetary_policy;politics_macro,2026-08-10
3519607ade106580,01 May -01,boe_bank_rate_events,"https://www.bankofengland.co.uk/boeapps/database/_iadb-fromshowcolumns.asp?csv.x=yes&Datefrom=01/Jan/2015&Dateto=now&SeriesCodes=IUDBEDR,IUMBV34,IUMBV37,IUMBV42,IUMBV45,IUM2WTL,IUM5WTL,IUMTLMV&UsingCodes=Y&VPD=Y&VFD=N","https://www.bankofengland.co.uk/boeapps/database/_iadb-fromshowcolumns.asp?csv.x=yes&Datefrom=01/Jan/2015&Dateto=now&SeriesCodes=IUDBEDR,IUMBV34,IUMBV37,IUMBV42,IUMBV45,IUM2WTL,IUM5WTL,IUMTLMV&UsingCodes=Y&VPD=Y&VFD=N",Bank Rate changed to 3.75%,BoE Bank Rate moved from 5.25% to 3.75%,rates;monetary_policy;politics_macro,2026-08-10
aacecd325ddf36e0,01 Mar -01,boe_bank_rate_events,"https://www.bankofengland.co.uk/boeapps/database/_iadb-fromshowcolumns.asp?csv.x=yes&Datefrom=01/Jan/2015&Dateto=now&SeriesCodes=IUDBEDR,IUMBV34,IUMBV37,IUMBV42,IUMBV45,IUM2WTL,IUM5WTL,IUMTLMV&UsingCodes=Y&VPD=Y&VFD=N","https://www.bankofengland.co.uk/boeapps/database/_iadb-fromshowcolumns.asp?csv.x=yes&Datefrom=01/Jan/2015&Dateto=now&SeriesCodes=IUDBEDR,IUMBV34,IUMBV37,IUMBV42,IUMBV45,IUM2WTL,IUM5WTL,IUMTLMV&UsingCodes=Y&VPD=Y&VFD=N",Bank Rate changed to 5.25%,BoE Bank Rate moved from 3.75% to 5.25%,rates;monetary_policy;politics_macro,2026-08-10
32afb4aa6b227816,01 Jul -01,boe_bank_rate_events,"https://www.bankofengland.co.uk/boeapps/database/_iadb-fromshowcolumns.asp?csv.x=yes&Datefrom=01/Jan/2015&Dateto=now&SeriesCodes=IUDBEDR,IUMBV34,IUMBV37,IUMBV42,IUMBV45,IUM2WTL,IUM5WTL,IUMTLMV&UsingCodes=Y&VPD=Y&VFD=N","https://www.bankofengland.co.uk/boeapps/database/_iadb-fromshowcolumns.asp?csv.x=yes&Datefrom=01/Jan/2015&Dateto=now&SeriesCodes=IUDBEDR,IUMBV34,IUMBV37,IUMBV42,IUMBV45,IUM2WTL,IUM5WTL,IUMTLMV&UsingCodes=Y&VPD=Y&VFD=N",Bank Rate changed to 3.75%,BoE Bank Rate moved from 5.25% to 3.75%,rates;monetary_policy;politics_macro,2026-08-10
6613d6406543e73c,01 Feb -01,boe_bank_rate_events,"https://www.bankofengland.co.uk/boeapps/database/_iadb-fromshowcolumns.asp?csv.x=yes&Datefrom=01/Jan/2015&Dateto=now&SeriesCodes=IUDBEDR,IUMBV34,IUMBV37,IUMBV42,IUMBV45,IUM2WTL,IUM5WTL,IUMTLMV&UsingCodes=Y&VPD=Y&VFD=N","https://www.bankofengland.co.uk/boeapps/database/_iadb-fromshowcolumns.asp?csv.x=yes&Datefrom=01/Jan/2015&Dateto=now&SeriesCodes=IUDBEDR,IUMBV34,IUMBV37,IUMBV42,IUMBV45,IUM2WTL,IUM5WTL,IUMTLMV&UsingCodes=Y&VPD=Y&VFD=N",Bank Rate changed to 5.25%,BoE Bank Rate moved from 4.0% to 5.25%,rates;monetary_policy;politics_macro,2026-08-10
53b80c0c60513401,01 Dec -01,boe_bank_rate_events,"https://www.bankofengland.co.uk/boeapps/database/_iadb-fromshowcolumns.asp?csv.x=yes&Datefrom=01/Jan/2015&Dateto=now&SeriesCodes=IUDBEDR,IUMBV34,IUMBV37,IUMBV42,IUMBV45,IUM2WTL,IUM5WTL,IUMTLMV&UsingCodes=Y&VPD=Y&VFD=N","https://www.bankofengland.co.uk/boeapps/database/_iadb-fromshowcolumns.asp?csv.x=yes&Datefrom=01/Jan/2015&Dateto=now&SeriesCodes=IUDBEDR,IUMBV34,IUMBV37,IUMBV42,IUMBV45,IUM2WTL,IUM5WTL,IUMTLMV&UsingCodes=Y&VPD=Y&VFD=N",Bank Rate changed to 4.0%,BoE Bank Rate moved from 4.25% to 4.0%,rates;monetary_policy;politics_macro,2026-08-10
28be0303ccfddd7e,01 Aug -01,boe_bank_rate_events,"https://www.bankofengland.co.uk/boeapps/database/_iadb-fromshowcolumns.asp?csv.x=yes&Datefrom=01/Jan/2015&Dateto=now&SeriesCodes=IUDBEDR,IUMBV34,IUMBV37,IUMBV42,IUMBV45,IUM2WTL,IUM5WTL,IUMTLMV&UsingCodes=Y&VPD=Y&VFD=N","https://www.bankofengland.co.uk/boeapps/database/_iadb-fromshowcolumns.asp?csv.x=yes&Datefrom=01/Jan/2015&Dateto=now&SeriesCodes=IUDBEDR,IUMBV34,IUMBV37,IUMBV42,IUMBV45,IUM2WTL,IUM5WTL,IUMTLMV&UsingCodes=Y&VPD=Y&VFD=N",Bank Rate changed to 4.25%,BoE Bank Rate moved from 3.75% to 4.25%,rates;monetary_policy;politics_macro,2026-08-10
